Bundling 6%
Bundling 19%
Bundling 65%
Bundling 71%
Bundling 76%
Bundling 81%
Bundling 87%
Bundling 92%
Bundling 98%
Bundling 100%
Copying public dir 11.5 MB
Copying public dir 22.4 MB
Copying public dir 46.9 MB
Copying public dir 65.6 MB
Copying public dir 76.5 MB
Copying public dir 78.1 MB
Copying public dir 84.6 MB
Copying public dir 97.2 MB
Copying public dir 99.1 MB
Copying public dir 119.9 MB
Copying public dir 128.9 MB
Copying public dir 140 MB
Copying public dir 150.8 MB
Copying public dir 161.6 MB
Copying public dir 165.3 MB
Copying public dir 171.6 MB
Copying public dir 185 MB
Copying public dir 195.9 MB
Copying public dir 200.9 MB
Copying public dir 225.6 MB
Copying public dir 230.7 MB
Copying public dir 233.4 MB
Copying public dir 245.1 MB
Copying public dir 245.3 MB
Copying public dir 256.7 MB
Copying public dir 263.9 MB
Copying public dir 276.3 MB
Copying public dir 287.5 MB
Copying public dir 290.6 MB
Copying public dir 291 MB
Copying public dir 292.4 MB
Copying public dir 335.4 MB
Copying public dir 336.7 MB
Copying public dir 349 MB
Copying public dir 351.4 MB
Copying public dir 362.1 MB
Copying public dir 363.1 MB
Copying public dir 376.1 MB
Copying public dir 378.6 MB
Copying public dir 389.6 MB
Getting composition
Composition          UpstreamMinimalFilm
Codec                h264
Output               /Users/aaronguo/Work/ag/aaron-studio/src/content/blogs/2026-09-07-code-upstream/video-production/v5/silent.mp4
Concurrency          4x
Rendered 0/14425
Rendered 1/14425, time remaining: 30m 46s
Rendered 2/14425, time remaining: 16m 20s
Rendered 3/14425, time remaining: 11m 41s
Rendered 4/14425, time remaining: 9m 15s
Rendered 5/14425, time remaining: 8m 21s
Rendered 6/14425, time remaining: 7m 24s
Rendered 7/14425, time remaining: 6m 35s
Rendered 8/14425, time remaining: 6m 0s
Rendered 9/14425, time remaining: 6m 3s
Rendered 10/14425, time remaining: 5m 38s
Rendered 11/14425, time remaining: 5m 17s
Rendered 12/14425, time remaining: 5m 0s
Rendered 13/14425, time remaining: 5m 8s
Rendered 14/14425, time remaining: 4m 53s
Rendered 15/14425, time remaining: 4m 44s
Rendered 16/14425, time remaining: 4m 33s
Rendered 17/14425, time remaining: 4m 35s
Rendered 18/14425, time remaining: 4m 26s
Rendered 19/14425, time remaining: 4m 20s
Rendered 20/14425, time remaining: 4m 13s
Rendered 21/14425, time remaining: 4m 17s
Rendered 22/14425, time remaining: 4m 11s
Rendered 23/14425, time remaining: 4m 7s
Rendered 24/14425, time remaining: 4m 1s
Rendered 25/14425, time remaining: 4m 6s
Rendered 26/14425, time remaining: 4m 1s
Rendered 27/14425, time remaining: 3m 56s
Rendered 28/14425, time remaining: 3m 52s
Rendered 29/14425, time remaining: 3m 59s
Rendered 30/14425, time remaining: 3m 55s
Rendered 31/14425, time remaining: 3m 51s
Rendered 32/14425, time remaining: 3m 47s
Rendered 33/14425, time remaining: 3m 52s
Rendered 34/14425, time remaining: 3m 48s
Rendered 35/14425, time remaining: 3m 46s
Rendered 36/14425, time remaining: 3m 43s
Rendered 37/14425, time remaining: 3m 47s
Rendered 38/14425, time remaining: 3m 44s
Rendered 39/14425, time remaining: 3m 41s
Rendered 40/14425, time remaining: 3m 38s
Rendered 41/14425, time remaining: 3m 43s
Rendered 42/14425, time remaining: 3m 40s
Rendered 43/14425, time remaining: 3m 39s
Rendered 44/14425, time remaining: 3m 36s
Rendered 45/14425, time remaining: 3m 41s
Rendered 46/14425, time remaining: 3m 38s
Rendered 47/14425, time remaining: 3m 36s
Rendered 48/14425, time remaining: 3m 34s
Rendered 49/14425, time remaining: 3m 40s
Rendered 50/14425, time remaining: 3m 37s
Rendered 51/14425, time remaining: 3m 35s
Rendered 52/14425, time remaining: 3m 33s
Rendered 53/14425, time remaining: 3m 36s
Rendered 54/14425, time remaining: 3m 34s
Rendered 55/14425, time remaining: 3m 32s
Rendered 56/14425, time remaining: 3m 31s
Rendered 57/14425, time remaining: 3m 34s
Rendered 58/14425, time remaining: 3m 32s
Rendered 59/14425, time remaining: 3m 30s
Rendered 60/14425, time remaining: 3m 29s
Rendered 61/14425, time remaining: 3m 30s
Rendered 62/14425, time remaining: 3m 29s
Rendered 63/14425, time remaining: 3m 27s
Rendered 64/14425, time remaining: 3m 26s
Rendered 65/14425, time remaining: 3m 29s
Rendered 66/14425, time remaining: 3m 27s
Rendered 67/14425, time remaining: 3m 26s
Rendered 68/14425, time remaining: 3m 25s
Rendered 69/14425, time remaining: 3m 28s
Rendered 70/14425, time remaining: 3m 26s
Rendered 70/14425, time remaining: 3m 26s
Rendered 71/14425, time remaining: 3m 25s
Rendered 72/14425, time remaining: 3m 23s
Rendered 73/14425, time remaining: 3m 26s
Rendered 74/14425, time remaining: 3m 25s
Rendered 75/14425, time remaining: 3m 24s
Rendered 76/14425, time remaining: 3m 23s
Rendered 77/14425, time remaining: 3m 24s
Rendered 78/14425, time remaining: 3m 23s
Rendered 79/14425, time remaining: 3m 22s
Rendered 80/14425, time remaining: 3m 21s
Rendered 81/14425, time remaining: 3m 23s
Rendered 82/14425, time remaining: 3m 22s
Rendered 83/14425, time remaining: 3m 21s
Rendered 84/14425, time remaining: 3m 20s
Rendered 85/14425, time remaining: 3m 23s
Rendered 86/14425, time remaining: 3m 22s
Rendered 87/14425, time remaining: 3m 20s
Rendered 88/14425, time remaining: 3m 19s
Rendered 89/14425, time remaining: 3m 21s
Rendered 90/14425, time remaining: 3m 20s
Rendered 91/14425, time remaining: 3m 19s
Rendered 92/14425, time remaining: 3m 18s
Rendered 93/14425, time remaining: 3m 20s
Rendered 94/14425, time remaining: 3m 19s
Rendered 95/14425, time remaining: 3m 18s
Rendered 96/14425, time remaining: 3m 17s
Rendered 97/14425, time remaining: 3m 16s
Rendered 98/14425, time remaining: 3m 15s
Rendered 99/14425, time remaining: 3m 15s
Rendered 100/14425, time remaining: 3m 14s
Rendered 101/14425, time remaining: 3m 13s
Rendered 102/14425, time remaining: 3m 12s
Rendered 103/14425, time remaining: 3m 13s
Rendered 104/14425, time remaining: 3m 11s
Rendered 105/14425, time remaining: 3m 10s
Rendered 106/14425, time remaining: 3m 9s
Rendered 107/14425, time remaining: 3m 10s
Rendered 108/14425, time remaining: 3m 9s
Rendered 109/14425, time remaining: 3m 8s
Rendered 110/14425, time remaining: 3m 7s
Rendered 111/14425, time remaining: 3m 8s
Rendered 112/14425, time remaining: 3m 7s
Rendered 113/14425, time remaining: 3m 6s
Rendered 114/14425, time remaining: 3m 5s
Rendered 115/14425, time remaining: 3m 6s
Rendered 116/14425, time remaining: 3m 5s
Rendered 117/14425, time remaining: 3m 4s
Rendered 117/14425, time remaining: 3m 4s
Rendered 118/14425, time remaining: 3m 4s
Rendered 119/14425, time remaining: 3m 5s
Rendered 120/14425, time remaining: 3m 4s
Rendered 121/14425, time remaining: 3m 3s
Rendered 122/14425, time remaining: 3m 2s
Rendered 123/14425, time remaining: 3m 3s
Rendered 124/14425, time remaining: 3m 2s
Rendered 125/14425, time remaining: 3m 1s
Rendered 126/14425, time remaining: 3m 0s
Rendered 127/14425, time remaining: 3m 1s
Rendered 128/14425, time remaining: 3m 1s
Rendered 129/14425, time remaining: 3m 0s
Rendered 130/14425, time remaining: 2m 59s
Rendered 131/14425, time remaining: 3m 0s
Rendered 132/14425, time remaining: 2m 59s
Rendered 133/14425, time remaining: 2m 58s
Rendered 134/14425, time remaining: 2m 58s
Rendered 135/14425, time remaining: 2m 59s
Rendered 136/14425, time remaining: 2m 58s
Rendered 137/14425, time remaining: 2m 58s
Rendered 138/14425, time remaining: 2m 57s
Rendered 139/14425, time remaining: 2m 58s
Rendered 140/14425, time remaining: 2m 57s
Rendered 141/14425, time remaining: 2m 56s
Rendered 142/14425, time remaining: 2m 56s
Rendered 143/14425, time remaining: 2m 56s
Rendered 144/14425, time remaining: 2m 56s
Rendered 145/14425, time remaining: 2m 55s
Rendered 146/14425, time remaining: 2m 54s
Rendered 147/14425, time remaining: 2m 55s
Rendered 148/14425, time remaining: 2m 55s
Rendered 149/14425, time remaining: 2m 54s
Rendered 150/14425, time remaining: 2m 53s
Rendered 151/14425, time remaining: 2m 43s
Rendered 152/14425, time remaining: 2m 43s
Rendered 153/14425, time remaining: 2m 42s
Rendered 154/14425, time remaining: 2m 42s
Rendered 155/14425, time remaining: 2m 42s
Rendered 156/14425, time remaining: 2m 42s
Rendered 157/14425, time remaining: 2m 41s
Rendered 158/14425, time remaining: 2m 41s
Rendered 159/14425, time remaining: 2m 41s
Rendered 160/14425, time remaining: 2m 40s
Rendered 161/14425, time remaining: 2m 40s
Rendered 162/14425, time remaining: 2m 40s
Rendered 163/14425, time remaining: 2m 39s
Rendered 164/14425, time remaining: 2m 39s
Rendered 165/14425, time remaining: 2m 39s
Rendered 166/14425, time remaining: 2m 38s
Rendered 167/14425, time remaining: 2m 38s
Rendered 168/14425, time remaining: 2m 38s
Rendered 169/14425, time remaining: 2m 38s
Rendered 170/14425, time remaining: 2m 37s
Rendered 170/14425, time remaining: 2m 37s
Rendered 171/14425, time remaining: 2m 37s
Rendered 172/14425, time remaining: 2m 37s
Rendered 173/14425, time remaining: 2m 36s
Rendered 174/14425, time remaining: 2m 36s
Rendered 175/14425, time remaining: 2m 36s
Rendered 176/14425, time remaining: 2m 35s
Rendered 177/14425, time remaining: 2m 35s
Rendered 178/14425, time remaining: 2m 35s
Rendered 179/14425, time remaining: 2m 34s
Rendered 180/14425, time remaining: 2m 34s
Rendered 181/14425, time remaining: 2m 33s
Rendered 182/14425, time remaining: 2m 33s
Rendered 183/14425, time remaining: 2m 33s
Rendered 184/14425, time remaining: 2m 32s
Rendered 185/14425, time remaining: 2m 32s
Rendered 186/14425, time remaining: 2m 32s
Rendered 187/14425, time remaining: 2m 31s
Rendered 188/14425, time remaining: 2m 31s
Rendered 189/14425, time remaining: 2m 31s
Rendered 190/14425, time remaining: 2m 31s
Rendered 191/14425, time remaining: 2m 30s
Rendered 192/14425, time remaining: 2m 30s
Rendered 193/14425, time remaining: 2m 29s
Rendered 194/14425, time remaining: 2m 29s
Rendered 195/14425, time remaining: 2m 28s
Rendered 196/14425, time remaining: 2m 28s
Rendered 197/14425, time remaining: 2m 28s
Rendered 198/14425, time remaining: 2m 27s
Rendered 199/14425, time remaining: 2m 26s
Rendered 200/14425, time remaining: 2m 26s
Rendered 201/14425, time remaining: 2m 26s
Rendered 202/14425, time remaining: 2m 26s
Rendered 203/14425, time remaining: 2m 25s
Rendered 204/14425, time remaining: 2m 25s
Rendered 205/14425, time remaining: 2m 25s
Rendered 206/14425, time remaining: 2m 24s
Rendered 207/14425, time remaining: 2m 24s
Rendered 208/14425, time remaining: 2m 23s
Rendered 209/14425, time remaining: 2m 23s
Rendered 210/14425, time remaining: 2m 23s
Rendered 211/14425, time remaining: 2m 23s
Rendered 212/14425, time remaining: 2m 22s
Rendered 213/14425, time remaining: 2m 22s
Rendered 214/14425, time remaining: 2m 22s
Rendered 215/14425, time remaining: 2m 22s
Rendered 216/14425, time remaining: 2m 21s
Rendered 217/14425, time remaining: 2m 21s
Rendered 218/14425, time remaining: 2m 21s
Rendered 219/14425, time remaining: 2m 20s
Rendered 220/14425, time remaining: 2m 20s
Rendered 221/14425, time remaining: 2m 20s
Rendered 222/14425, time remaining: 2m 20s
Rendered 223/14425, time remaining: 2m 19s
Rendered 223/14425, time remaining: 2m 19s
Rendered 224/14425, time remaining: 2m 19s
Rendered 225/14425, time remaining: 2m 18s
Rendered 226/14425, time remaining: 2m 18s
Rendered 227/14425, time remaining: 2m 18s
Rendered 228/14425, time remaining: 2m 18s
Rendered 229/14425, time remaining: 2m 17s
Rendered 230/14425, time remaining: 2m 17s
Rendered 231/14425, time remaining: 2m 16s
Rendered 232/14425, time remaining: 2m 16s
Rendered 233/14425, time remaining: 2m 16s
Rendered 234/14425, time remaining: 2m 16s
Rendered 235/14425, time remaining: 2m 15s
Rendered 236/14425, time remaining: 2m 15s
Rendered 237/14425, time remaining: 2m 14s
Rendered 238/14425, time remaining: 2m 14s
Rendered 239/14425, time remaining: 2m 14s
Rendered 240/14425, time remaining: 2m 14s
Rendered 241/14425, time remaining: 2m 13s
Rendered 242/14425, time remaining: 2m 13s
Rendered 243/14425, time remaining: 2m 13s
Rendered 244/14425, time remaining: 2m 13s
Rendered 245/14425, time remaining: 2m 12s
Rendered 246/14425, time remaining: 2m 12s
Rendered 247/14425, time remaining: 2m 13s
Rendered 248/14425, time remaining: 2m 13s
Rendered 249/14425, time remaining: 2m 12s
Rendered 250/14425, time remaining: 2m 12s
Rendered 251/14425, time remaining: 2m 14s
Rendered 252/14425, time remaining: 2m 13s
Rendered 253/14425, time remaining: 2m 12s
Rendered 254/14425, time remaining: 2m 12s
Rendered 255/14425, time remaining: 2m 14s
Rendered 256/14425, time remaining: 2m 14s
Rendered 257/14425, time remaining: 2m 12s
Rendered 258/14425, time remaining: 2m 12s
Rendered 259/14425, time remaining: 2m 14s
Rendered 260/14425, time remaining: 2m 14s
Rendered 261/14425, time remaining: 2m 13s
Rendered 262/14425, time remaining: 2m 13s
Rendered 263/14425, time remaining: 2m 14s
Rendered 264/14425, time remaining: 2m 14s
Rendered 265/14425, time remaining: 2m 13s
Rendered 266/14425, time remaining: 2m 13s
Rendered 267/14425, time remaining: 2m 14s
Rendered 268/14425, time remaining: 2m 13s
Rendered 269/14425, time remaining: 2m 12s
Rendered 270/14425, time remaining: 2m 12s
Rendered 271/14425, time remaining: 2m 13s
Rendered 272/14425, time remaining: 2m 14s
Rendered 273/14425, time remaining: 2m 12s
Rendered 274/14425, time remaining: 2m 12s
Rendered 275/14425, time remaining: 2m 13s
Rendered 276/14425, time remaining: 2m 13s
Rendered 277/14425, time remaining: 2m 12s
Rendered 278/14425, time remaining: 2m 12s
Rendered 278/14425, time remaining: 2m 12s
Rendered 279/14425, time remaining: 2m 14s
Rendered 280/14425, time remaining: 2m 14s
Rendered 281/14425, time remaining: 2m 12s
Rendered 282/14425, time remaining: 2m 12s
Rendered 283/14425, time remaining: 2m 14s
Rendered 284/14425, time remaining: 2m 14s
Rendered 285/14425, time remaining: 2m 12s
Rendered 286/14425, time remaining: 2m 12s
Rendered 287/14425, time remaining: 2m 14s
Rendered 288/14425, time remaining: 2m 14s
Rendered 289/14425, time remaining: 2m 12s
Rendered 290/14425, time remaining: 2m 12s
Rendered 291/14425, time remaining: 2m 14s
Rendered 292/14425, time remaining: 2m 14s
Rendered 293/14425, time remaining: 2m 12s
Rendered 294/14425, time remaining: 2m 12s
Rendered 295/14425, time remaining: 2m 14s
Rendered 296/14425, time remaining: 2m 14s
Rendered 297/14425, time remaining: 2m 12s
Rendered 298/14425, time remaining: 2m 13s
Rendered 299/14425, time remaining: 2m 14s
Rendered 300/14425, time remaining: 2m 14s
Rendered 301/14425, time remaining: 2m 13s
Rendered 302/14425, time remaining: 2m 13s
Rendered 303/14425, time remaining: 2m 14s
Rendered 304/14425, time remaining: 2m 14s
Rendered 305/14425, time remaining: 2m 13s
Rendered 306/14425, time remaining: 2m 13s
Rendered 307/14425, time remaining: 2m 14s
Rendered 308/14425, time remaining: 2m 14s
Rendered 309/14425, time remaining: 2m 13s
Rendered 310/14425, time remaining: 2m 13s
Rendered 311/14425, time remaining: 2m 14s
Rendered 312/14425, time remaining: 2m 14s
Rendered 313/14425, time remaining: 2m 13s
Rendered 314/14425, time remaining: 2m 13s
Rendered 315/14425, time remaining: 2m 14s
Rendered 316/14425, time remaining: 2m 14s
Rendered 317/14425, time remaining: 2m 13s
Rendered 318/14425, time remaining: 2m 13s
Rendered 319/14425, time remaining: 2m 14s
Rendered 320/14425, time remaining: 2m 14s
Rendered 321/14425, time remaining: 2m 13s
Rendered 322/14425, time remaining: 2m 13s
Rendered 323/14425, time remaining: 2m 15s
Rendered 324/14425, time remaining: 2m 14s
Rendered 325/14425, time remaining: 2m 13s
Rendered 326/14425, time remaining: 2m 13s
Rendered 327/14425, time remaining: 2m 15s
Rendered 328/14425, time remaining: 2m 15s
Rendered 328/14425, time remaining: 2m 15s
Rendered 329/14425, time remaining: 2m 13s
Rendered 330/14425, time remaining: 2m 13s
Rendered 331/14425, time remaining: 2m 15s
Rendered 332/14425, time remaining: 2m 15s
Rendered 333/14425, time remaining: 2m 14s
Rendered 334/14425, time remaining: 2m 14s
Rendered 335/14425, time remaining: 2m 15s
Rendered 336/14425, time remaining: 2m 15s
Rendered 337/14425, time remaining: 2m 14s
Rendered 338/14425, time remaining: 2m 14s
Rendered 339/14425, time remaining: 2m 15s
Rendered 340/14425, time remaining: 2m 15s
Rendered 341/14425, time remaining: 2m 14s
Rendered 342/14425, time remaining: 2m 14s
Rendered 343/14425, time remaining: 2m 16s
Rendered 344/14425, time remaining: 2m 16s
Rendered 345/14425, time remaining: 2m 14s
Rendered 346/14425, time remaining: 2m 14s
Rendered 347/14425, time remaining: 2m 16s
Rendered 348/14425, time remaining: 2m 16s
Rendered 349/14425, time remaining: 2m 14s
Rendered 350/14425, time remaining: 2m 14s
Rendered 351/14425, time remaining: 2m 16s
Rendered 352/14425, time remaining: 2m 16s
Rendered 353/14425, time remaining: 2m 15s
Rendered 354/14425, time remaining: 2m 15s
Rendered 355/14425, time remaining: 2m 16s
Rendered 356/14425, time remaining: 2m 16s
Rendered 357/14425, time remaining: 2m 15s
Rendered 358/14425, time remaining: 2m 15s
Rendered 359/14425, time remaining: 2m 16s
Rendered 360/14425, time remaining: 2m 16s
Rendered 361/14425, time remaining: 2m 15s
Rendered 362/14425, time remaining: 2m 15s
Rendered 363/14425, time remaining: 2m 17s
Rendered 364/14425, time remaining: 2m 17s
Rendered 365/14425, time remaining: 2m 15s
Rendered 366/14425, time remaining: 2m 15s
Rendered 367/14425, time remaining: 2m 17s
Rendered 368/14425, time remaining: 2m 17s
Rendered 369/14425, time remaining: 2m 15s
Rendered 370/14425, time remaining: 2m 15s
Rendered 371/14425, time remaining: 2m 17s
Rendered 372/14425, time remaining: 2m 17s
Rendered 373/14425, time remaining: 2m 15s
Rendered 374/14425, time remaining: 2m 15s
Rendered 375/14425, time remaining: 2m 17s
Rendered 376/14425, time remaining: 2m 17s
Rendered 377/14425, time remaining: 2m 16s
Rendered 378/14425, time remaining: 2m 16s
Rendered 378/14425, time remaining: 2m 16s
Rendered 379/14425, time remaining: 2m 17s
Rendered 380/14425, time remaining: 2m 17s
Rendered 381/14425, time remaining: 2m 16s
Rendered 382/14425, time remaining: 2m 16s
Rendered 383/14425, time remaining: 2m 18s
Rendered 384/14425, time remaining: 2m 18s
Rendered 385/14425, time remaining: 2m 16s
Rendered 386/14425, time remaining: 2m 16s
Rendered 387/14425, time remaining: 2m 18s
Rendered 388/14425, time remaining: 2m 18s
Rendered 389/14425, time remaining: 2m 16s
Rendered 390/14425, time remaining: 2m 16s
Rendered 391/14425, time remaining: 2m 18s
Rendered 392/14425, time remaining: 2m 18s
Rendered 393/14425, time remaining: 2m 17s
Rendered 394/14425, time remaining: 2m 17s
Rendered 395/14425, time remaining: 2m 18s
Rendered 396/14425, time remaining: 2m 18s
Rendered 397/14425, time remaining: 2m 17s
Rendered 398/14425, time remaining: 2m 17s
Rendered 399/14425, time remaining: 2m 18s
Rendered 400/14425, time remaining: 2m 18s
Rendered 401/14425, time remaining: 2m 17s
Rendered 402/14425, time remaining: 2m 17s
Rendered 403/14425, time remaining: 2m 19s
Rendered 404/14425, time remaining: 2m 18s
Rendered 405/14425, time remaining: 2m 17s
Rendered 406/14425, time remaining: 2m 17s
Rendered 407/14425, time remaining: 2m 19s
Rendered 408/14425, time remaining: 2m 19s
Rendered 409/14425, time remaining: 2m 17s
Rendered 410/14425, time remaining: 2m 17s
Rendered 411/14425, time remaining: 2m 19s
Rendered 412/14425, time remaining: 2m 19s
Rendered 413/14425, time remaining: 2m 17s
Rendered 414/14425, time remaining: 2m 17s
Rendered 415/14425, time remaining: 2m 19s
Rendered 416/14425, time remaining: 2m 19s
Rendered 417/14425, time remaining: 2m 18s
Rendered 418/14425, time remaining: 2m 18s
Rendered 419/14425, time remaining: 2m 19s
Rendered 420/14425, time remaining: 2m 19s
Rendered 421/14425, time remaining: 2m 18s
Rendered 422/14425, time remaining: 2m 18s
Rendered 423/14425, time remaining: 2m 19s
Rendered 424/14425, time remaining: 2m 19s
Rendered 425/14425, time remaining: 2m 18s
Rendered 426/14425, time remaining: 2m 18s
Rendered 427/14425, time remaining: 2m 20s
Rendered 428/14425, time remaining: 2m 20s
Rendered 429/14425, time remaining: 2m 18s
Rendered 429/14425, time remaining: 2m 18s
Rendered 430/14425, time remaining: 2m 18s
Rendered 431/14425, time remaining: 2m 20s
Rendered 432/14425, time remaining: 2m 20s
Rendered 433/14425, time remaining: 2m 18s
Rendered 434/14425, time remaining: 2m 18s
Rendered 435/14425, time remaining: 2m 20s
Rendered 436/14425, time remaining: 2m 20s
Rendered 437/14425, time remaining: 2m 18s
Rendered 438/14425, time remaining: 2m 18s
Rendered 439/14425, time remaining: 2m 20s
Rendered 440/14425, time remaining: 2m 20s
Rendered 441/14425, time remaining: 2m 18s
Rendered 442/14425, time remaining: 2m 18s
Rendered 443/14425, time remaining: 2m 20s
Rendered 444/14425, time remaining: 2m 20s
Rendered 445/14425, time remaining: 2m 18s
Rendered 446/14425, time remaining: 2m 18s
Rendered 447/14425, time remaining: 2m 19s
Rendered 448/14425, time remaining: 2m 19s
Rendered 449/14425, time remaining: 2m 18s
Rendered 450/14425, time remaining: 2m 18s
Rendered 451/14425, time remaining: 2m 19s
Rendered 452/14425, time remaining: 2m 19s
Rendered 453/14425, time remaining: 2m 18s
Rendered 454/14425, time remaining: 2m 18s
Rendered 455/14425, time remaining: 2m 20s
Rendered 456/14425, time remaining: 2m 20s
Rendered 457/14425, time remaining: 2m 18s
Rendered 458/14425, time remaining: 2m 18s
Rendered 459/14425, time remaining: 2m 20s
Rendered 460/14425, time remaining: 2m 20s
Rendered 461/14425, time remaining: 2m 18s
Rendered 462/14425, time remaining: 2m 18s
Rendered 463/14425, time remaining: 2m 19s
Rendered 464/14425, time remaining: 2m 19s
Rendered 465/14425, time remaining: 2m 18s
Rendered 466/14425, time remaining: 2m 18s
Rendered 467/14425, time remaining: 2m 20s
Rendered 468/14425, time remaining: 2m 20s
Rendered 469/14425, time remaining: 2m 18s
Rendered 470/14425, time remaining: 2m 18s
Rendered 471/14425, time remaining: 2m 20s
Rendered 472/14425, time remaining: 2m 20s
Rendered 473/14425, time remaining: 2m 18s
Rendered 474/14425, time remaining: 2m 18s
Rendered 475/14425, time remaining: 2m 20s
Rendered 476/14425, time remaining: 2m 20s
Rendered 477/14425, time remaining: 2m 18s
Rendered 478/14425, time remaining: 2m 18s
Rendered 478/14425, time remaining: 2m 18s
Rendered 479/14425, time remaining: 2m 22s
Rendered 480/14425, time remaining: 2m 22s
Rendered 481/14425, time remaining: 2m 20s
Rendered 482/14425, time remaining: 2m 20s
Rendered 483/14425, time remaining: 2m 22s
Rendered 484/14425, time remaining: 2m 22s
Rendered 485/14425, time remaining: 2m 20s
Rendered 486/14425, time remaining: 2m 20s
Rendered 487/14425, time remaining: 2m 22s
Rendered 488/14425, time remaining: 2m 22s
Rendered 489/14425, time remaining: 2m 20s
Rendered 490/14425, time remaining: 2m 20s
Rendered 491/14425, time remaining: 2m 22s
Rendered 492/14425, time remaining: 2m 22s
Rendered 493/14425, time remaining: 2m 20s
Rendered 494/14425, time remaining: 2m 20s
Rendered 495/14425, time remaining: 2m 22s
Rendered 496/14425, time remaining: 2m 22s
Rendered 497/14425, time remaining: 2m 20s
Rendered 498/14425, time remaining: 2m 20s
Rendered 499/14425, time remaining: 2m 22s
Rendered 500/14425, time remaining: 2m 22s
Rendered 501/14425, time remaining: 2m 20s
Rendered 502/14425, time remaining: 2m 20s
Rendered 503/14425, time remaining: 2m 22s
Rendered 504/14425, time remaining: 2m 22s
Rendered 505/14425, time remaining: 2m 20s
Rendered 506/14425, time remaining: 2m 20s
Rendered 507/14425, time remaining: 2m 22s
Rendered 508/14425, time remaining: 2m 22s
Rendered 509/14425, time remaining: 2m 20s
Rendered 510/14425, time remaining: 2m 21s
Rendered 511/14425, time remaining: 2m 22s
Rendered 512/14425, time remaining: 2m 22s
Rendered 513/14425, time remaining: 2m 21s
Rendered 514/14425, time remaining: 2m 20s
Rendered 515/14425, time remaining: 2m 22s
Rendered 516/14425, time remaining: 2m 22s
Rendered 517/14425, time remaining: 2m 21s
Rendered 518/14425, time remaining: 2m 21s
Rendered 519/14425, time remaining: 2m 22s
Rendered 520/14425, time remaining: 2m 22s
Rendered 521/14425, time remaining: 2m 21s
Rendered 522/14425, time remaining: 2m 21s
Rendered 523/14425, time remaining: 2m 23s
Rendered 524/14425, time remaining: 2m 23s
Rendered 525/14425, time remaining: 2m 21s
Rendered 526/14425, time remaining: 2m 21s
Rendered 526/14425, time remaining: 2m 21s
Rendered 527/14425, time remaining: 2m 23s
Rendered 528/14425, time remaining: 2m 23s
Rendered 529/14425, time remaining: 2m 21s
Rendered 530/14425, time remaining: 2m 21s
Rendered 531/14425, time remaining: 2m 23s
Rendered 532/14425, time remaining: 2m 23s
Rendered 533/14425, time remaining: 2m 21s
Rendered 534/14425, time remaining: 2m 21s
Rendered 535/14425, time remaining: 2m 23s
Rendered 536/14425, time remaining: 2m 23s
Rendered 537/14425, time remaining: 2m 21s
Rendered 538/14425, time remaining: 2m 21s
Rendered 539/14425, time remaining: 2m 23s
Rendered 540/14425, time remaining: 2m 23s
Rendered 541/14425, time remaining: 2m 21s
Rendered 542/14425, time remaining: 2m 21s
Rendered 543/14425, time remaining: 2m 25s
Rendered 544/14425, time remaining: 2m 26s
Rendered 545/14425, time remaining: 2m 25s
Rendered 546/14425, time remaining: 2m 25s
Rendered 547/14425, time remaining: 2m 26s
Rendered 548/14425, time remaining: 2m 26s
Rendered 549/14425, time remaining: 2m 24s
Rendered 550/14425, time remaining: 2m 25s
Rendered 551/14425, time remaining: 2m 26s
Rendered 552/14425, time remaining: 2m 26s
Rendered 553/14425, time remaining: 2m 25s
Rendered 554/14425, time remaining: 2m 25s
Rendered 555/14425, time remaining: 2m 27s
Rendered 556/14425, time remaining: 2m 27s
Rendered 557/14425, time remaining: 2m 25s
Rendered 558/14425, time remaining: 2m 25s
Rendered 559/14425, time remaining: 2m 27s
Rendered 560/14425, time remaining: 2m 27s
Rendered 561/14425, time remaining: 2m 25s
Rendered 562/14425, time remaining: 2m 25s
Rendered 563/14425, time remaining: 2m 27s
Rendered 564/14425, time remaining: 2m 28s
Rendered 565/14425, time remaining: 2m 26s
Rendered 566/14425, time remaining: 2m 26s
Rendered 567/14425, time remaining: 2m 28s
Rendered 568/14425, time remaining: 2m 28s
Rendered 569/14425, time remaining: 2m 26s
Rendered 570/14425, time remaining: 2m 26s
Rendered 570/14425, time remaining: 2m 26s
Rendered 571/14425, time remaining: 2m 28s
Rendered 572/14425, time remaining: 2m 28s
Rendered 573/14425, time remaining: 2m 26s
Rendered 574/14425, time remaining: 2m 26s
Rendered 575/14425, time remaining: 2m 28s
Rendered 576/14425, time remaining: 2m 28s
Rendered 577/14425, time remaining: 2m 27s
Rendered 578/14425, time remaining: 2m 27s
Rendered 579/14425, time remaining: 2m 28s
Rendered 580/14425, time remaining: 2m 29s
Rendered 581/14425, time remaining: 2m 27s
Rendered 582/14425, time remaining: 2m 27s
Rendered 583/14425, time remaining: 2m 29s
Rendered 584/14425, time remaining: 2m 29s
Rendered 585/14425, time remaining: 2m 27s
Rendered 586/14425, time remaining: 2m 27s
Rendered 587/14425, time remaining: 2m 29s
Rendered 588/14425, time remaining: 2m 29s
Rendered 589/14425, time remaining: 2m 27s
Rendered 590/14425, time remaining: 2m 28s
Rendered 591/14425, time remaining: 2m 29s
Rendered 592/14425, time remaining: 2m 30s
Rendered 593/14425, time remaining: 2m 28s
Rendered 594/14425, time remaining: 2m 28s
Rendered 595/14425, time remaining: 2m 30s
Rendered 596/14425, time remaining: 2m 30s
Rendered 597/14425, time remaining: 2m 28s
Rendered 598/14425, time remaining: 2m 28s
Rendered 599/14425, time remaining: 2m 30s
Rendered 600/14425, time remaining: 2m 31s
Rendered 601/14425, time remaining: 2m 29s
Rendered 602/14425, time remaining: 2m 29s
Rendered 603/14425, time remaining: 2m 31s
Rendered 604/14425, time remaining: 2m 31s
Rendered 605/14425, time remaining: 2m 29s
Rendered 606/14425, time remaining: 2m 29s
Rendered 607/14425, time remaining: 2m 31s
Rendered 608/14425, time remaining: 2m 31s
Rendered 609/14425, time remaining: 2m 29s
Rendered 610/14425, time remaining: 2m 29s
Rendered 611/14425, time remaining: 2m 31s
Rendered 612/14425, time remaining: 2m 31s
Rendered 613/14425, time remaining: 2m 29s
Rendered 614/14425, time remaining: 2m 30s
Rendered 615/14425, time remaining: 2m 31s
Rendered 616/14425, time remaining: 2m 31s
Rendered 617/14425, time remaining: 2m 29s
Rendered 617/14425, time remaining: 2m 29s
Rendered 618/14425, time remaining: 2m 30s
Rendered 619/14425, time remaining: 2m 31s
Rendered 620/14425, time remaining: 2m 31s
Rendered 621/14425, time remaining: 2m 30s
Rendered 622/14425, time remaining: 2m 30s
Rendered 623/14425, time remaining: 2m 31s
Rendered 624/14425, time remaining: 2m 31s
Rendered 625/14425, time remaining: 2m 29s
Rendered 626/14425, time remaining: 2m 30s
Rendered 627/14425, time remaining: 2m 31s
Rendered 628/14425, time remaining: 2m 31s
Rendered 629/14425, time remaining: 2m 28s
Rendered 630/14425, time remaining: 2m 28s
Rendered 631/14425, time remaining: 2m 30s
Rendered 632/14425, time remaining: 2m 30s
Rendered 633/14425, time remaining: 2m 28s
Rendered 634/14425, time remaining: 2m 28s
Rendered 635/14425, time remaining: 2m 30s
Rendered 636/14425, time remaining: 2m 30s
Rendered 637/14425, time remaining: 2m 29s
Rendered 638/14425, time remaining: 2m 29s
Rendered 639/14425, time remaining: 2m 30s
Rendered 640/14425, time remaining: 2m 30s
Rendered 641/14425, time remaining: 2m 29s
Rendered 642/14425, time remaining: 2m 29s
Rendered 643/14425, time remaining: 2m 30s
Rendered 644/14425, time remaining: 2m 30s
Rendered 645/14425, time remaining: 2m 29s
Rendered 646/14425, time remaining: 2m 29s
Rendered 647/14425, time remaining: 2m 30s
Rendered 648/14425, time remaining: 2m 30s
Rendered 649/14425, time remaining: 2m 29s
Rendered 650/14425, time remaining: 2m 29s
Rendered 651/14425, time remaining: 2m 31s
Rendered 652/14425, time remaining: 2m 31s
Rendered 653/14425, time remaining: 2m 29s
Rendered 654/14425, time remaining: 2m 29s
Rendered 655/14425, time remaining: 2m 31s
Rendered 656/14425, time remaining: 2m 31s
Rendered 657/14425, time remaining: 2m 29s
Rendered 658/14425, time remaining: 2m 29s
Rendered 659/14425, time remaining: 2m 31s
Rendered 660/14425, time remaining: 2m 31s
Rendered 661/14425, time remaining: 2m 30s
Rendered 662/14425, time remaining: 2m 30s
Rendered 663/14425, time remaining: 2m 31s
Rendered 663/14425, time remaining: 2m 31s
Rendered 664/14425, time remaining: 2m 31s
Rendered 665/14425, time remaining: 2m 29s
Rendered 666/14425, time remaining: 2m 30s
Rendered 667/14425, time remaining: 2m 31s
Rendered 668/14425, time remaining: 2m 32s
Rendered 669/14425, time remaining: 2m 30s
Rendered 670/14425, time remaining: 2m 30s
Rendered 671/14425, time remaining: 2m 31s
Rendered 672/14425, time remaining: 2m 32s
Rendered 673/14425, time remaining: 2m 30s
Rendered 674/14425, time remaining: 2m 30s
Rendered 675/14425, time remaining: 2m 31s
Rendered 676/14425, time remaining: 2m 31s
Rendered 677/14425, time remaining: 2m 30s
Rendered 678/14425, time remaining: 2m 30s
Rendered 679/14425, time remaining: 2m 31s
Rendered 680/14425, time remaining: 2m 32s
Rendered 681/14425, time remaining: 2m 30s
Rendered 682/14425, time remaining: 2m 30s
Rendered 683/14425, time remaining: 2m 32s
Rendered 684/14425, time remaining: 2m 32s
Rendered 685/14425, time remaining: 2m 30s
Rendered 686/14425, time remaining: 2m 31s
Rendered 687/14425, time remaining: 2m 32s
Rendered 688/14425, time remaining: 2m 32s
Rendered 689/14425, time remaining: 2m 30s
Rendered 690/14425, time remaining: 2m 31s
Rendered 691/14425, time remaining: 2m 33s
Rendered 692/14425, time remaining: 2m 33s
Rendered 693/14425, time remaining: 2m 28s
Rendered 694/14425, time remaining: 2m 28s
Rendered 695/14425, time remaining: 2m 30s
Rendered 696/14425, time remaining: 2m 30s
Rendered 697/14425, time remaining: 2m 29s
Rendered 698/14425, time remaining: 2m 28s
Rendered 699/14425, time remaining: 2m 30s
Rendered 700/14425, time remaining: 2m 30s
Rendered 701/14425, time remaining: 2m 28s
Rendered 702/14425, time remaining: 2m 28s
Rendered 703/14425, time remaining: 2m 30s
Rendered 704/14425, time remaining: 2m 30s
Rendered 705/14425, time remaining: 2m 28s
Rendered 706/14425, time remaining: 2m 28s
Rendered 707/14425, time remaining: 2m 30s
Rendered 708/14425, time remaining: 2m 30s
Rendered 709/14425, time remaining: 2m 28s
Rendered 709/14425, time remaining: 2m 28s
Rendered 710/14425, time remaining: 2m 28s
Rendered 711/14425, time remaining: 2m 30s
Rendered 712/14425, time remaining: 2m 30s
Rendered 713/14425, time remaining: 2m 28s
Rendered 714/14425, time remaining: 2m 28s
Rendered 715/14425, time remaining: 2m 29s
Rendered 716/14425, time remaining: 2m 29s
Rendered 717/14425, time remaining: 2m 28s
Rendered 718/14425, time remaining: 2m 28s
Rendered 719/14425, time remaining: 2m 30s
Rendered 720/14425, time remaining: 2m 30s
Rendered 721/14425, time remaining: 2m 28s
Rendered 722/14425, time remaining: 2m 28s
Rendered 723/14425, time remaining: 2m 30s
Rendered 724/14425, time remaining: 2m 30s
Rendered 725/14425, time remaining: 2m 28s
Rendered 726/14425, time remaining: 2m 28s
Rendered 727/14425, time remaining: 2m 29s
Rendered 728/14425, time remaining: 2m 29s
Rendered 729/14425, time remaining: 2m 28s
Rendered 730/14425, time remaining: 2m 28s
Rendered 731/14425, time remaining: 2m 29s
Rendered 732/14425, time remaining: 2m 29s
Rendered 733/14425, time remaining: 2m 28s
Rendered 734/14425, time remaining: 2m 28s
Rendered 735/14425, time remaining: 2m 29s
Rendered 736/14425, time remaining: 2m 30s
Rendered 737/14425, time remaining: 2m 28s
Rendered 738/14425, time remaining: 2m 28s
Rendered 739/14425, time remaining: 2m 30s
Rendered 740/14425, time remaining: 2m 30s
Rendered 741/14425, time remaining: 2m 28s
Rendered 742/14425, time remaining: 2m 28s
Rendered 743/14425, time remaining: 2m 30s
Rendered 744/14425, time remaining: 2m 30s
Rendered 745/14425, time remaining: 2m 28s
Rendered 746/14425, time remaining: 2m 28s
Rendered 747/14425, time remaining: 2m 29s
Rendered 748/14425, time remaining: 2m 29s
Rendered 749/14425, time remaining: 2m 28s
Rendered 750/14425, time remaining: 2m 28s
Rendered 751/14425, time remaining: 2m 29s
Rendered 752/14425, time remaining: 2m 29s
Rendered 753/14425, time remaining: 2m 28s
Rendered 754/14425, time remaining: 2m 28s
Rendered 754/14425, time remaining: 2m 28s
Rendered 755/14425, time remaining: 2m 29s
Rendered 756/14425, time remaining: 2m 29s
Rendered 757/14425, time remaining: 2m 28s
Rendered 758/14425, time remaining: 2m 28s
Rendered 759/14425, time remaining: 2m 30s
Rendered 760/14425, time remaining: 2m 29s
Rendered 761/14425, time remaining: 2m 28s
Rendered 762/14425, time remaining: 2m 28s
Rendered 763/14425, time remaining: 2m 30s
Rendered 764/14425, time remaining: 2m 30s
Rendered 765/14425, time remaining: 2m 29s
Rendered 766/14425, time remaining: 2m 29s
Rendered 767/14425, time remaining: 2m 30s
Rendered 768/14425, time remaining: 2m 30s
Rendered 769/14425, time remaining: 2m 29s
Rendered 770/14425, time remaining: 2m 29s
Rendered 771/14425, time remaining: 2m 30s
Rendered 772/14425, time remaining: 2m 30s
Rendered 773/14425, time remaining: 2m 29s
Rendered 774/14425, time remaining: 2m 29s
Rendered 775/14425, time remaining: 2m 30s
Rendered 776/14425, time remaining: 2m 30s
Rendered 777/14425, time remaining: 2m 29s
Rendered 778/14425, time remaining: 2m 29s
Rendered 779/14425, time remaining: 2m 31s
Rendered 780/14425, time remaining: 2m 31s
Rendered 781/14425, time remaining: 2m 30s
Rendered 782/14425, time remaining: 2m 30s
Rendered 783/14425, time remaining: 2m 31s
Rendered 784/14425, time remaining: 2m 31s
Rendered 785/14425, time remaining: 2m 29s
Rendered 786/14425, time remaining: 2m 29s
Rendered 787/14425, time remaining: 2m 31s
Rendered 788/14425, time remaining: 2m 31s
Rendered 789/14425, time remaining: 2m 29s
Rendered 790/14425, time remaining: 2m 29s
Rendered 791/14425, time remaining: 2m 31s
Rendered 792/14425, time remaining: 2m 30s
Rendered 793/14425, time remaining: 2m 29s
Rendered 794/14425, time remaining: 2m 29s
Rendered 795/14425, time remaining: 2m 31s
Rendered 796/14425, time remaining: 2m 30s
Rendered 797/14425, time remaining: 2m 30s
Rendered 798/14425, time remaining: 2m 30s
Rendered 799/14425, time remaining: 2m 31s
Rendered 799/14425, time remaining: 2m 31s
Rendered 800/14425, time remaining: 2m 31s
Rendered 801/14425, time remaining: 2m 29s
Rendered 802/14425, time remaining: 2m 29s
Rendered 803/14425, time remaining: 2m 30s
Rendered 804/14425, time remaining: 2m 30s
Rendered 805/14425, time remaining: 2m 29s
Rendered 806/14425, time remaining: 2m 29s
Rendered 807/14425, time remaining: 2m 31s
Rendered 808/14425, time remaining: 2m 31s
Rendered 809/14425, time remaining: 2m 30s
Rendered 810/14425, time remaining: 2m 30s
Rendered 811/14425, time remaining: 2m 31s
Rendered 812/14425, time remaining: 2m 31s
Rendered 813/14425, time remaining: 2m 30s
Rendered 814/14425, time remaining: 2m 30s
Rendered 815/14425, time remaining: 2m 31s
Rendered 816/14425, time remaining: 2m 31s
Rendered 817/14425, time remaining: 2m 30s
Rendered 818/14425, time remaining: 2m 30s
Rendered 819/14425, time remaining: 2m 31s
Rendered 820/14425, time remaining: 2m 31s
Rendered 821/14425, time remaining: 2m 30s
Rendered 822/14425, time remaining: 2m 30s
Rendered 823/14425, time remaining: 2m 32s
Rendered 824/14425, time remaining: 2m 31s
Rendered 825/14425, time remaining: 2m 30s
Rendered 826/14425, time remaining: 2m 30s
Rendered 827/14425, time remaining: 2m 32s
Rendered 828/14425, time remaining: 2m 32s
Rendered 829/14425, time remaining: 2m 30s
Rendered 830/14425, time remaining: 2m 30s
Rendered 831/14425, time remaining: 2m 32s
Rendered 832/14425, time remaining: 2m 32s
Rendered 833/14425, time remaining: 2m 30s
Rendered 834/14425, time remaining: 2m 30s
Rendered 835/14425, time remaining: 2m 32s
Rendered 836/14425, time remaining: 2m 31s
Rendered 837/14425, time remaining: 2m 30s
Rendered 838/14425, time remaining: 2m 30s
Rendered 839/14425, time remaining: 2m 32s
Rendered 840/14425, time remaining: 2m 32s
Rendered 841/14425, time remaining: 2m 30s
Rendered 842/14425, time remaining: 2m 30s
Rendered 843/14425, time remaining: 2m 31s
Rendered 844/14425, time remaining: 2m 32s
Rendered 844/14425, time remaining: 2m 32s
Rendered 845/14425, time remaining: 2m 30s
Rendered 846/14425, time remaining: 2m 30s
Rendered 847/14425, time remaining: 2m 31s
Rendered 848/14425, time remaining: 2m 31s
Rendered 849/14425, time remaining: 2m 30s
Rendered 850/14425, time remaining: 2m 30s
Rendered 851/14425, time remaining: 2m 31s
Rendered 852/14425, time remaining: 2m 31s
Rendered 853/14425, time remaining: 2m 30s
Rendered 854/14425, time remaining: 2m 30s
Rendered 855/14425, time remaining: 2m 31s
Rendered 856/14425, time remaining: 2m 31s
Rendered 857/14425, time remaining: 2m 30s
Rendered 858/14425, time remaining: 2m 30s
Rendered 859/14425, time remaining: 2m 32s
Rendered 860/14425, time remaining: 2m 32s
Rendered 861/14425, time remaining: 2m 30s
Rendered 862/14425, time remaining: 2m 30s
Rendered 863/14425, time remaining: 2m 32s
Rendered 864/14425, time remaining: 2m 32s
Rendered 865/14425, time remaining: 2m 31s
Rendered 866/14425, time remaining: 2m 31s
Rendered 867/14425, time remaining: 2m 32s
Rendered 868/14425, time remaining: 2m 32s
Rendered 869/14425, time remaining: 2m 31s
Rendered 870/14425, time remaining: 2m 31s
Rendered 871/14425, time remaining: 2m 32s
Rendered 872/14425, time remaining: 2m 32s
Rendered 873/14425, time remaining: 2m 30s
Rendered 874/14425, time remaining: 2m 31s
Rendered 875/14425, time remaining: 2m 32s
Rendered 876/14425, time remaining: 2m 32s
Rendered 877/14425, time remaining: 2m 30s
Rendered 878/14425, time remaining: 2m 31s
Rendered 879/14425, time remaining: 2m 32s
Rendered 880/14425, time remaining: 2m 31s
Rendered 881/14425, time remaining: 2m 30s
Rendered 882/14425, time remaining: 2m 30s
Rendered 883/14425, time remaining: 2m 31s
Rendered 884/14425, time remaining: 2m 31s
Rendered 885/14425, time remaining: 2m 30s
Rendered 886/14425, time remaining: 2m 30s
Rendered 887/14425, time remaining: 2m 31s
Rendered 888/14425, time remaining: 2m 31s
Rendered 889/14425, time remaining: 2m 29s
Rendered 890/14425, time remaining: 2m 29s
Rendered 890/14425, time remaining: 2m 29s
Rendered 891/14425, time remaining: 2m 30s
Rendered 892/14425, time remaining: 2m 30s
Rendered 893/14425, time remaining: 2m 29s
Rendered 894/14425, time remaining: 2m 29s
Rendered 895/14425, time remaining: 2m 30s
Rendered 896/14425, time remaining: 2m 30s
Rendered 897/14425, time remaining: 2m 29s
Rendered 898/14425, time remaining: 2m 29s
Rendered 899/14425, time remaining: 2m 30s
Rendered 900/14425, time remaining: 2m 30s
Rendered 901/14425, time remaining: 2m 29s
Rendered 902/14425, time remaining: 2m 29s
Rendered 903/14425, time remaining: 2m 30s
Rendered 904/14425, time remaining: 2m 29s
Rendered 905/14425, time remaining: 2m 28s
Rendered 906/14425, time remaining: 2m 28s
Rendered 907/14425, time remaining: 2m 28s
Rendered 908/14425, time remaining: 2m 28s
Rendered 909/14425, time remaining: 2m 27s
Rendered 910/14425, time remaining: 2m 27s
Rendered 911/14425, time remaining: 2m 28s
Rendered 912/14425, time remaining: 2m 27s
Rendered 913/14425, time remaining: 2m 25s
Rendered 914/14425, time remaining: 2m 25s
Rendered 915/14425, time remaining: 2m 27s
Rendered 916/14425, time remaining: 2m 27s
Rendered 917/14425, time remaining: 2m 25s
Rendered 918/14425, time remaining: 2m 25s
Rendered 919/14425, time remaining: 2m 27s
Rendered 920/14425, time remaining: 2m 27s
Rendered 921/14425, time remaining: 2m 25s
Rendered 922/14425, time remaining: 2m 25s
Rendered 923/14425, time remaining: 2m 27s
Rendered 924/14425, time remaining: 2m 26s
Rendered 925/14425, time remaining: 2m 25s
Rendered 926/14425, time remaining: 2m 25s
Rendered 927/14425, time remaining: 2m 26s
Rendered 928/14425, time remaining: 2m 26s
Rendered 929/14425, time remaining: 2m 24s
Rendered 930/14425, time remaining: 2m 24s
Rendered 931/14425, time remaining: 2m 25s
Rendered 932/14425, time remaining: 2m 25s
Rendered 933/14425, time remaining: 2m 24s
Rendered 934/14425, time remaining: 2m 24s
Rendered 935/14425, time remaining: 2m 25s
Rendered 936/14425, time remaining: 2m 25s
Rendered 937/14425, time remaining: 2m 24s
Rendered 938/14425, time remaining: 2m 24s
Rendered 939/14425, time remaining: 2m 24s
Rendered 940/14425, time remaining: 2m 24s
Rendered 941/14425, time remaining: 2m 23s
Rendered 942/14425, time remaining: 2m 23s
Rendered 942/14425, time remaining: 2m 23s
Rendered 943/14425, time remaining: 2m 24s
Rendered 944/14425, time remaining: 2m 24s
Rendered 945/14425, time remaining: 2m 22s
Rendered 946/14425, time remaining: 2m 22s
Rendered 947/14425, time remaining: 2m 24s
Rendered 948/14425, time remaining: 2m 24s
Rendered 949/14425, time remaining: 2m 22s
Rendered 950/14425, time remaining: 2m 22s
Rendered 951/14425, time remaining: 2m 23s
Rendered 952/14425, time remaining: 2m 23s
Rendered 953/14425, time remaining: 2m 22s
Rendered 954/14425, time remaining: 2m 22s
Rendered 955/14425, time remaining: 2m 23s
Rendered 956/14425, time remaining: 2m 23s
Rendered 957/14425, time remaining: 2m 21s
Rendered 958/14425, time remaining: 2m 21s
Rendered 959/14425, time remaining: 2m 23s
Rendered 960/14425, time remaining: 2m 22s
Rendered 961/14425, time remaining: 2m 21s
Rendered 962/14425, time remaining: 2m 21s
Rendered 963/14425, time remaining: 2m 22s
Rendered 964/14425, time remaining: 2m 22s
Rendered 965/14425, time remaining: 2m 20s
Rendered 966/14425, time remaining: 2m 20s
Rendered 967/14425, time remaining: 2m 22s
Rendered 968/14425, time remaining: 2m 22s
Rendered 969/14425, time remaining: 2m 20s
Rendered 970/14425, time remaining: 2m 20s
Rendered 971/14425, time remaining: 2m 22s
Rendered 972/14425, time remaining: 2m 21s
Rendered 973/14425, time remaining: 2m 19s
Rendered 974/14425, time remaining: 2m 19s
Rendered 975/14425, time remaining: 2m 21s
Rendered 976/14425, time remaining: 2m 21s
Rendered 977/14425, time remaining: 2m 19s
Rendered 978/14425, time remaining: 2m 19s
Rendered 979/14425, time remaining: 2m 21s
Rendered 980/14425, time remaining: 2m 21s
Rendered 981/14425, time remaining: 2m 19s
Rendered 982/14425, time remaining: 2m 19s
Rendered 983/14425, time remaining: 2m 20s
Rendered 984/14425, time remaining: 2m 20s
Rendered 985/14425, time remaining: 2m 18s
Rendered 986/14425, time remaining: 2m 18s
Rendered 987/14425, time remaining: 2m 20s
Rendered 988/14425, time remaining: 2m 20s
Rendered 989/14425, time remaining: 2m 18s
Rendered 990/14425, time remaining: 2m 18s
Rendered 990/14425, time remaining: 2m 18s
Rendered 991/14425, time remaining: 2m 19s
Rendered 992/14425, time remaining: 2m 19s
Rendered 993/14425, time remaining: 2m 18s
Rendered 994/14425, time remaining: 2m 18s
Rendered 995/14425, time remaining: 2m 19s
Rendered 996/14425, time remaining: 2m 19s
Rendered 997/14425, time remaining: 2m 18s
Rendered 998/14425, time remaining: 2m 17s
Rendered 999/14425, time remaining: 2m 19s
Rendered 1000/14425, time remaining: 2m 19s
Rendered 1001/14425, time remaining: 2m 18s
Rendered 1002/14425, time remaining: 2m 18s
Rendered 1003/14425, time remaining: 2m 19s
Rendered 1004/14425, time remaining: 2m 19s
Rendered 1005/14425, time remaining: 2m 17s
Rendered 1006/14425, time remaining: 2m 17s
Rendered 1007/14425, time remaining: 2m 18s
Rendered 1008/14425, time remaining: 2m 18s
Rendered 1009/14425, time remaining: 2m 17s
Rendered 1010/14425, time remaining: 2m 17s
Rendered 1011/14425, time remaining: 2m 18s
Rendered 1012/14425, time remaining: 2m 18s
Rendered 1013/14425, time remaining: 2m 16s
Rendered 1014/14425, time remaining: 2m 16s
Rendered 1015/14425, time remaining: 2m 18s
Rendered 1016/14425, time remaining: 2m 17s
Rendered 1017/14425, time remaining: 2m 15s
Rendered 1018/14425, time remaining: 2m 15s
Rendered 1019/14425, time remaining: 2m 17s
Rendered 1020/14425, time remaining: 2m 17s
Rendered 1021/14425, time remaining: 2m 15s
Rendered 1022/14425, time remaining: 2m 15s
Rendered 1023/14425, time remaining: 2m 17s
Rendered 1024/14425, time remaining: 2m 16s
Rendered 1025/14425, time remaining: 2m 15s
Rendered 1026/14425, time remaining: 2m 15s
Rendered 1027/14425, time remaining: 2m 17s
Rendered 1028/14425, time remaining: 2m 16s
Rendered 1029/14425, time remaining: 2m 15s
Rendered 1030/14425, time remaining: 2m 15s
Rendered 1031/14425, time remaining: 2m 17s
Rendered 1032/14425, time remaining: 2m 16s
Rendered 1033/14425, time remaining: 2m 15s
Rendered 1034/14425, time remaining: 2m 15s
Rendered 1035/14425, time remaining: 2m 17s
Rendered 1036/14425, time remaining: 2m 16s
Rendered 1037/14425, time remaining: 2m 15s
Rendered 1038/14425, time remaining: 2m 15s
Rendered 1039/14425, time remaining: 2m 17s
Rendered 1039/14425, time remaining: 2m 17s
Rendered 1040/14425, time remaining: 2m 16s
Rendered 1041/14425, time remaining: 2m 15s
Rendered 1042/14425, time remaining: 2m 15s
Rendered 1043/14425, time remaining: 2m 17s
Rendered 1044/14425, time remaining: 2m 16s
Rendered 1045/14425, time remaining: 2m 15s
Rendered 1046/14425, time remaining: 2m 15s
Rendered 1047/14425, time remaining: 2m 16s
Rendered 1048/14425, time remaining: 2m 16s
Rendered 1049/14425, time remaining: 2m 15s
Rendered 1050/14425, time remaining: 2m 15s
Rendered 1051/14425, time remaining: 2m 16s
Rendered 1052/14425, time remaining: 2m 16s
Rendered 1053/14425, time remaining: 2m 15s
Rendered 1054/14425, time remaining: 2m 15s
Rendered 1055/14425, time remaining: 2m 17s
Rendered 1056/14425, time remaining: 2m 16s
Rendered 1057/14425, time remaining: 2m 15s
Rendered 1058/14425, time remaining: 2m 16s
Rendered 1059/14425, time remaining: 2m 17s
Rendered 1060/14425, time remaining: 2m 17s
Rendered 1061/14425, time remaining: 2m 16s
Rendered 1062/14425, time remaining: 2m 16s
Rendered 1063/14425, time remaining: 2m 18s
Rendered 1064/14425, time remaining: 2m 18s
Rendered 1065/14425, time remaining: 2m 16s
Rendered 1066/14425, time remaining: 2m 16s
Rendered 1067/14425, time remaining: 2m 18s
Rendered 1068/14425, time remaining: 2m 18s
Rendered 1069/14425, time remaining: 2m 16s
Rendered 1070/14425, time remaining: 2m 16s
Rendered 1071/14425, time remaining: 2m 18s
Rendered 1072/14425, time remaining: 2m 18s
Rendered 1073/14425, time remaining: 2m 16s
Rendered 1074/14425, time remaining: 2m 16s
Rendered 1075/14425, time remaining: 2m 18s
Rendered 1076/14425, time remaining: 2m 18s
Rendered 1077/14425, time remaining: 2m 16s
Rendered 1078/14425, time remaining: 2m 16s
Rendered 1079/14425, time remaining: 2m 18s
Rendered 1080/14425, time remaining: 2m 18s
Rendered 1081/14425, time remaining: 2m 16s
Rendered 1082/14425, time remaining: 2m 16s
Rendered 1083/14425, time remaining: 2m 18s
Rendered 1084/14425, time remaining: 2m 18s
Rendered 1085/14425, time remaining: 2m 16s
Rendered 1086/14425, time remaining: 2m 16s
Rendered 1087/14425, time remaining: 2m 18s
Rendered 1088/14425, time remaining: 2m 17s
Rendered 1088/14425, time remaining: 2m 17s
Rendered 1089/14425, time remaining: 2m 17s
Rendered 1090/14425, time remaining: 2m 17s
Rendered 1091/14425, time remaining: 2m 18s
Rendered 1092/14425, time remaining: 2m 18s
Rendered 1093/14425, time remaining: 2m 17s
Rendered 1094/14425, time remaining: 2m 17s
Rendered 1095/14425, time remaining: 2m 18s
Rendered 1096/14425, time remaining: 2m 18s
Rendered 1097/14425, time remaining: 2m 17s
Rendered 1098/14425, time remaining: 2m 17s
Rendered 1099/14425, time remaining: 2m 18s
Rendered 1100/14425, time remaining: 2m 18s
Rendered 1101/14425, time remaining: 2m 17s
Rendered 1102/14425, time remaining: 2m 17s
Rendered 1103/14425, time remaining: 2m 18s
Rendered 1104/14425, time remaining: 2m 18s
Rendered 1105/14425, time remaining: 2m 17s
Rendered 1106/14425, time remaining: 2m 17s
Rendered 1107/14425, time remaining: 2m 18s
Rendered 1108/14425, time remaining: 2m 18s
Rendered 1109/14425, time remaining: 2m 16s
Rendered 1110/14425, time remaining: 2m 17s
Rendered 1111/14425, time remaining: 2m 18s
Rendered 1112/14425, time remaining: 2m 18s
Rendered 1113/14425, time remaining: 2m 17s
Rendered 1114/14425, time remaining: 2m 16s
Rendered 1115/14425, time remaining: 2m 18s
Rendered 1116/14425, time remaining: 2m 18s
Rendered 1117/14425, time remaining: 2m 16s
Rendered 1118/14425, time remaining: 2m 16s
Rendered 1119/14425, time remaining: 2m 18s
Rendered 1120/14425, time remaining: 2m 18s
Rendered 1121/14425, time remaining: 2m 16s
Rendered 1122/14425, time remaining: 2m 16s
Rendered 1123/14425, time remaining: 2m 18s
Rendered 1124/14425, time remaining: 2m 18s
Rendered 1125/14425, time remaining: 2m 16s
Rendered 1126/14425, time remaining: 2m 16s
Rendered 1127/14425, time remaining: 2m 18s
Rendered 1128/14425, time remaining: 2m 18s
Rendered 1129/14425, time remaining: 2m 16s
Rendered 1130/14425, time remaining: 2m 16s
Rendered 1131/14425, time remaining: 2m 18s
Rendered 1132/14425, time remaining: 2m 18s
Rendered 1133/14425, time remaining: 2m 16s
Rendered 1134/14425, time remaining: 2m 16s
Rendered 1134/14425, time remaining: 2m 16s
Rendered 1135/14425, time remaining: 2m 20s
Rendered 1136/14425, time remaining: 2m 20s
Rendered 1137/14425, time remaining: 2m 19s
Rendered 1138/14425, time remaining: 2m 19s
Rendered 1139/14425, time remaining: 2m 20s
Rendered 1140/14425, time remaining: 2m 20s
Rendered 1141/14425, time remaining: 2m 19s
Rendered 1142/14425, time remaining: 2m 19s
Rendered 1143/14425, time remaining: 2m 20s
Rendered 1144/14425, time remaining: 2m 20s
Rendered 1145/14425, time remaining: 2m 18s
Rendered 1146/14425, time remaining: 2m 18s
Rendered 1147/14425, time remaining: 2m 20s
Rendered 1148/14425, time remaining: 2m 20s
Rendered 1149/14425, time remaining: 2m 19s
Rendered 1150/14425, time remaining: 2m 18s
Rendered 1151/14425, time remaining: 2m 20s
Rendered 1152/14425, time remaining: 2m 20s
Rendered 1153/14425, time remaining: 2m 19s
Rendered 1154/14425, time remaining: 2m 18s
Rendered 1155/14425, time remaining: 2m 20s
Rendered 1156/14425, time remaining: 2m 20s
Rendered 1157/14425, time remaining: 2m 18s
Rendered 1158/14425, time remaining: 2m 18s
Rendered 1159/14425, time remaining: 2m 20s
Rendered 1160/14425, time remaining: 2m 20s
Rendered 1161/14425, time remaining: 2m 18s
Rendered 1162/14425, time remaining: 2m 18s
Rendered 1163/14425, time remaining: 2m 20s
Rendered 1164/14425, time remaining: 2m 20s
Rendered 1165/14425, time remaining: 2m 18s
Rendered 1166/14425, time remaining: 2m 18s
Rendered 1167/14425, time remaining: 2m 20s
Rendered 1168/14425, time remaining: 2m 20s
Rendered 1169/14425, time remaining: 2m 18s
Rendered 1170/14425, time remaining: 2m 18s
Rendered 1171/14425, time remaining: 2m 20s
Rendered 1172/14425, time remaining: 2m 20s
Rendered 1173/14425, time remaining: 2m 18s
Rendered 1174/14425, time remaining: 2m 18s
Rendered 1175/14425, time remaining: 2m 20s
Rendered 1176/14425, time remaining: 2m 20s
Rendered 1177/14425, time remaining: 2m 18s
Rendered 1178/14425, time remaining: 2m 18s
Rendered 1179/14425, time remaining: 2m 20s
Rendered 1180/14425, time remaining: 2m 20s
Rendered 1181/14425, time remaining: 2m 18s
Rendered 1182/14425, time remaining: 2m 18s
Rendered 1182/14425, time remaining: 2m 18s
Rendered 1183/14425, time remaining: 2m 20s
Rendered 1184/14425, time remaining: 2m 20s
Rendered 1185/14425, time remaining: 2m 18s
Rendered 1186/14425, time remaining: 2m 18s
Rendered 1187/14425, time remaining: 2m 20s
Rendered 1188/14425, time remaining: 2m 20s
Rendered 1189/14425, time remaining: 2m 19s
Rendered 1190/14425, time remaining: 2m 19s
Rendered 1191/14425, time remaining: 2m 21s
Rendered 1192/14425, time remaining: 2m 21s
Rendered 1193/14425, time remaining: 2m 19s
Rendered 1194/14425, time remaining: 2m 19s
Rendered 1195/14425, time remaining: 2m 21s
Rendered 1196/14425, time remaining: 2m 21s
Rendered 1197/14425, time remaining: 2m 19s
Rendered 1198/14425, time remaining: 2m 19s
Rendered 1199/14425, time remaining: 2m 21s
Rendered 1200/14425, time remaining: 2m 21s
Rendered 1201/14425, time remaining: 2m 19s
Rendered 1202/14425, time remaining: 2m 19s
Rendered 1203/14425, time remaining: 2m 21s
Rendered 1204/14425, time remaining: 2m 21s
Rendered 1205/14425, time remaining: 2m 19s
Rendered 1206/14425, time remaining: 2m 19s
Rendered 1207/14425, time remaining: 2m 21s
Rendered 1208/14425, time remaining: 2m 21s
Rendered 1209/14425, time remaining: 2m 19s
Rendered 1210/14425, time remaining: 2m 19s
Rendered 1211/14425, time remaining: 2m 21s
Rendered 1212/14425, time remaining: 2m 21s
Rendered 1213/14425, time remaining: 2m 19s
Rendered 1214/14425, time remaining: 2m 19s
Rendered 1215/14425, time remaining: 2m 21s
Rendered 1216/14425, time remaining: 2m 21s
Rendered 1217/14425, time remaining: 2m 19s
Rendered 1218/14425, time remaining: 2m 19s
Rendered 1219/14425, time remaining: 2m 21s
Rendered 1220/14425, time remaining: 2m 21s
Rendered 1221/14425, time remaining: 2m 19s
Rendered 1222/14425, time remaining: 2m 19s
Rendered 1223/14425, time remaining: 2m 21s
Rendered 1224/14425, time remaining: 2m 21s
Rendered 1225/14425, time remaining: 2m 19s
Rendered 1226/14425, time remaining: 2m 19s
Rendered 1227/14425, time remaining: 2m 21s
Rendered 1228/14425, time remaining: 2m 21s
Rendered 1229/14425, time remaining: 2m 19s
Rendered 1230/14425, time remaining: 2m 19s
Rendered 1230/14425, time remaining: 2m 19s
Rendered 1231/14425, time remaining: 2m 21s
Rendered 1232/14425, time remaining: 2m 21s
Rendered 1233/14425, time remaining: 2m 20s
Rendered 1234/14425, time remaining: 2m 20s
Rendered 1235/14425, time remaining: 2m 21s
Rendered 1236/14425, time remaining: 2m 21s
Rendered 1237/14425, time remaining: 2m 20s
Rendered 1238/14425, time remaining: 2m 20s
Rendered 1239/14425, time remaining: 2m 21s
Rendered 1240/14425, time remaining: 2m 21s
Rendered 1241/14425, time remaining: 2m 20s
Rendered 1242/14425, time remaining: 2m 20s
Rendered 1243/14425, time remaining: 2m 21s
Rendered 1244/14425, time remaining: 2m 21s
Rendered 1245/14425, time remaining: 2m 19s
Rendered 1246/14425, time remaining: 2m 20s
Rendered 1247/14425, time remaining: 2m 21s
Rendered 1248/14425, time remaining: 2m 21s
Rendered 1249/14425, time remaining: 2m 19s
Rendered 1250/14425, time remaining: 2m 19s
Rendered 1251/14425, time remaining: 2m 21s
Rendered 1252/14425, time remaining: 2m 21s
Rendered 1253/14425, time remaining: 2m 19s
Rendered 1254/14425, time remaining: 2m 19s
Rendered 1255/14425, time remaining: 2m 22s
Rendered 1256/14425, time remaining: 2m 22s
Rendered 1257/14425, time remaining: 2m 20s
Rendered 1258/14425, time remaining: 2m 20s
Rendered 1259/14425, time remaining: 2m 21s
Rendered 1260/14425, time remaining: 2m 21s
Rendered 1261/14425, time remaining: 2m 20s
Rendered 1262/14425, time remaining: 2m 20s
Rendered 1263/14425, time remaining: 2m 21s
Rendered 1264/14425, time remaining: 2m 21s
Rendered 1265/14425, time remaining: 2m 20s
Rendered 1266/14425, time remaining: 2m 20s
Rendered 1267/14425, time remaining: 2m 21s
Rendered 1268/14425, time remaining: 2m 21s
Rendered 1269/14425, time remaining: 2m 19s
Rendered 1270/14425, time remaining: 2m 19s
Rendered 1271/14425, time remaining: 2m 21s
Rendered 1272/14425, time remaining: 2m 21s
Rendered 1273/14425, time remaining: 2m 19s
Rendered 1274/14425, time remaining: 2m 19s
Rendered 1275/14425, time remaining: 2m 21s
Rendered 1276/14425, time remaining: 2m 21s
Rendered 1277/14425, time remaining: 2m 19s
Rendered 1278/14425, time remaining: 2m 19s
Rendered 1278/14425, time remaining: 2m 19s
Rendered 1279/14425, time remaining: 2m 21s
Rendered 1280/14425, time remaining: 2m 21s
Rendered 1281/14425, time remaining: 2m 19s
Rendered 1282/14425, time remaining: 2m 19s
Rendered 1283/14425, time remaining: 2m 21s
Rendered 1284/14425, time remaining: 2m 21s
Rendered 1285/14425, time remaining: 2m 17s
Rendered 1286/14425, time remaining: 2m 17s
Rendered 1287/14425, time remaining: 2m 18s
Rendered 1288/14425, time remaining: 2m 18s
Rendered 1289/14425, time remaining: 2m 17s
Rendered 1290/14425, time remaining: 2m 17s
Rendered 1291/14425, time remaining: 2m 18s
Rendered 1292/14425, time remaining: 2m 18s
Rendered 1293/14425, time remaining: 2m 17s
Rendered 1294/14425, time remaining: 2m 17s
Rendered 1295/14425, time remaining: 2m 18s
Rendered 1296/14425, time remaining: 2m 18s
Rendered 1297/14425, time remaining: 2m 17s
Rendered 1298/14425, time remaining: 2m 17s
Rendered 1299/14425, time remaining: 2m 18s
Rendered 1300/14425, time remaining: 2m 18s
Rendered 1301/14425, time remaining: 2m 17s
Rendered 1302/14425, time remaining: 2m 17s
Rendered 1303/14425, time remaining: 2m 18s
Rendered 1304/14425, time remaining: 2m 18s
Rendered 1305/14425, time remaining: 2m 17s
Rendered 1306/14425, time remaining: 2m 17s
Rendered 1307/14425, time remaining: 2m 18s
Rendered 1308/14425, time remaining: 2m 18s
Rendered 1309/14425, time remaining: 2m 17s
Rendered 1310/14425, time remaining: 2m 17s
Rendered 1311/14425, time remaining: 2m 18s
Rendered 1312/14425, time remaining: 2m 18s
Rendered 1313/14425, time remaining: 2m 17s
Rendered 1314/14425, time remaining: 2m 17s
Rendered 1315/14425, time remaining: 2m 18s
Rendered 1316/14425, time remaining: 2m 18s
Rendered 1317/14425, time remaining: 2m 16s
Rendered 1318/14425, time remaining: 2m 17s
Rendered 1319/14425, time remaining: 2m 18s
Rendered 1320/14425, time remaining: 2m 18s
Rendered 1321/14425, time remaining: 2m 16s
Rendered 1322/14425, time remaining: 2m 16s
Rendered 1323/14425, time remaining: 2m 18s
Rendered 1324/14425, time remaining: 2m 18s
Rendered 1325/14425, time remaining: 2m 16s
Rendered 1326/14425, time remaining: 2m 16s
Rendered 1326/14425, time remaining: 2m 16s
Rendered 1327/14425, time remaining: 2m 18s
Rendered 1328/14425, time remaining: 2m 18s
Rendered 1329/14425, time remaining: 2m 16s
Rendered 1330/14425, time remaining: 2m 16s
Rendered 1331/14425, time remaining: 2m 18s
Rendered 1332/14425, time remaining: 2m 18s
Rendered 1333/14425, time remaining: 2m 16s
Rendered 1334/14425, time remaining: 2m 16s
Rendered 1335/14425, time remaining: 2m 18s
Rendered 1336/14425, time remaining: 2m 18s
Rendered 1337/14425, time remaining: 2m 16s
Rendered 1338/14425, time remaining: 2m 16s
Rendered 1339/14425, time remaining: 2m 17s
Rendered 1340/14425, time remaining: 2m 17s
Rendered 1341/14425, time remaining: 2m 15s
Rendered 1342/14425, time remaining: 2m 15s
Rendered 1343/14425, time remaining: 2m 17s
Rendered 1344/14425, time remaining: 2m 17s
Rendered 1345/14425, time remaining: 2m 15s
Rendered 1346/14425, time remaining: 2m 15s
Rendered 1347/14425, time remaining: 2m 17s
Rendered 1348/14425, time remaining: 2m 17s
Rendered 1349/14425, time remaining: 2m 15s
Rendered 1350/14425, time remaining: 2m 15s
Rendered 1351/14425, time remaining: 2m 17s
Rendered 1352/14425, time remaining: 2m 17s
Rendered 1353/14425, time remaining: 2m 15s
Rendered 1354/14425, time remaining: 2m 15s
Rendered 1355/14425, time remaining: 2m 17s
Rendered 1356/14425, time remaining: 2m 16s
Rendered 1357/14425, time remaining: 2m 15s
Rendered 1358/14425, time remaining: 2m 15s
Rendered 1359/14425, time remaining: 2m 17s
Rendered 1360/14425, time remaining: 2m 17s
Rendered 1361/14425, time remaining: 2m 15s
Rendered 1362/14425, time remaining: 2m 15s
Rendered 1363/14425, time remaining: 2m 16s
Rendered 1364/14425, time remaining: 2m 16s
Rendered 1365/14425, time remaining: 2m 15s
Rendered 1366/14425, time remaining: 2m 15s
Rendered 1367/14425, time remaining: 2m 16s
Rendered 1368/14425, time remaining: 2m 16s
Rendered 1369/14425, time remaining: 2m 15s
Rendered 1370/14425, time remaining: 2m 15s
Rendered 1371/14425, time remaining: 2m 16s
Rendered 1372/14425, time remaining: 2m 16s
Rendered 1373/14425, time remaining: 2m 15s
Rendered 1374/14425, time remaining: 2m 15s
Rendered 1374/14425, time remaining: 2m 15s
Rendered 1375/14425, time remaining: 2m 16s
Rendered 1376/14425, time remaining: 2m 16s
Rendered 1377/14425, time remaining: 2m 15s
Rendered 1378/14425, time remaining: 2m 15s
Rendered 1379/14425, time remaining: 2m 16s
Rendered 1380/14425, time remaining: 2m 16s
Rendered 1381/14425, time remaining: 2m 14s
Rendered 1382/14425, time remaining: 2m 14s
Rendered 1383/14425, time remaining: 2m 15s
Rendered 1384/14425, time remaining: 2m 15s
Rendered 1385/14425, time remaining: 2m 14s
Rendered 1386/14425, time remaining: 2m 14s
Rendered 1387/14425, time remaining: 2m 15s
Rendered 1388/14425, time remaining: 2m 15s
Rendered 1389/14425, time remaining: 2m 14s
Rendered 1390/14425, time remaining: 2m 14s
Rendered 1391/14425, time remaining: 2m 15s
Rendered 1392/14425, time remaining: 2m 15s
Rendered 1393/14425, time remaining: 2m 14s
Rendered 1394/14425, time remaining: 2m 14s
Rendered 1395/14425, time remaining: 2m 15s
Rendered 1396/14425, time remaining: 2m 15s
Rendered 1397/14425, time remaining: 2m 14s
Rendered 1398/14425, time remaining: 2m 14s
Rendered 1399/14425, time remaining: 2m 15s
Rendered 1400/14425, time remaining: 2m 15s
Rendered 1401/14425, time remaining: 2m 13s
Rendered 1402/14425, time remaining: 2m 13s
Rendered 1403/14425, time remaining: 2m 15s
Rendered 1404/14425, time remaining: 2m 15s
Rendered 1405/14425, time remaining: 2m 13s
Rendered 1406/14425, time remaining: 2m 13s
Rendered 1407/14425, time remaining: 2m 14s
Rendered 1408/14425, time remaining: 2m 14s
Rendered 1409/14425, time remaining: 2m 13s
Rendered 1410/14425, time remaining: 2m 13s
Rendered 1411/14425, time remaining: 2m 15s
Rendered 1412/14425, time remaining: 2m 14s
Rendered 1413/14425, time remaining: 2m 13s
Rendered 1414/14425, time remaining: 2m 13s
Rendered 1415/14425, time remaining: 2m 15s
Rendered 1416/14425, time remaining: 2m 15s
Rendered 1417/14425, time remaining: 2m 13s
Rendered 1418/14425, time remaining: 2m 13s
Rendered 1419/14425, time remaining: 2m 15s
Rendered 1420/14425, time remaining: 2m 15s
Rendered 1421/14425, time remaining: 2m 13s
Rendered 1422/14425, time remaining: 2m 13s
Rendered 1422/14425, time remaining: 2m 13s
Rendered 1423/14425, time remaining: 2m 15s
Rendered 1424/14425, time remaining: 2m 15s
Rendered 1425/14425, time remaining: 2m 13s
Rendered 1426/14425, time remaining: 2m 13s
Rendered 1427/14425, time remaining: 2m 15s
Rendered 1428/14425, time remaining: 2m 15s
Rendered 1429/14425, time remaining: 2m 13s
Rendered 1430/14425, time remaining: 2m 13s
Rendered 1431/14425, time remaining: 2m 15s
Rendered 1432/14425, time remaining: 2m 15s
Rendered 1433/14425, time remaining: 2m 13s
Rendered 1434/14425, time remaining: 2m 13s
Rendered 1435/14425, time remaining: 2m 15s
Rendered 1436/14425, time remaining: 2m 15s
Rendered 1437/14425, time remaining: 2m 13s
Rendered 1438/14425, time remaining: 2m 13s
Rendered 1439/14425, time remaining: 2m 15s
Rendered 1440/14425, time remaining: 2m 15s
Rendered 1441/14425, time remaining: 2m 13s
Rendered 1442/14425, time remaining: 2m 13s
Rendered 1443/14425, time remaining: 2m 15s
Rendered 1444/14425, time remaining: 2m 15s
Rendered 1445/14425, time remaining: 2m 13s
Rendered 1446/14425, time remaining: 2m 13s
Rendered 1447/14425, time remaining: 2m 15s
Rendered 1448/14425, time remaining: 2m 15s
Rendered 1449/14425, time remaining: 2m 14s
Rendered 1450/14425, time remaining: 2m 14s
Rendered 1451/14425, time remaining: 2m 15s
Rendered 1452/14425, time remaining: 2m 15s
Rendered 1453/14425, time remaining: 2m 14s
Rendered 1454/14425, time remaining: 2m 14s
Rendered 1455/14425, time remaining: 2m 15s
Rendered 1456/14425, time remaining: 2m 15s
Rendered 1457/14425, time remaining: 2m 14s
Rendered 1458/14425, time remaining: 2m 14s
Rendered 1459/14425, time remaining: 2m 15s
Rendered 1460/14425, time remaining: 2m 15s
Rendered 1461/14425, time remaining: 2m 14s
Rendered 1462/14425, time remaining: 2m 14s
Rendered 1463/14425, time remaining: 2m 15s
Rendered 1464/14425, time remaining: 2m 15s
Rendered 1465/14425, time remaining: 2m 14s
Rendered 1466/14425, time remaining: 2m 13s
Rendered 1467/14425, time remaining: 2m 15s
Rendered 1468/14425, time remaining: 2m 15s
Rendered 1469/14425, time remaining: 2m 13s
Rendered 1470/14425, time remaining: 2m 14s
Rendered 1470/14425, time remaining: 2m 14s
Rendered 1471/14425, time remaining: 2m 16s
Rendered 1472/14425, time remaining: 2m 16s
Rendered 1473/14425, time remaining: 2m 15s
Rendered 1474/14425, time remaining: 2m 15s
Rendered 1475/14425, time remaining: 2m 15s
Rendered 1476/14425, time remaining: 2m 15s
Rendered 1477/14425, time remaining: 2m 14s
Rendered 1478/14425, time remaining: 2m 14s
Rendered 1479/14425, time remaining: 2m 15s
Rendered 1480/14425, time remaining: 2m 15s
Rendered 1481/14425, time remaining: 2m 14s
Rendered 1482/14425, time remaining: 2m 14s
Rendered 1483/14425, time remaining: 2m 15s
Rendered 1484/14425, time remaining: 2m 15s
Rendered 1485/14425, time remaining: 2m 13s
Rendered 1486/14425, time remaining: 2m 13s
Rendered 1487/14425, time remaining: 2m 14s
Rendered 1488/14425, time remaining: 2m 15s
Rendered 1489/14425, time remaining: 2m 13s
Rendered 1490/14425, time remaining: 2m 13s
Rendered 1491/14425, time remaining: 2m 14s
Rendered 1492/14425, time remaining: 2m 14s
Rendered 1493/14425, time remaining: 2m 13s
Rendered 1494/14425, time remaining: 2m 13s
Rendered 1495/14425, time remaining: 2m 13s
Rendered 1496/14425, time remaining: 2m 14s
Rendered 1497/14425, time remaining: 2m 12s
Rendered 1498/14425, time remaining: 2m 12s
Rendered 1499/14425, time remaining: 2m 14s
Rendered 1500/14425, time remaining: 2m 13s
Rendered 1501/14425, time remaining: 2m 12s
Rendered 1502/14425, time remaining: 2m 12s
Rendered 1503/14425, time remaining: 2m 13s
Rendered 1504/14425, time remaining: 2m 13s
Rendered 1505/14425, time remaining: 2m 12s
Rendered 1506/14425, time remaining: 2m 12s
Rendered 1507/14425, time remaining: 2m 13s
Rendered 1508/14425, time remaining: 2m 13s
Rendered 1509/14425, time remaining: 2m 12s
Rendered 1510/14425, time remaining: 2m 12s
Rendered 1511/14425, time remaining: 2m 13s
Rendered 1512/14425, time remaining: 2m 13s
Rendered 1513/14425, time remaining: 2m 12s
Rendered 1514/14425, time remaining: 2m 12s
Rendered 1515/14425, time remaining: 2m 13s
Rendered 1516/14425, time remaining: 2m 13s
Rendered 1517/14425, time remaining: 2m 12s
Rendered 1518/14425, time remaining: 2m 12s
Rendered 1519/14425, time remaining: 2m 13s
Rendered 1520/14425, time remaining: 2m 13s
Rendered 1521/14425, time remaining: 2m 12s
Rendered 1522/14425, time remaining: 2m 12s
Rendered 1522/14425, time remaining: 2m 12s
Rendered 1523/14425, time remaining: 2m 12s
Rendered 1524/14425, time remaining: 2m 12s
Rendered 1525/14425, time remaining: 2m 11s
Rendered 1526/14425, time remaining: 2m 11s
Rendered 1527/14425, time remaining: 2m 12s
Rendered 1528/14425, time remaining: 2m 12s
Rendered 1529/14425, time remaining: 2m 11s
Rendered 1530/14425, time remaining: 2m 11s
Rendered 1531/14425, time remaining: 2m 12s
Rendered 1532/14425, time remaining: 2m 12s
Rendered 1533/14425, time remaining: 2m 11s
Rendered 1534/14425, time remaining: 2m 11s
Rendered 1535/14425, time remaining: 2m 12s
Rendered 1536/14425, time remaining: 2m 12s
Rendered 1537/14425, time remaining: 2m 11s
Rendered 1538/14425, time remaining: 2m 11s
Rendered 1539/14425, time remaining: 2m 12s
Rendered 1540/14425, time remaining: 2m 12s
Rendered 1541/14425, time remaining: 2m 11s
Rendered 1542/14425, time remaining: 2m 11s
Rendered 1543/14425, time remaining: 2m 12s
Rendered 1544/14425, time remaining: 2m 12s
Rendered 1545/14425, time remaining: 2m 11s
Rendered 1546/14425, time remaining: 2m 11s
Rendered 1547/14425, time remaining: 2m 12s
Rendered 1548/14425, time remaining: 2m 12s
Rendered 1549/14425, time remaining: 2m 11s
Rendered 1550/14425, time remaining: 2m 11s
Rendered 1551/14425, time remaining: 2m 12s
Rendered 1552/14425, time remaining: 2m 12s
Rendered 1553/14425, time remaining: 2m 10s
Rendered 1554/14425, time remaining: 2m 10s
Rendered 1555/14425, time remaining: 2m 12s
Rendered 1556/14425, time remaining: 2m 12s
Rendered 1557/14425, time remaining: 2m 10s
Rendered 1558/14425, time remaining: 2m 10s
Rendered 1559/14425, time remaining: 2m 12s
Rendered 1560/14425, time remaining: 2m 12s
Rendered 1561/14425, time remaining: 2m 10s
Rendered 1562/14425, time remaining: 2m 10s
Rendered 1563/14425, time remaining: 2m 12s
Rendered 1564/14425, time remaining: 2m 12s
Rendered 1565/14425, time remaining: 2m 10s
Rendered 1566/14425, time remaining: 2m 10s
Rendered 1567/14425, time remaining: 2m 12s
Rendered 1568/14425, time remaining: 2m 12s
Rendered 1569/14425, time remaining: 2m 10s
Rendered 1570/14425, time remaining: 2m 10s
Rendered 1570/14425, time remaining: 2m 10s
Rendered 1571/14425, time remaining: 2m 12s
Rendered 1572/14425, time remaining: 2m 12s
Rendered 1573/14425, time remaining: 2m 10s
Rendered 1574/14425, time remaining: 2m 10s
Rendered 1575/14425, time remaining: 2m 12s
Rendered 1576/14425, time remaining: 2m 12s
Rendered 1577/14425, time remaining: 2m 10s
Rendered 1578/14425, time remaining: 2m 10s
Rendered 1579/14425, time remaining: 2m 12s
Rendered 1580/14425, time remaining: 2m 12s
Rendered 1581/14425, time remaining: 2m 10s
Rendered 1582/14425, time remaining: 2m 10s
Rendered 1583/14425, time remaining: 2m 12s
Rendered 1584/14425, time remaining: 2m 12s
Rendered 1585/14425, time remaining: 2m 10s
Rendered 1586/14425, time remaining: 2m 11s
Rendered 1587/14425, time remaining: 2m 12s
Rendered 1588/14425, time remaining: 2m 12s
Rendered 1589/14425, time remaining: 2m 10s
Rendered 1590/14425, time remaining: 2m 11s
Rendered 1591/14425, time remaining: 2m 12s
Rendered 1592/14425, time remaining: 2m 11s
Rendered 1593/14425, time remaining: 2m 10s
Rendered 1594/14425, time remaining: 2m 10s
Rendered 1595/14425, time remaining: 2m 11s
Rendered 1596/14425, time remaining: 2m 11s
Rendered 1597/14425, time remaining: 2m 9s
Rendered 1598/14425, time remaining: 2m 9s
Rendered 1599/14425, time remaining: 2m 10s
Rendered 1600/14425, time remaining: 2m 10s
Rendered 1601/14425, time remaining: 2m 9s
Rendered 1602/14425, time remaining: 2m 9s
Rendered 1603/14425, time remaining: 2m 10s
Rendered 1604/14425, time remaining: 2m 10s
Rendered 1605/14425, time remaining: 2m 9s
Rendered 1606/14425, time remaining: 2m 9s
Rendered 1607/14425, time remaining: 2m 10s
Rendered 1608/14425, time remaining: 2m 10s
Rendered 1609/14425, time remaining: 2m 9s
Rendered 1610/14425, time remaining: 2m 9s
Rendered 1611/14425, time remaining: 2m 10s
Rendered 1612/14425, time remaining: 2m 10s
Rendered 1613/14425, time remaining: 2m 9s
Rendered 1614/14425, time remaining: 2m 9s
Rendered 1615/14425, time remaining: 2m 10s
Rendered 1616/14425, time remaining: 2m 10s
Rendered 1617/14425, time remaining: 2m 9s
Rendered 1618/14425, time remaining: 2m 8s
Rendered 1619/14425, time remaining: 2m 10s
Rendered 1620/14425, time remaining: 2m 10s
Rendered 1620/14425, time remaining: 2m 10s
Rendered 1621/14425, time remaining: 2m 8s
Rendered 1622/14425, time remaining: 2m 8s
Rendered 1623/14425, time remaining: 2m 9s
Rendered 1624/14425, time remaining: 2m 9s
Rendered 1625/14425, time remaining: 2m 8s
Rendered 1626/14425, time remaining: 2m 8s
Rendered 1627/14425, time remaining: 2m 9s
Rendered 1628/14425, time remaining: 2m 10s
Rendered 1629/14425, time remaining: 2m 8s
Rendered 1630/14425, time remaining: 2m 8s
Rendered 1631/14425, time remaining: 2m 10s
Rendered 1632/14425, time remaining: 2m 10s
Rendered 1633/14425, time remaining: 2m 9s
Rendered 1634/14425, time remaining: 2m 9s
Rendered 1635/14425, time remaining: 2m 10s
Rendered 1636/14425, time remaining: 2m 10s
Rendered 1637/14425, time remaining: 2m 9s
Rendered 1638/14425, time remaining: 2m 9s
Rendered 1639/14425, time remaining: 2m 10s
Rendered 1640/14425, time remaining: 2m 10s
Rendered 1641/14425, time remaining: 2m 9s
Rendered 1642/14425, time remaining: 2m 9s
Rendered 1643/14425, time remaining: 2m 11s
Rendered 1644/14425, time remaining: 2m 11s
Rendered 1645/14425, time remaining: 2m 10s
Rendered 1646/14425, time remaining: 2m 9s
Rendered 1647/14425, time remaining: 2m 11s
Rendered 1648/14425, time remaining: 2m 11s
Rendered 1649/14425, time remaining: 2m 10s
Rendered 1650/14425, time remaining: 2m 10s
Rendered 1651/14425, time remaining: 2m 11s
Rendered 1652/14425, time remaining: 2m 11s
Rendered 1653/14425, time remaining: 2m 10s
Rendered 1654/14425, time remaining: 2m 10s
Rendered 1655/14425, time remaining: 2m 11s
Rendered 1656/14425, time remaining: 2m 11s
Rendered 1657/14425, time remaining: 2m 9s
Rendered 1658/14425, time remaining: 2m 10s
Rendered 1659/14425, time remaining: 2m 11s
Rendered 1660/14425, time remaining: 2m 11s
Rendered 1661/14425, time remaining: 2m 10s
Rendered 1662/14425, time remaining: 2m 10s
Rendered 1663/14425, time remaining: 2m 11s
Rendered 1664/14425, time remaining: 2m 11s
Rendered 1665/14425, time remaining: 2m 9s
Rendered 1666/14425, time remaining: 2m 9s
Rendered 1667/14425, time remaining: 2m 11s
Rendered 1668/14425, time remaining: 2m 11s
Rendered 1669/14425, time remaining: 2m 10s
Rendered 1669/14425, time remaining: 2m 10s
Rendered 1670/14425, time remaining: 2m 10s
Rendered 1671/14425, time remaining: 2m 11s
Rendered 1672/14425, time remaining: 2m 11s
Rendered 1673/14425, time remaining: 2m 10s
Rendered 1674/14425, time remaining: 2m 10s
Rendered 1675/14425, time remaining: 2m 11s
Rendered 1676/14425, time remaining: 2m 11s
Rendered 1677/14425, time remaining: 2m 10s
Rendered 1678/14425, time remaining: 2m 10s
Rendered 1679/14425, time remaining: 2m 12s
Rendered 1680/14425, time remaining: 2m 12s
Rendered 1681/14425, time remaining: 2m 10s
Rendered 1682/14425, time remaining: 2m 10s
Rendered 1683/14425, time remaining: 2m 12s
Rendered 1684/14425, time remaining: 2m 11s
Rendered 1685/14425, time remaining: 2m 10s
Rendered 1686/14425, time remaining: 2m 10s
Rendered 1687/14425, time remaining: 2m 11s
Rendered 1688/14425, time remaining: 2m 11s
Rendered 1689/14425, time remaining: 2m 10s
Rendered 1690/14425, time remaining: 2m 10s
Rendered 1691/14425, time remaining: 2m 12s
Rendered 1692/14425, time remaining: 2m 11s
Rendered 1693/14425, time remaining: 2m 10s
Rendered 1694/14425, time remaining: 2m 10s
Rendered 1695/14425, time remaining: 2m 11s
Rendered 1696/14425, time remaining: 2m 11s
Rendered 1697/14425, time remaining: 2m 10s
Rendered 1698/14425, time remaining: 2m 10s
Rendered 1699/14425, time remaining: 2m 11s
Rendered 1700/14425, time remaining: 2m 11s
Rendered 1701/14425, time remaining: 2m 10s
Rendered 1702/14425, time remaining: 2m 10s
Rendered 1703/14425, time remaining: 2m 11s
Rendered 1704/14425, time remaining: 2m 11s
Rendered 1705/14425, time remaining: 2m 10s
Rendered 1706/14425, time remaining: 2m 10s
Rendered 1707/14425, time remaining: 2m 11s
Rendered 1708/14425, time remaining: 2m 11s
Rendered 1709/14425, time remaining: 2m 10s
Rendered 1710/14425, time remaining: 2m 10s
Rendered 1711/14425, time remaining: 2m 11s
Rendered 1712/14425, time remaining: 2m 11s
Rendered 1713/14425, time remaining: 2m 10s
Rendered 1714/14425, time remaining: 2m 10s
Rendered 1715/14425, time remaining: 2m 11s
Rendered 1716/14425, time remaining: 2m 11s
Rendered 1717/14425, time remaining: 2m 10s
Rendered 1718/14425, time remaining: 2m 10s
Rendered 1718/14425, time remaining: 2m 10s
Rendered 1719/14425, time remaining: 2m 11s
Rendered 1720/14425, time remaining: 2m 11s
Rendered 1721/14425, time remaining: 2m 10s
Rendered 1722/14425, time remaining: 2m 10s
Rendered 1723/14425, time remaining: 2m 11s
Rendered 1724/14425, time remaining: 2m 11s
Rendered 1725/14425, time remaining: 2m 10s
Rendered 1726/14425, time remaining: 2m 10s
Rendered 1727/14425, time remaining: 2m 11s
Rendered 1728/14425, time remaining: 2m 11s
Rendered 1729/14425, time remaining: 2m 9s
Rendered 1730/14425, time remaining: 2m 9s
Rendered 1731/14425, time remaining: 2m 11s
Rendered 1732/14425, time remaining: 2m 11s
Rendered 1733/14425, time remaining: 2m 9s
Rendered 1734/14425, time remaining: 2m 9s
Rendered 1735/14425, time remaining: 2m 11s
Rendered 1736/14425, time remaining: 2m 11s
Rendered 1737/14425, time remaining: 2m 9s
Rendered 1738/14425, time remaining: 2m 9s
Rendered 1739/14425, time remaining: 2m 11s
Rendered 1740/14425, time remaining: 2m 11s
Rendered 1741/14425, time remaining: 2m 10s
Rendered 1742/14425, time remaining: 2m 10s
Rendered 1743/14425, time remaining: 2m 11s
Rendered 1744/14425, time remaining: 2m 11s
Rendered 1745/14425, time remaining: 2m 10s
Rendered 1746/14425, time remaining: 2m 10s
Rendered 1747/14425, time remaining: 2m 11s
Rendered 1748/14425, time remaining: 2m 11s
Rendered 1749/14425, time remaining: 2m 10s
Rendered 1750/14425, time remaining: 2m 10s
Rendered 1751/14425, time remaining: 2m 11s
Rendered 1752/14425, time remaining: 2m 11s
Rendered 1753/14425, time remaining: 2m 9s
Rendered 1754/14425, time remaining: 2m 9s
Rendered 1755/14425, time remaining: 2m 11s
Rendered 1756/14425, time remaining: 2m 11s
Rendered 1757/14425, time remaining: 2m 9s
Rendered 1758/14425, time remaining: 2m 9s
Rendered 1759/14425, time remaining: 2m 11s
Rendered 1760/14425, time remaining: 2m 11s
Rendered 1761/14425, time remaining: 2m 9s
Rendered 1762/14425, time remaining: 2m 9s
Rendered 1763/14425, time remaining: 2m 11s
Rendered 1764/14425, time remaining: 2m 11s
Rendered 1765/14425, time remaining: 2m 9s
Rendered 1766/14425, time remaining: 2m 9s
Rendered 1766/14425, time remaining: 2m 9s
Rendered 1767/14425, time remaining: 2m 11s
Rendered 1768/14425, time remaining: 2m 11s
Rendered 1769/14425, time remaining: 2m 9s
Rendered 1770/14425, time remaining: 2m 9s
Rendered 1771/14425, time remaining: 2m 11s
Rendered 1772/14425, time remaining: 2m 11s
Rendered 1773/14425, time remaining: 2m 9s
Rendered 1774/14425, time remaining: 2m 9s
Rendered 1775/14425, time remaining: 2m 11s
Rendered 1776/14425, time remaining: 2m 10s
Rendered 1777/14425, time remaining: 2m 9s
Rendered 1778/14425, time remaining: 2m 9s
Rendered 1779/14425, time remaining: 2m 11s
Rendered 1780/14425, time remaining: 2m 10s
Rendered 1781/14425, time remaining: 2m 9s
Rendered 1782/14425, time remaining: 2m 9s
Rendered 1783/14425, time remaining: 2m 10s
Rendered 1784/14425, time remaining: 2m 10s
Rendered 1785/14425, time remaining: 2m 9s
Rendered 1786/14425, time remaining: 2m 9s
Rendered 1787/14425, time remaining: 2m 10s
Rendered 1788/14425, time remaining: 2m 10s
Rendered 1789/14425, time remaining: 2m 9s
Rendered 1790/14425, time remaining: 2m 9s
Rendered 1791/14425, time remaining: 2m 10s
Rendered 1792/14425, time remaining: 2m 10s
Rendered 1793/14425, time remaining: 2m 9s
Rendered 1794/14425, time remaining: 2m 9s
Rendered 1795/14425, time remaining: 2m 10s
Rendered 1796/14425, time remaining: 2m 10s
Rendered 1797/14425, time remaining: 2m 9s
Rendered 1798/14425, time remaining: 2m 9s
Rendered 1799/14425, time remaining: 2m 10s
Rendered 1800/14425, time remaining: 2m 10s
Rendered 1801/14425, time remaining: 2m 9s
Rendered 1802/14425, time remaining: 2m 9s
Rendered 1803/14425, time remaining: 2m 10s
Rendered 1804/14425, time remaining: 2m 10s
Rendered 1805/14425, time remaining: 2m 9s
Rendered 1806/14425, time remaining: 2m 9s
Rendered 1807/14425, time remaining: 2m 10s
Rendered 1808/14425, time remaining: 2m 10s
Rendered 1809/14425, time remaining: 2m 9s
Rendered 1810/14425, time remaining: 2m 9s
Rendered 1811/14425, time remaining: 2m 10s
Rendered 1812/14425, time remaining: 2m 10s
Rendered 1813/14425, time remaining: 2m 9s
Rendered 1814/14425, time remaining: 2m 9s
Rendered 1814/14425, time remaining: 2m 9s
Rendered 1815/14425, time remaining: 2m 10s
Rendered 1816/14425, time remaining: 2m 10s
Rendered 1817/14425, time remaining: 2m 9s
Rendered 1818/14425, time remaining: 2m 8s
Rendered 1819/14425, time remaining: 2m 10s
Rendered 1820/14425, time remaining: 2m 10s
Rendered 1821/14425, time remaining: 2m 8s
Rendered 1822/14425, time remaining: 2m 8s
Rendered 1823/14425, time remaining: 2m 10s
Rendered 1824/14425, time remaining: 2m 10s
Rendered 1825/14425, time remaining: 2m 8s
Rendered 1826/14425, time remaining: 2m 8s
Rendered 1827/14425, time remaining: 2m 10s
Rendered 1828/14425, time remaining: 2m 10s
Rendered 1829/14425, time remaining: 2m 8s
Rendered 1830/14425, time remaining: 2m 8s
Rendered 1831/14425, time remaining: 2m 10s
Rendered 1832/14425, time remaining: 2m 10s
Rendered 1833/14425, time remaining: 2m 8s
Rendered 1834/14425, time remaining: 2m 8s
Rendered 1835/14425, time remaining: 2m 10s
Rendered 1836/14425, time remaining: 2m 10s
Rendered 1837/14425, time remaining: 2m 8s
Rendered 1838/14425, time remaining: 2m 8s
Rendered 1839/14425, time remaining: 2m 10s
Rendered 1840/14425, time remaining: 2m 10s
Rendered 1841/14425, time remaining: 2m 8s
Rendered 1842/14425, time remaining: 2m 8s
Rendered 1843/14425, time remaining: 2m 10s
Rendered 1844/14425, time remaining: 2m 10s
Rendered 1845/14425, time remaining: 2m 8s
Rendered 1846/14425, time remaining: 2m 8s
Rendered 1847/14425, time remaining: 2m 10s
Rendered 1848/14425, time remaining: 2m 10s
Rendered 1849/14425, time remaining: 2m 8s
Rendered 1850/14425, time remaining: 2m 8s
Rendered 1851/14425, time remaining: 2m 10s
Rendered 1852/14425, time remaining: 2m 10s
Rendered 1853/14425, time remaining: 2m 8s
Rendered 1854/14425, time remaining: 2m 8s
Rendered 1855/14425, time remaining: 2m 10s
Rendered 1856/14425, time remaining: 2m 10s
Rendered 1857/14425, time remaining: 2m 8s
Rendered 1858/14425, time remaining: 2m 8s
Rendered 1859/14425, time remaining: 2m 10s
Rendered 1860/14425, time remaining: 2m 10s
Rendered 1861/14425, time remaining: 2m 8s
Rendered 1862/14425, time remaining: 2m 8s
Rendered 1863/14425, time remaining: 2m 10s
Rendered 1864/14425, time remaining: 2m 10s
Rendered 1864/14425, time remaining: 2m 10s
Rendered 1865/14425, time remaining: 2m 8s
Rendered 1866/14425, time remaining: 2m 8s
Rendered 1867/14425, time remaining: 2m 10s
Rendered 1868/14425, time remaining: 2m 10s
Rendered 1869/14425, time remaining: 2m 8s
Rendered 1870/14425, time remaining: 2m 8s
Rendered 1871/14425, time remaining: 2m 10s
Rendered 1872/14425, time remaining: 2m 10s
Rendered 1873/14425, time remaining: 2m 8s
Rendered 1874/14425, time remaining: 2m 8s
Rendered 1875/14425, time remaining: 2m 10s
Rendered 1876/14425, time remaining: 2m 10s
Rendered 1877/14425, time remaining: 2m 8s
Rendered 1878/14425, time remaining: 2m 8s
Rendered 1879/14425, time remaining: 2m 10s
Rendered 1880/14425, time remaining: 2m 10s
Rendered 1881/14425, time remaining: 2m 8s
Rendered 1882/14425, time remaining: 2m 8s
Rendered 1883/14425, time remaining: 2m 10s
Rendered 1884/14425, time remaining: 2m 10s
Rendered 1885/14425, time remaining: 2m 8s
Rendered 1886/14425, time remaining: 2m 8s
Rendered 1887/14425, time remaining: 2m 9s
Rendered 1888/14425, time remaining: 2m 9s
Rendered 1889/14425, time remaining: 2m 7s
Rendered 1890/14425, time remaining: 2m 8s
Rendered 1891/14425, time remaining: 2m 9s
Rendered 1892/14425, time remaining: 2m 9s
Rendered 1893/14425, time remaining: 2m 8s
Rendered 1894/14425, time remaining: 2m 8s
Rendered 1895/14425, time remaining: 2m 9s
Rendered 1896/14425, time remaining: 2m 9s
Rendered 1897/14425, time remaining: 2m 8s
Rendered 1898/14425, time remaining: 2m 8s
Rendered 1899/14425, time remaining: 2m 10s
Rendered 1900/14425, time remaining: 2m 10s
Rendered 1901/14425, time remaining: 2m 9s
Rendered 1902/14425, time remaining: 2m 9s
Rendered 1903/14425, time remaining: 2m 10s
Rendered 1904/14425, time remaining: 2m 10s
Rendered 1905/14425, time remaining: 2m 9s
Rendered 1906/14425, time remaining: 2m 9s
Rendered 1907/14425, time remaining: 2m 10s
Rendered 1908/14425, time remaining: 2m 10s
Rendered 1909/14425, time remaining: 2m 8s
Rendered 1910/14425, time remaining: 2m 8s
Rendered 1911/14425, time remaining: 2m 10s
Rendered 1912/14425, time remaining: 2m 10s
Rendered 1913/14425, time remaining: 2m 8s
Rendered 1913/14425, time remaining: 2m 8s
Rendered 1914/14425, time remaining: 2m 8s
Rendered 1915/14425, time remaining: 2m 10s
Rendered 1916/14425, time remaining: 2m 10s
Rendered 1917/14425, time remaining: 2m 8s
Rendered 1918/14425, time remaining: 2m 8s
Rendered 1919/14425, time remaining: 2m 10s
Rendered 1920/14425, time remaining: 2m 10s
Rendered 1921/14425, time remaining: 2m 8s
Rendered 1922/14425, time remaining: 2m 8s
Rendered 1923/14425, time remaining: 2m 10s
Rendered 1924/14425, time remaining: 2m 10s
Rendered 1925/14425, time remaining: 2m 8s
Rendered 1926/14425, time remaining: 2m 8s
Rendered 1927/14425, time remaining: 2m 10s
Rendered 1928/14425, time remaining: 2m 10s
Rendered 1929/14425, time remaining: 2m 8s
Rendered 1930/14425, time remaining: 2m 8s
Rendered 1931/14425, time remaining: 2m 10s
Rendered 1932/14425, time remaining: 2m 10s
Rendered 1933/14425, time remaining: 2m 8s
Rendered 1934/14425, time remaining: 2m 8s
Rendered 1935/14425, time remaining: 2m 10s
Rendered 1936/14425, time remaining: 2m 10s
Rendered 1937/14425, time remaining: 2m 9s
Rendered 1938/14425, time remaining: 2m 9s
Rendered 1939/14425, time remaining: 2m 10s
Rendered 1940/14425, time remaining: 2m 10s
Rendered 1941/14425, time remaining: 2m 9s
Rendered 1942/14425, time remaining: 2m 9s
Rendered 1943/14425, time remaining: 2m 10s
Rendered 1944/14425, time remaining: 2m 10s
Rendered 1945/14425, time remaining: 2m 9s
Rendered 1946/14425, time remaining: 2m 9s
Rendered 1947/14425, time remaining: 2m 10s
Rendered 1948/14425, time remaining: 2m 10s
Rendered 1949/14425, time remaining: 2m 9s
Rendered 1950/14425, time remaining: 2m 9s
Rendered 1951/14425, time remaining: 2m 10s
Rendered 1952/14425, time remaining: 2m 10s
Rendered 1953/14425, time remaining: 2m 9s
Rendered 1954/14425, time remaining: 2m 9s
Rendered 1955/14425, time remaining: 2m 10s
Rendered 1956/14425, time remaining: 2m 10s
Rendered 1957/14425, time remaining: 2m 9s
Rendered 1958/14425, time remaining: 2m 8s
Rendered 1959/14425, time remaining: 2m 10s
Rendered 1960/14425, time remaining: 2m 10s
Rendered 1961/14425, time remaining: 2m 8s
Rendered 1961/14425, time remaining: 2m 8s
Rendered 1962/14425, time remaining: 2m 9s
Rendered 1963/14425, time remaining: 2m 12s
Rendered 1964/14425, time remaining: 2m 12s
Rendered 1965/14425, time remaining: 2m 11s
Rendered 1966/14425, time remaining: 2m 11s
Rendered 1967/14425, time remaining: 2m 12s
Rendered 1968/14425, time remaining: 2m 12s
Rendered 1969/14425, time remaining: 2m 11s
Rendered 1970/14425, time remaining: 2m 11s
Rendered 1971/14425, time remaining: 2m 12s
Rendered 1972/14425, time remaining: 2m 12s
Rendered 1973/14425, time remaining: 2m 10s
Rendered 1974/14425, time remaining: 2m 11s
Rendered 1975/14425, time remaining: 2m 12s
Rendered 1976/14425, time remaining: 2m 12s
Rendered 1977/14425, time remaining: 2m 11s
Rendered 1978/14425, time remaining: 2m 10s
Rendered 1979/14425, time remaining: 2m 12s
Rendered 1980/14425, time remaining: 2m 12s
Rendered 1981/14425, time remaining: 2m 10s
Rendered 1982/14425, time remaining: 2m 10s
Rendered 1983/14425, time remaining: 2m 12s
Rendered 1984/14425, time remaining: 2m 12s
Rendered 1985/14425, time remaining: 2m 10s
Rendered 1986/14425, time remaining: 2m 10s
Rendered 1987/14425, time remaining: 2m 12s
Rendered 1988/14425, time remaining: 2m 12s
Rendered 1989/14425, time remaining: 2m 10s
Rendered 1990/14425, time remaining: 2m 10s
Rendered 1991/14425, time remaining: 2m 12s
Rendered 1992/14425, time remaining: 2m 12s
Rendered 1993/14425, time remaining: 2m 10s
Rendered 1994/14425, time remaining: 2m 10s
Rendered 1995/14425, time remaining: 2m 12s
Rendered 1996/14425, time remaining: 2m 12s
Rendered 1997/14425, time remaining: 2m 10s
Rendered 1998/14425, time remaining: 2m 10s
Rendered 1999/14425, time remaining: 2m 12s
Rendered 2000/14425, time remaining: 2m 12s
Rendered 2001/14425, time remaining: 2m 10s
Rendered 2002/14425, time remaining: 2m 10s
Rendered 2003/14425, time remaining: 2m 12s
Rendered 2004/14425, time remaining: 2m 12s
Rendered 2005/14425, time remaining: 2m 10s
Rendered 2006/14425, time remaining: 2m 10s
Rendered 2006/14425, time remaining: 2m 10s
Rendered 2007/14425, time remaining: 2m 12s
Rendered 2008/14425, time remaining: 2m 12s
Rendered 2009/14425, time remaining: 2m 10s
Rendered 2010/14425, time remaining: 2m 10s
Rendered 2011/14425, time remaining: 2m 12s
Rendered 2012/14425, time remaining: 2m 12s
Rendered 2013/14425, time remaining: 2m 10s
Rendered 2014/14425, time remaining: 2m 10s
Rendered 2015/14425, time remaining: 2m 12s
Rendered 2016/14425, time remaining: 2m 12s
Rendered 2017/14425, time remaining: 2m 10s
Rendered 2018/14425, time remaining: 2m 10s
Rendered 2019/14425, time remaining: 2m 12s
Rendered 2020/14425, time remaining: 2m 12s
Rendered 2021/14425, time remaining: 2m 10s
Rendered 2022/14425, time remaining: 2m 10s
Rendered 2023/14425, time remaining: 2m 12s
Rendered 2024/14425, time remaining: 2m 12s
Rendered 2025/14425, time remaining: 2m 10s
Rendered 2026/14425, time remaining: 2m 10s
Rendered 2027/14425, time remaining: 2m 12s
Rendered 2028/14425, time remaining: 2m 12s
Rendered 2029/14425, time remaining: 2m 10s
Rendered 2030/14425, time remaining: 2m 10s
Rendered 2031/14425, time remaining: 2m 12s
Rendered 2032/14425, time remaining: 2m 12s
Rendered 2033/14425, time remaining: 2m 10s
Rendered 2034/14425, time remaining: 2m 10s
Rendered 2035/14425, time remaining: 2m 12s
Rendered 2036/14425, time remaining: 2m 12s
Rendered 2037/14425, time remaining: 2m 10s
Rendered 2038/14425, time remaining: 2m 10s
Rendered 2039/14425, time remaining: 2m 12s
Rendered 2040/14425, time remaining: 2m 12s
Rendered 2041/14425, time remaining: 2m 10s
Rendered 2042/14425, time remaining: 2m 10s
Rendered 2043/14425, time remaining: 2m 11s
Rendered 2044/14425, time remaining: 2m 11s
Rendered 2045/14425, time remaining: 2m 10s
Rendered 2046/14425, time remaining: 2m 10s
Rendered 2047/14425, time remaining: 2m 11s
Rendered 2048/14425, time remaining: 2m 11s
Rendered 2049/14425, time remaining: 2m 10s
Rendered 2050/14425, time remaining: 2m 10s
Rendered 2051/14425, time remaining: 2m 11s
Rendered 2052/14425, time remaining: 2m 11s
Rendered 2053/14425, time remaining: 2m 10s
Rendered 2054/14425, time remaining: 2m 10s
Rendered 2055/14425, time remaining: 2m 11s
Rendered 2055/14425, time remaining: 2m 11s
Rendered 2056/14425, time remaining: 2m 11s
Rendered 2057/14425, time remaining: 2m 10s
Rendered 2058/14425, time remaining: 2m 10s
Rendered 2059/14425, time remaining: 2m 11s
Rendered 2060/14425, time remaining: 2m 11s
Rendered 2061/14425, time remaining: 2m 10s
Rendered 2062/14425, time remaining: 2m 10s
Rendered 2063/14425, time remaining: 2m 11s
Rendered 2064/14425, time remaining: 2m 11s
Rendered 2065/14425, time remaining: 2m 10s
Rendered 2066/14425, time remaining: 2m 10s
Rendered 2067/14425, time remaining: 2m 11s
Rendered 2068/14425, time remaining: 2m 11s
Rendered 2069/14425, time remaining: 2m 10s
Rendered 2070/14425, time remaining: 2m 10s
Rendered 2071/14425, time remaining: 2m 11s
Rendered 2072/14425, time remaining: 2m 11s
Rendered 2073/14425, time remaining: 2m 10s
Rendered 2074/14425, time remaining: 2m 10s
Rendered 2075/14425, time remaining: 2m 11s
Rendered 2076/14425, time remaining: 2m 11s
Rendered 2077/14425, time remaining: 2m 10s
Rendered 2078/14425, time remaining: 2m 10s
Rendered 2079/14425, time remaining: 2m 11s
Rendered 2080/14425, time remaining: 2m 11s
Rendered 2081/14425, time remaining: 2m 10s
Rendered 2082/14425, time remaining: 2m 10s
Rendered 2083/14425, time remaining: 2m 11s
Rendered 2084/14425, time remaining: 2m 11s
Rendered 2085/14425, time remaining: 2m 9s
Rendered 2086/14425, time remaining: 2m 9s
Rendered 2087/14425, time remaining: 2m 10s
Rendered 2088/14425, time remaining: 2m 10s
Rendered 2089/14425, time remaining: 2m 9s
Rendered 2090/14425, time remaining: 2m 9s
Rendered 2091/14425, time remaining: 2m 10s
Rendered 2092/14425, time remaining: 2m 10s
Rendered 2093/14425, time remaining: 2m 9s
Rendered 2094/14425, time remaining: 2m 9s
Rendered 2095/14425, time remaining: 2m 10s
Rendered 2096/14425, time remaining: 2m 10s
Rendered 2097/14425, time remaining: 2m 9s
Rendered 2098/14425, time remaining: 2m 9s
Rendered 2099/14425, time remaining: 2m 10s
Rendered 2100/14425, time remaining: 2m 10s
Rendered 2101/14425, time remaining: 2m 9s
Rendered 2102/14425, time remaining: 2m 9s
Rendered 2103/14425, time remaining: 2m 10s
Rendered 2103/14425, time remaining: 2m 10s
Rendered 2104/14425, time remaining: 2m 10s
Rendered 2105/14425, time remaining: 2m 9s
Rendered 2106/14425, time remaining: 2m 9s
Rendered 2107/14425, time remaining: 2m 10s
Rendered 2108/14425, time remaining: 2m 10s
Rendered 2109/14425, time remaining: 2m 9s
Rendered 2110/14425, time remaining: 2m 9s
Rendered 2111/14425, time remaining: 2m 10s
Rendered 2112/14425, time remaining: 2m 10s
Rendered 2113/14425, time remaining: 2m 6s
Rendered 2114/14425, time remaining: 2m 6s
Rendered 2115/14425, time remaining: 2m 8s
Rendered 2116/14425, time remaining: 2m 8s
Rendered 2117/14425, time remaining: 2m 6s
Rendered 2118/14425, time remaining: 2m 6s
Rendered 2119/14425, time remaining: 2m 8s
Rendered 2120/14425, time remaining: 2m 8s
Rendered 2121/14425, time remaining: 2m 6s
Rendered 2122/14425, time remaining: 2m 6s
Rendered 2123/14425, time remaining: 2m 8s
Rendered 2124/14425, time remaining: 2m 8s
Rendered 2125/14425, time remaining: 2m 6s
Rendered 2126/14425, time remaining: 2m 6s
Rendered 2127/14425, time remaining: 2m 8s
Rendered 2128/14425, time remaining: 2m 8s
Rendered 2129/14425, time remaining: 2m 6s
Rendered 2130/14425, time remaining: 2m 6s
Rendered 2131/14425, time remaining: 2m 8s
Rendered 2132/14425, time remaining: 2m 8s
Rendered 2133/14425, time remaining: 2m 6s
Rendered 2134/14425, time remaining: 2m 6s
Rendered 2135/14425, time remaining: 2m 8s
Rendered 2136/14425, time remaining: 2m 8s
Rendered 2137/14425, time remaining: 2m 6s
Rendered 2138/14425, time remaining: 2m 6s
Rendered 2139/14425, time remaining: 2m 8s
Rendered 2140/14425, time remaining: 2m 8s
Rendered 2141/14425, time remaining: 2m 6s
Rendered 2142/14425, time remaining: 2m 6s
Rendered 2143/14425, time remaining: 2m 8s
Rendered 2144/14425, time remaining: 2m 8s
Rendered 2145/14425, time remaining: 2m 6s
Rendered 2146/14425, time remaining: 2m 6s
Rendered 2147/14425, time remaining: 2m 8s
Rendered 2148/14425, time remaining: 2m 8s
Rendered 2149/14425, time remaining: 2m 6s
Rendered 2150/14425, time remaining: 2m 6s
Rendered 2151/14425, time remaining: 2m 7s
Rendered 2152/14425, time remaining: 2m 7s
Rendered 2152/14425, time remaining: 2m 7s
Rendered 2153/14425, time remaining: 2m 6s
Rendered 2154/14425, time remaining: 2m 6s
Rendered 2155/14425, time remaining: 2m 7s
Rendered 2156/14425, time remaining: 2m 7s
Rendered 2157/14425, time remaining: 2m 6s
Rendered 2158/14425, time remaining: 2m 6s
Rendered 2159/14425, time remaining: 2m 7s
Rendered 2160/14425, time remaining: 2m 7s
Rendered 2161/14425, time remaining: 2m 6s
Rendered 2162/14425, time remaining: 2m 6s
Rendered 2163/14425, time remaining: 2m 7s
Rendered 2164/14425, time remaining: 2m 7s
Rendered 2165/14425, time remaining: 2m 6s
Rendered 2166/14425, time remaining: 2m 6s
Rendered 2167/14425, time remaining: 2m 7s
Rendered 2168/14425, time remaining: 2m 7s
Rendered 2169/14425, time remaining: 2m 6s
Rendered 2170/14425, time remaining: 2m 6s
Rendered 2171/14425, time remaining: 2m 7s
Rendered 2172/14425, time remaining: 2m 7s
Rendered 2173/14425, time remaining: 2m 6s
Rendered 2174/14425, time remaining: 2m 6s
Rendered 2175/14425, time remaining: 2m 7s
Rendered 2176/14425, time remaining: 2m 7s
Rendered 2177/14425, time remaining: 2m 6s
Rendered 2178/14425, time remaining: 2m 6s
Rendered 2179/14425, time remaining: 2m 7s
Rendered 2180/14425, time remaining: 2m 7s
Rendered 2181/14425, time remaining: 2m 6s
Rendered 2182/14425, time remaining: 2m 6s
Rendered 2183/14425, time remaining: 2m 7s
Rendered 2184/14425, time remaining: 2m 7s
Rendered 2185/14425, time remaining: 2m 5s
Rendered 2186/14425, time remaining: 2m 5s
Rendered 2187/14425, time remaining: 2m 7s
Rendered 2188/14425, time remaining: 2m 7s
Rendered 2189/14425, time remaining: 2m 6s
Rendered 2190/14425, time remaining: 2m 6s
Rendered 2191/14425, time remaining: 2m 7s
Rendered 2192/14425, time remaining: 2m 7s
Rendered 2193/14425, time remaining: 2m 5s
Rendered 2194/14425, time remaining: 2m 5s
Rendered 2195/14425, time remaining: 2m 7s
Rendered 2196/14425, time remaining: 2m 7s
Rendered 2197/14425, time remaining: 2m 5s
Rendered 2198/14425, time remaining: 2m 5s
Rendered 2199/14425, time remaining: 2m 7s
Rendered 2200/14425, time remaining: 2m 7s
Rendered 2201/14425, time remaining: 2m 5s
Rendered 2201/14425, time remaining: 2m 5s
Rendered 2202/14425, time remaining: 2m 5s
Rendered 2203/14425, time remaining: 2m 7s
Rendered 2204/14425, time remaining: 2m 6s
Rendered 2205/14425, time remaining: 2m 6s
Rendered 2206/14425, time remaining: 2m 5s
Rendered 2207/14425, time remaining: 2m 7s
Rendered 2208/14425, time remaining: 2m 7s
Rendered 2209/14425, time remaining: 2m 5s
Rendered 2210/14425, time remaining: 2m 5s
Rendered 2211/14425, time remaining: 2m 7s
Rendered 2212/14425, time remaining: 2m 7s
Rendered 2213/14425, time remaining: 2m 5s
Rendered 2214/14425, time remaining: 2m 5s
Rendered 2215/14425, time remaining: 2m 7s
Rendered 2216/14425, time remaining: 2m 7s
Rendered 2217/14425, time remaining: 2m 5s
Rendered 2218/14425, time remaining: 2m 5s
Rendered 2219/14425, time remaining: 2m 7s
Rendered 2220/14425, time remaining: 2m 7s
Rendered 2221/14425, time remaining: 2m 5s
Rendered 2222/14425, time remaining: 2m 5s
Rendered 2223/14425, time remaining: 2m 7s
Rendered 2224/14425, time remaining: 2m 7s
Rendered 2225/14425, time remaining: 2m 5s
Rendered 2226/14425, time remaining: 2m 5s
Rendered 2227/14425, time remaining: 2m 7s
Rendered 2228/14425, time remaining: 2m 7s
Rendered 2229/14425, time remaining: 2m 5s
Rendered 2230/14425, time remaining: 2m 5s
Rendered 2231/14425, time remaining: 2m 7s
Rendered 2232/14425, time remaining: 2m 7s
Rendered 2233/14425, time remaining: 2m 5s
Rendered 2234/14425, time remaining: 2m 5s
Rendered 2235/14425, time remaining: 2m 7s
Rendered 2236/14425, time remaining: 2m 6s
Rendered 2237/14425, time remaining: 2m 5s
Rendered 2238/14425, time remaining: 2m 5s
Rendered 2239/14425, time remaining: 2m 7s
Rendered 2240/14425, time remaining: 2m 7s
Rendered 2241/14425, time remaining: 2m 5s
Rendered 2242/14425, time remaining: 2m 5s
Rendered 2243/14425, time remaining: 2m 6s
Rendered 2244/14425, time remaining: 2m 6s
Rendered 2245/14425, time remaining: 2m 5s
Rendered 2246/14425, time remaining: 2m 5s
Rendered 2247/14425, time remaining: 2m 6s
Rendered 2248/14425, time remaining: 2m 6s
Rendered 2249/14425, time remaining: 2m 5s
Rendered 2250/14425, time remaining: 2m 5s
Rendered 2250/14425, time remaining: 2m 5s
Rendered 2251/14425, time remaining: 2m 6s
Rendered 2252/14425, time remaining: 2m 6s
Rendered 2253/14425, time remaining: 2m 5s
Rendered 2254/14425, time remaining: 2m 5s
Rendered 2255/14425, time remaining: 2m 6s
Rendered 2256/14425, time remaining: 2m 6s
Rendered 2257/14425, time remaining: 2m 5s
Rendered 2258/14425, time remaining: 2m 5s
Rendered 2259/14425, time remaining: 2m 6s
Rendered 2260/14425, time remaining: 2m 6s
Rendered 2261/14425, time remaining: 2m 5s
Rendered 2262/14425, time remaining: 2m 5s
Rendered 2263/14425, time remaining: 2m 6s
Rendered 2264/14425, time remaining: 2m 6s
Rendered 2265/14425, time remaining: 2m 5s
Rendered 2266/14425, time remaining: 2m 5s
Rendered 2267/14425, time remaining: 2m 6s
Rendered 2268/14425, time remaining: 2m 6s
Rendered 2269/14425, time remaining: 2m 4s
Rendered 2270/14425, time remaining: 2m 4s
Rendered 2271/14425, time remaining: 2m 5s
Rendered 2272/14425, time remaining: 2m 5s
Rendered 2273/14425, time remaining: 2m 4s
Rendered 2274/14425, time remaining: 2m 4s
Rendered 2275/14425, time remaining: 2m 5s
Rendered 2276/14425, time remaining: 2m 5s
Rendered 2277/14425, time remaining: 2m 4s
Rendered 2278/14425, time remaining: 2m 4s
Rendered 2279/14425, time remaining: 2m 5s
Rendered 2280/14425, time remaining: 2m 5s
Rendered 2281/14425, time remaining: 2m 4s
Rendered 2282/14425, time remaining: 2m 4s
Rendered 2283/14425, time remaining: 2m 5s
Rendered 2284/14425, time remaining: 2m 5s
Rendered 2285/14425, time remaining: 2m 4s
Rendered 2286/14425, time remaining: 2m 4s
Rendered 2287/14425, time remaining: 2m 5s
Rendered 2288/14425, time remaining: 2m 5s
Rendered 2289/14425, time remaining: 2m 4s
Rendered 2290/14425, time remaining: 2m 4s
Rendered 2291/14425, time remaining: 2m 5s
Rendered 2292/14425, time remaining: 2m 5s
Rendered 2293/14425, time remaining: 2m 4s
Rendered 2294/14425, time remaining: 2m 4s
Rendered 2295/14425, time remaining: 2m 5s
Rendered 2296/14425, time remaining: 2m 5s
Rendered 2297/14425, time remaining: 2m 4s
Rendered 2298/14425, time remaining: 2m 4s
Rendered 2298/14425, time remaining: 2m 4s
Rendered 2299/14425, time remaining: 2m 5s
Rendered 2300/14425, time remaining: 2m 5s
Rendered 2301/14425, time remaining: 2m 4s
Rendered 2302/14425, time remaining: 2m 4s
Rendered 2303/14425, time remaining: 2m 5s
Rendered 2304/14425, time remaining: 2m 5s
Rendered 2305/14425, time remaining: 2m 4s
Rendered 2306/14425, time remaining: 2m 4s
Rendered 2307/14425, time remaining: 2m 5s
Rendered 2308/14425, time remaining: 2m 5s
Rendered 2309/14425, time remaining: 2m 4s
Rendered 2310/14425, time remaining: 2m 4s
Rendered 2311/14425, time remaining: 2m 5s
Rendered 2312/14425, time remaining: 2m 5s
Rendered 2313/14425, time remaining: 2m 4s
Rendered 2314/14425, time remaining: 2m 4s
Rendered 2315/14425, time remaining: 2m 5s
Rendered 2316/14425, time remaining: 2m 5s
Rendered 2317/14425, time remaining: 2m 3s
Rendered 2318/14425, time remaining: 2m 4s
Rendered 2319/14425, time remaining: 2m 5s
Rendered 2320/14425, time remaining: 2m 5s
Rendered 2321/14425, time remaining: 2m 3s
Rendered 2322/14425, time remaining: 2m 4s
Rendered 2323/14425, time remaining: 2m 5s
Rendered 2324/14425, time remaining: 2m 5s
Rendered 2325/14425, time remaining: 2m 3s
Rendered 2326/14425, time remaining: 2m 3s
Rendered 2327/14425, time remaining: 2m 5s
Rendered 2328/14425, time remaining: 2m 5s
Rendered 2329/14425, time remaining: 2m 3s
Rendered 2330/14425, time remaining: 2m 3s
Rendered 2331/14425, time remaining: 2m 5s
Rendered 2332/14425, time remaining: 2m 5s
Rendered 2333/14425, time remaining: 2m 3s
Rendered 2334/14425, time remaining: 2m 3s
Rendered 2335/14425, time remaining: 2m 5s
Rendered 2336/14425, time remaining: 2m 5s
Rendered 2337/14425, time remaining: 2m 3s
Rendered 2338/14425, time remaining: 2m 3s
Rendered 2339/14425, time remaining: 2m 5s
Rendered 2340/14425, time remaining: 2m 5s
Rendered 2341/14425, time remaining: 2m 3s
Rendered 2342/14425, time remaining: 2m 3s
Rendered 2343/14425, time remaining: 2m 5s
Rendered 2344/14425, time remaining: 2m 5s
Rendered 2345/14425, time remaining: 2m 3s
Rendered 2346/14425, time remaining: 2m 3s
Rendered 2346/14425, time remaining: 2m 3s
Rendered 2347/14425, time remaining: 2m 5s
Rendered 2348/14425, time remaining: 2m 5s
Rendered 2349/14425, time remaining: 2m 3s
Rendered 2350/14425, time remaining: 2m 3s
Rendered 2351/14425, time remaining: 2m 5s
Rendered 2352/14425, time remaining: 2m 5s
Rendered 2353/14425, time remaining: 2m 3s
Rendered 2354/14425, time remaining: 2m 3s
Rendered 2355/14425, time remaining: 2m 5s
Rendered 2356/14425, time remaining: 2m 5s
Rendered 2357/14425, time remaining: 2m 3s
Rendered 2358/14425, time remaining: 2m 3s
Rendered 2359/14425, time remaining: 2m 5s
Rendered 2360/14425, time remaining: 2m 5s
Rendered 2361/14425, time remaining: 2m 3s
Rendered 2362/14425, time remaining: 2m 3s
Rendered 2363/14425, time remaining: 2m 5s
Rendered 2364/14425, time remaining: 2m 5s
Rendered 2365/14425, time remaining: 2m 3s
Rendered 2366/14425, time remaining: 2m 3s
Rendered 2367/14425, time remaining: 2m 5s
Rendered 2368/14425, time remaining: 2m 5s
Rendered 2369/14425, time remaining: 2m 3s
Rendered 2370/14425, time remaining: 2m 3s
Rendered 2371/14425, time remaining: 2m 4s
Rendered 2372/14425, time remaining: 2m 4s
Rendered 2373/14425, time remaining: 2m 3s
Rendered 2374/14425, time remaining: 2m 3s
Rendered 2375/14425, time remaining: 2m 4s
Rendered 2376/14425, time remaining: 2m 4s
Rendered 2377/14425, time remaining: 2m 3s
Rendered 2378/14425, time remaining: 2m 3s
Rendered 2379/14425, time remaining: 2m 4s
Rendered 2380/14425, time remaining: 2m 4s
Rendered 2381/14425, time remaining: 2m 3s
Rendered 2382/14425, time remaining: 2m 3s
Rendered 2383/14425, time remaining: 2m 6s
Rendered 2384/14425, time remaining: 2m 6s
Rendered 2385/14425, time remaining: 2m 4s
Rendered 2386/14425, time remaining: 2m 4s
Rendered 2387/14425, time remaining: 2m 6s
Rendered 2388/14425, time remaining: 2m 6s
Rendered 2389/14425, time remaining: 2m 4s
Rendered 2390/14425, time remaining: 2m 4s
Rendered 2391/14425, time remaining: 2m 6s
Rendered 2392/14425, time remaining: 2m 6s
Rendered 2393/14425, time remaining: 2m 4s
Rendered 2394/14425, time remaining: 2m 4s
Rendered 2394/14425, time remaining: 2m 4s
Rendered 2395/14425, time remaining: 2m 6s
Rendered 2396/14425, time remaining: 2m 6s
Rendered 2397/14425, time remaining: 2m 4s
Rendered 2398/14425, time remaining: 2m 4s
Rendered 2399/14425, time remaining: 2m 6s
Rendered 2400/14425, time remaining: 2m 5s
Rendered 2401/14425, time remaining: 2m 4s
Rendered 2402/14425, time remaining: 2m 4s
Rendered 2403/14425, time remaining: 2m 6s
Rendered 2404/14425, time remaining: 2m 6s
Rendered 2405/14425, time remaining: 2m 4s
Rendered 2406/14425, time remaining: 2m 4s
Rendered 2407/14425, time remaining: 2m 5s
Rendered 2408/14425, time remaining: 2m 5s
Rendered 2409/14425, time remaining: 2m 4s
Rendered 2410/14425, time remaining: 2m 4s
Rendered 2411/14425, time remaining: 2m 5s
Rendered 2412/14425, time remaining: 2m 5s
Rendered 2413/14425, time remaining: 2m 4s
Rendered 2414/14425, time remaining: 2m 4s
Rendered 2415/14425, time remaining: 2m 6s
Rendered 2416/14425, time remaining: 2m 5s
Rendered 2417/14425, time remaining: 2m 4s
Rendered 2418/14425, time remaining: 2m 4s
Rendered 2419/14425, time remaining: 2m 6s
Rendered 2420/14425, time remaining: 2m 6s
Rendered 2421/14425, time remaining: 2m 5s
Rendered 2422/14425, time remaining: 2m 5s
Rendered 2423/14425, time remaining: 2m 6s
Rendered 2424/14425, time remaining: 2m 6s
Rendered 2425/14425, time remaining: 2m 5s
Rendered 2426/14425, time remaining: 2m 5s
Rendered 2427/14425, time remaining: 2m 7s
Rendered 2428/14425, time remaining: 2m 7s
Rendered 2429/14425, time remaining: 2m 5s
Rendered 2430/14425, time remaining: 2m 5s
Rendered 2431/14425, time remaining: 2m 7s
Rendered 2432/14425, time remaining: 2m 7s
Rendered 2433/14425, time remaining: 2m 5s
Rendered 2434/14425, time remaining: 2m 5s
Rendered 2435/14425, time remaining: 2m 7s
Rendered 2436/14425, time remaining: 2m 7s
Rendered 2437/14425, time remaining: 2m 5s
Rendered 2438/14425, time remaining: 2m 5s
Rendered 2439/14425, time remaining: 2m 7s
Rendered 2440/14425, time remaining: 2m 7s
Rendered 2441/14425, time remaining: 2m 5s
Rendered 2442/14425, time remaining: 2m 5s
Rendered 2442/14425, time remaining: 2m 5s
Rendered 2443/14425, time remaining: 2m 7s
Rendered 2444/14425, time remaining: 2m 7s
Rendered 2445/14425, time remaining: 2m 5s
Rendered 2446/14425, time remaining: 2m 5s
Rendered 2447/14425, time remaining: 2m 7s
Rendered 2448/14425, time remaining: 2m 7s
Rendered 2449/14425, time remaining: 2m 5s
Rendered 2450/14425, time remaining: 2m 5s
Rendered 2451/14425, time remaining: 2m 7s
Rendered 2452/14425, time remaining: 2m 7s
Rendered 2453/14425, time remaining: 2m 5s
Rendered 2454/14425, time remaining: 2m 5s
Rendered 2455/14425, time remaining: 2m 7s
Rendered 2456/14425, time remaining: 2m 7s
Rendered 2457/14425, time remaining: 2m 5s
Rendered 2458/14425, time remaining: 2m 5s
Rendered 2459/14425, time remaining: 2m 6s
Rendered 2460/14425, time remaining: 2m 6s
Rendered 2461/14425, time remaining: 2m 5s
Rendered 2462/14425, time remaining: 2m 5s
Rendered 2463/14425, time remaining: 2m 7s
Rendered 2464/14425, time remaining: 2m 7s
Rendered 2465/14425, time remaining: 2m 5s
Rendered 2466/14425, time remaining: 2m 5s
Rendered 2467/14425, time remaining: 2m 7s
Rendered 2468/14425, time remaining: 2m 7s
Rendered 2469/14425, time remaining: 2m 5s
Rendered 2470/14425, time remaining: 2m 5s
Rendered 2471/14425, time remaining: 2m 7s
Rendered 2472/14425, time remaining: 2m 7s
Rendered 2473/14425, time remaining: 2m 5s
Rendered 2474/14425, time remaining: 2m 5s
Rendered 2475/14425, time remaining: 2m 6s
Rendered 2476/14425, time remaining: 2m 6s
Rendered 2477/14425, time remaining: 2m 5s
Rendered 2478/14425, time remaining: 2m 5s
Rendered 2479/14425, time remaining: 2m 6s
Rendered 2480/14425, time remaining: 2m 6s
Rendered 2481/14425, time remaining: 2m 5s
Rendered 2482/14425, time remaining: 2m 5s
Rendered 2483/14425, time remaining: 2m 7s
Rendered 2484/14425, time remaining: 2m 7s
Rendered 2485/14425, time remaining: 2m 5s
Rendered 2486/14425, time remaining: 2m 5s
Rendered 2487/14425, time remaining: 2m 6s
Rendered 2488/14425, time remaining: 2m 7s
Rendered 2489/14425, time remaining: 2m 5s
Rendered 2490/14425, time remaining: 2m 5s
Rendered 2490/14425, time remaining: 2m 5s
Rendered 2491/14425, time remaining: 2m 6s
Rendered 2492/14425, time remaining: 2m 6s
Rendered 2493/14425, time remaining: 2m 5s
Rendered 2494/14425, time remaining: 2m 5s
Rendered 2495/14425, time remaining: 2m 7s
Rendered 2496/14425, time remaining: 2m 7s
Rendered 2497/14425, time remaining: 2m 5s
Rendered 2498/14425, time remaining: 2m 5s
Rendered 2499/14425, time remaining: 2m 6s
Rendered 2500/14425, time remaining: 2m 6s
Rendered 2501/14425, time remaining: 2m 5s
Rendered 2502/14425, time remaining: 2m 5s
Rendered 2503/14425, time remaining: 2m 6s
Rendered 2504/14425, time remaining: 2m 6s
Rendered 2505/14425, time remaining: 2m 5s
Rendered 2506/14425, time remaining: 2m 5s
Rendered 2507/14425, time remaining: 2m 6s
Rendered 2508/14425, time remaining: 2m 6s
Rendered 2509/14425, time remaining: 2m 5s
Rendered 2510/14425, time remaining: 2m 5s
Rendered 2511/14425, time remaining: 2m 6s
Rendered 2512/14425, time remaining: 2m 6s
Rendered 2513/14425, time remaining: 2m 5s
Rendered 2514/14425, time remaining: 2m 5s
Rendered 2515/14425, time remaining: 2m 6s
Rendered 2516/14425, time remaining: 2m 6s
Rendered 2517/14425, time remaining: 2m 5s
Rendered 2518/14425, time remaining: 2m 5s
Rendered 2519/14425, time remaining: 2m 6s
Rendered 2520/14425, time remaining: 2m 6s
Rendered 2521/14425, time remaining: 2m 5s
Rendered 2522/14425, time remaining: 2m 5s
Rendered 2523/14425, time remaining: 2m 6s
Rendered 2524/14425, time remaining: 2m 6s
Rendered 2525/14425, time remaining: 2m 5s
Rendered 2526/14425, time remaining: 2m 5s
Rendered 2527/14425, time remaining: 2m 6s
Rendered 2528/14425, time remaining: 2m 6s
Rendered 2529/14425, time remaining: 2m 5s
Rendered 2530/14425, time remaining: 2m 5s
Rendered 2531/14425, time remaining: 2m 6s
Rendered 2532/14425, time remaining: 2m 6s
Rendered 2533/14425, time remaining: 2m 4s
Rendered 2534/14425, time remaining: 2m 3s
Rendered 2535/14425, time remaining: 2m 5s
Rendered 2536/14425, time remaining: 2m 5s
Rendered 2537/14425, time remaining: 2m 3s
Rendered 2538/14425, time remaining: 2m 3s
Rendered 2538/14425, time remaining: 2m 3s
Rendered 2539/14425, time remaining: 2m 5s
Rendered 2540/14425, time remaining: 2m 5s
Rendered 2541/14425, time remaining: 2m 3s
Rendered 2542/14425, time remaining: 2m 4s
Rendered 2543/14425, time remaining: 2m 5s
Rendered 2544/14425, time remaining: 2m 5s
Rendered 2545/14425, time remaining: 2m 3s
Rendered 2546/14425, time remaining: 2m 4s
Rendered 2547/14425, time remaining: 2m 5s
Rendered 2548/14425, time remaining: 2m 5s
Rendered 2549/14425, time remaining: 2m 3s
Rendered 2550/14425, time remaining: 2m 3s
Rendered 2551/14425, time remaining: 2m 4s
Rendered 2552/14425, time remaining: 2m 4s
Rendered 2553/14425, time remaining: 2m 3s
Rendered 2554/14425, time remaining: 2m 3s
Rendered 2555/14425, time remaining: 2m 4s
Rendered 2556/14425, time remaining: 2m 4s
Rendered 2557/14425, time remaining: 2m 2s
Rendered 2558/14425, time remaining: 2m 2s
Rendered 2559/14425, time remaining: 2m 3s
Rendered 2560/14425, time remaining: 2m 3s
Rendered 2561/14425, time remaining: 2m 2s
Rendered 2562/14425, time remaining: 2m 2s
Rendered 2563/14425, time remaining: 2m 3s
Rendered 2564/14425, time remaining: 2m 3s
Rendered 2565/14425, time remaining: 2m 1s
Rendered 2566/14425, time remaining: 2m 1s
Rendered 2567/14425, time remaining: 2m 2s
Rendered 2568/14425, time remaining: 2m 2s
Rendered 2569/14425, time remaining: 2m 1s
Rendered 2570/14425, time remaining: 2m 1s
Rendered 2571/14425, time remaining: 2m 2s
Rendered 2572/14425, time remaining: 2m 2s
Rendered 2573/14425, time remaining: 2m 1s
Rendered 2574/14425, time remaining: 2m 1s
Rendered 2575/14425, time remaining: 2m 1s
Rendered 2576/14425, time remaining: 2m 1s
Rendered 2577/14425, time remaining: 2m 0s
Rendered 2578/14425, time remaining: 2m 0s
Rendered 2579/14425, time remaining: 2m 1s
Rendered 2580/14425, time remaining: 2m 1s
Rendered 2581/14425, time remaining: 1m 59s
Rendered 2582/14425, time remaining: 1m 59s
Rendered 2583/14425, time remaining: 2m 0s
Rendered 2584/14425, time remaining: 2m 0s
Rendered 2585/14425, time remaining: 1m 59s
Rendered 2586/14425, time remaining: 1m 59s
Rendered 2587/14425, time remaining: 2m 0s
Rendered 2588/14425, time remaining: 2m 0s
Rendered 2589/14425, time remaining: 1m 58s
Rendered 2590/14425, time remaining: 1m 58s
Rendered 2590/14425, time remaining: 1m 58s
Rendered 2591/14425, time remaining: 2m 0s
Rendered 2592/14425, time remaining: 2m 0s
Rendered 2593/14425, time remaining: 1m 58s
Rendered 2594/14425, time remaining: 1m 58s
Rendered 2595/14425, time remaining: 2m 0s
Rendered 2596/14425, time remaining: 2m 0s
Rendered 2597/14425, time remaining: 1m 58s
Rendered 2598/14425, time remaining: 1m 58s
Rendered 2599/14425, time remaining: 2m 0s
Rendered 2600/14425, time remaining: 2m 0s
Rendered 2601/14425, time remaining: 1m 58s
Rendered 2602/14425, time remaining: 1m 58s
Rendered 2603/14425, time remaining: 2m 0s
Rendered 2604/14425, time remaining: 2m 0s
Rendered 2605/14425, time remaining: 1m 58s
Rendered 2606/14425, time remaining: 1m 58s
Rendered 2607/14425, time remaining: 2m 0s
Rendered 2608/14425, time remaining: 2m 0s
Rendered 2609/14425, time remaining: 1m 58s
Rendered 2610/14425, time remaining: 1m 58s
Rendered 2611/14425, time remaining: 2m 0s
Rendered 2612/14425, time remaining: 2m 0s
Rendered 2613/14425, time remaining: 1m 58s
Rendered 2614/14425, time remaining: 1m 58s
Rendered 2615/14425, time remaining: 2m 0s
Rendered 2616/14425, time remaining: 2m 0s
Rendered 2617/14425, time remaining: 1m 58s
Rendered 2618/14425, time remaining: 1m 58s
Rendered 2619/14425, time remaining: 2m 0s
Rendered 2620/14425, time remaining: 1m 59s
Rendered 2621/14425, time remaining: 1m 58s
Rendered 2622/14425, time remaining: 1m 58s
Rendered 2623/14425, time remaining: 1m 59s
Rendered 2624/14425, time remaining: 2m 0s
Rendered 2625/14425, time remaining: 1m 58s
Rendered 2626/14425, time remaining: 1m 58s
Rendered 2627/14425, time remaining: 1m 59s
Rendered 2628/14425, time remaining: 1m 59s
Rendered 2629/14425, time remaining: 1m 58s
Rendered 2630/14425, time remaining: 1m 58s
Rendered 2631/14425, time remaining: 1m 59s
Rendered 2632/14425, time remaining: 1m 59s
Rendered 2633/14425, time remaining: 1m 58s
Rendered 2634/14425, time remaining: 1m 58s
Rendered 2635/14425, time remaining: 1m 59s
Rendered 2636/14425, time remaining: 1m 59s
Rendered 2637/14425, time remaining: 1m 58s
Rendered 2638/14425, time remaining: 1m 58s
Rendered 2638/14425, time remaining: 1m 58s
Rendered 2639/14425, time remaining: 1m 59s
Rendered 2640/14425, time remaining: 1m 59s
Rendered 2641/14425, time remaining: 1m 58s
Rendered 2642/14425, time remaining: 1m 58s
Rendered 2643/14425, time remaining: 1m 59s
Rendered 2644/14425, time remaining: 1m 59s
Rendered 2645/14425, time remaining: 1m 58s
Rendered 2646/14425, time remaining: 1m 58s
Rendered 2647/14425, time remaining: 1m 59s
Rendered 2648/14425, time remaining: 1m 59s
Rendered 2649/14425, time remaining: 1m 58s
Rendered 2650/14425, time remaining: 1m 58s
Rendered 2651/14425, time remaining: 1m 59s
Rendered 2652/14425, time remaining: 1m 59s
Rendered 2653/14425, time remaining: 1m 58s
Rendered 2654/14425, time remaining: 1m 58s
Rendered 2655/14425, time remaining: 1m 59s
Rendered 2656/14425, time remaining: 1m 59s
Rendered 2657/14425, time remaining: 1m 57s
Rendered 2658/14425, time remaining: 1m 58s
Rendered 2659/14425, time remaining: 1m 59s
Rendered 2660/14425, time remaining: 1m 59s
Rendered 2661/14425, time remaining: 1m 57s
Rendered 2662/14425, time remaining: 1m 57s
Rendered 2663/14425, time remaining: 1m 59s
Rendered 2664/14425, time remaining: 1m 59s
Rendered 2665/14425, time remaining: 1m 57s
Rendered 2666/14425, time remaining: 1m 57s
Rendered 2667/14425, time remaining: 1m 59s
Rendered 2668/14425, time remaining: 1m 59s
Rendered 2669/14425, time remaining: 1m 57s
Rendered 2670/14425, time remaining: 1m 57s
Rendered 2671/14425, time remaining: 1m 59s
Rendered 2672/14425, time remaining: 1m 59s
Rendered 2673/14425, time remaining: 1m 57s
Rendered 2674/14425, time remaining: 1m 57s
Rendered 2675/14425, time remaining: 1m 59s
Rendered 2676/14425, time remaining: 1m 59s
Rendered 2677/14425, time remaining: 1m 57s
Rendered 2678/14425, time remaining: 1m 57s
Rendered 2679/14425, time remaining: 1m 59s
Rendered 2680/14425, time remaining: 1m 59s
Rendered 2681/14425, time remaining: 1m 57s
Rendered 2682/14425, time remaining: 1m 57s
Rendered 2683/14425, time remaining: 1m 59s
Rendered 2684/14425, time remaining: 1m 59s
Rendered 2685/14425, time remaining: 1m 57s
Rendered 2686/14425, time remaining: 1m 57s
Rendered 2687/14425, time remaining: 1m 59s
Rendered 2687/14425, time remaining: 1m 59s
Rendered 2688/14425, time remaining: 1m 59s
Rendered 2689/14425, time remaining: 1m 57s
Rendered 2690/14425, time remaining: 1m 57s
Rendered 2691/14425, time remaining: 1m 59s
Rendered 2692/14425, time remaining: 1m 58s
Rendered 2693/14425, time remaining: 1m 57s
Rendered 2694/14425, time remaining: 1m 57s
Rendered 2695/14425, time remaining: 1m 59s
Rendered 2696/14425, time remaining: 1m 58s
Rendered 2697/14425, time remaining: 1m 57s
Rendered 2698/14425, time remaining: 1m 57s
Rendered 2699/14425, time remaining: 1m 59s
Rendered 2700/14425, time remaining: 1m 59s
Rendered 2701/14425, time remaining: 1m 58s
Rendered 2702/14425, time remaining: 1m 58s
Rendered 2703/14425, time remaining: 1m 59s
Rendered 2704/14425, time remaining: 1m 59s
Rendered 2705/14425, time remaining: 1m 58s
Rendered 2706/14425, time remaining: 1m 58s
Rendered 2707/14425, time remaining: 1m 59s
Rendered 2708/14425, time remaining: 1m 59s
Rendered 2709/14425, time remaining: 1m 59s
Rendered 2710/14425, time remaining: 1m 58s
Rendered 2711/14425, time remaining: 2m 0s
Rendered 2712/14425, time remaining: 2m 0s
Rendered 2713/14425, time remaining: 1m 59s
Rendered 2714/14425, time remaining: 1m 59s
Rendered 2715/14425, time remaining: 2m 0s
Rendered 2716/14425, time remaining: 2m 0s
Rendered 2717/14425, time remaining: 1m 59s
Rendered 2718/14425, time remaining: 1m 59s
Rendered 2719/14425, time remaining: 2m 1s
Rendered 2720/14425, time remaining: 2m 0s
Rendered 2721/14425, time remaining: 2m 0s
Rendered 2722/14425, time remaining: 1m 59s
Rendered 2723/14425, time remaining: 2m 1s
Rendered 2724/14425, time remaining: 2m 1s
Rendered 2725/14425, time remaining: 2m 0s
Rendered 2726/14425, time remaining: 2m 0s
Rendered 2727/14425, time remaining: 2m 1s
Rendered 2728/14425, time remaining: 2m 1s
Rendered 2729/14425, time remaining: 2m 0s
Rendered 2730/14425, time remaining: 2m 0s
Rendered 2731/14425, time remaining: 2m 2s
Rendered 2732/14425, time remaining: 2m 2s
Rendered 2733/14425, time remaining: 2m 0s
Rendered 2734/14425, time remaining: 2m 0s
Rendered 2735/14425, time remaining: 2m 2s
Rendered 2735/14425, time remaining: 2m 2s
Rendered 2736/14425, time remaining: 2m 2s
Rendered 2737/14425, time remaining: 2m 0s
Rendered 2738/14425, time remaining: 2m 0s
Rendered 2739/14425, time remaining: 2m 2s
Rendered 2740/14425, time remaining: 2m 2s
Rendered 2741/14425, time remaining: 2m 1s
Rendered 2742/14425, time remaining: 2m 1s
Rendered 2743/14425, time remaining: 2m 2s
Rendered 2744/14425, time remaining: 2m 2s
Rendered 2745/14425, time remaining: 2m 1s
Rendered 2746/14425, time remaining: 2m 0s
Rendered 2747/14425, time remaining: 2m 2s
Rendered 2748/14425, time remaining: 2m 2s
Rendered 2749/14425, time remaining: 2m 0s
Rendered 2750/14425, time remaining: 2m 0s
Rendered 2751/14425, time remaining: 2m 2s
Rendered 2752/14425, time remaining: 2m 2s
Rendered 2753/14425, time remaining: 2m 0s
Rendered 2754/14425, time remaining: 2m 0s
Rendered 2755/14425, time remaining: 2m 2s
Rendered 2756/14425, time remaining: 2m 2s
Rendered 2757/14425, time remaining: 2m 0s
Rendered 2758/14425, time remaining: 2m 1s
Rendered 2759/14425, time remaining: 2m 1s
Rendered 2760/14425, time remaining: 2m 1s
Rendered 2761/14425, time remaining: 2m 0s
Rendered 2762/14425, time remaining: 2m 0s
Rendered 2763/14425, time remaining: 2m 1s
Rendered 2764/14425, time remaining: 2m 1s
Rendered 2765/14425, time remaining: 1m 59s
Rendered 2766/14425, time remaining: 1m 59s
Rendered 2767/14425, time remaining: 2m 0s
Rendered 2768/14425, time remaining: 2m 0s
Rendered 2769/14425, time remaining: 1m 58s
Rendered 2770/14425, time remaining: 1m 59s
Rendered 2771/14425, time remaining: 1m 59s
Rendered 2772/14425, time remaining: 1m 59s
Rendered 2773/14425, time remaining: 1m 58s
Rendered 2774/14425, time remaining: 1m 58s
Rendered 2775/14425, time remaining: 1m 59s
Rendered 2776/14425, time remaining: 1m 59s
Rendered 2777/14425, time remaining: 1m 57s
Rendered 2778/14425, time remaining: 1m 57s
Rendered 2779/14425, time remaining: 1m 59s
Rendered 2780/14425, time remaining: 1m 59s
Rendered 2781/14425, time remaining: 1m 57s
Rendered 2782/14425, time remaining: 1m 57s
Rendered 2783/14425, time remaining: 1m 59s
Rendered 2784/14425, time remaining: 1m 59s
Rendered 2785/14425, time remaining: 1m 57s
Rendered 2786/14425, time remaining: 1m 57s
Rendered 2787/14425, time remaining: 1m 59s
Rendered 2788/14425, time remaining: 1m 59s
Rendered 2788/14425, time remaining: 1m 59s
Rendered 2789/14425, time remaining: 1m 57s
Rendered 2790/14425, time remaining: 1m 57s
Rendered 2791/14425, time remaining: 1m 59s
Rendered 2792/14425, time remaining: 1m 58s
Rendered 2793/14425, time remaining: 1m 57s
Rendered 2794/14425, time remaining: 1m 57s
Rendered 2795/14425, time remaining: 1m 58s
Rendered 2796/14425, time remaining: 1m 58s
Rendered 2797/14425, time remaining: 1m 57s
Rendered 2798/14425, time remaining: 1m 57s
Rendered 2799/14425, time remaining: 1m 58s
Rendered 2800/14425, time remaining: 1m 58s
Rendered 2801/14425, time remaining: 1m 57s
Rendered 2802/14425, time remaining: 1m 57s
Rendered 2803/14425, time remaining: 1m 58s
Rendered 2804/14425, time remaining: 1m 58s
Rendered 2805/14425, time remaining: 1m 57s
Rendered 2806/14425, time remaining: 1m 57s
Rendered 2807/14425, time remaining: 1m 58s
Rendered 2808/14425, time remaining: 1m 58s
Rendered 2809/14425, time remaining: 1m 57s
Rendered 2810/14425, time remaining: 1m 57s
Rendered 2811/14425, time remaining: 1m 58s
Rendered 2812/14425, time remaining: 1m 58s
Rendered 2813/14425, time remaining: 1m 57s
Rendered 2814/14425, time remaining: 1m 57s
Rendered 2815/14425, time remaining: 1m 58s
Rendered 2816/14425, time remaining: 1m 58s
Rendered 2817/14425, time remaining: 1m 57s
Rendered 2818/14425, time remaining: 1m 57s
Rendered 2819/14425, time remaining: 1m 58s
Rendered 2820/14425, time remaining: 1m 58s
Rendered 2821/14425, time remaining: 1m 57s
Rendered 2822/14425, time remaining: 1m 57s
Rendered 2823/14425, time remaining: 1m 58s
Rendered 2824/14425, time remaining: 1m 58s
Rendered 2825/14425, time remaining: 1m 57s
Rendered 2826/14425, time remaining: 1m 57s
Rendered 2827/14425, time remaining: 1m 58s
Rendered 2828/14425, time remaining: 1m 58s
Rendered 2829/14425, time remaining: 1m 56s
Rendered 2830/14425, time remaining: 1m 56s
Rendered 2831/14425, time remaining: 1m 57s
Rendered 2832/14425, time remaining: 1m 57s
Rendered 2833/14425, time remaining: 1m 56s
Rendered 2834/14425, time remaining: 1m 56s
Rendered 2835/14425, time remaining: 1m 57s
Rendered 2836/14425, time remaining: 1m 57s
Rendered 2837/14425, time remaining: 1m 56s
Rendered 2838/14425, time remaining: 1m 56s
Rendered 2838/14425, time remaining: 1m 56s
Rendered 2839/14425, time remaining: 1m 57s
Rendered 2840/14425, time remaining: 1m 57s
Rendered 2841/14425, time remaining: 1m 56s
Rendered 2842/14425, time remaining: 1m 56s
Rendered 2843/14425, time remaining: 1m 57s
Rendered 2844/14425, time remaining: 1m 57s
Rendered 2845/14425, time remaining: 1m 56s
Rendered 2846/14425, time remaining: 1m 56s
Rendered 2847/14425, time remaining: 1m 57s
Rendered 2848/14425, time remaining: 1m 57s
Rendered 2849/14425, time remaining: 1m 56s
Rendered 2850/14425, time remaining: 1m 56s
Rendered 2851/14425, time remaining: 1m 57s
Rendered 2852/14425, time remaining: 1m 57s
Rendered 2853/14425, time remaining: 1m 56s
Rendered 2854/14425, time remaining: 1m 56s
Rendered 2855/14425, time remaining: 1m 57s
Rendered 2856/14425, time remaining: 1m 57s
Rendered 2857/14425, time remaining: 1m 56s
Rendered 2858/14425, time remaining: 1m 56s
Rendered 2859/14425, time remaining: 1m 57s
Rendered 2860/14425, time remaining: 1m 57s
Rendered 2861/14425, time remaining: 1m 56s
Rendered 2862/14425, time remaining: 1m 56s
Rendered 2863/14425, time remaining: 1m 57s
Rendered 2864/14425, time remaining: 1m 57s
Rendered 2865/14425, time remaining: 1m 55s
Rendered 2866/14425, time remaining: 1m 55s
Rendered 2867/14425, time remaining: 1m 57s
Rendered 2868/14425, time remaining: 1m 57s
Rendered 2869/14425, time remaining: 1m 55s
Rendered 2870/14425, time remaining: 1m 56s
Rendered 2871/14425, time remaining: 1m 57s
Rendered 2872/14425, time remaining: 1m 57s
Rendered 2873/14425, time remaining: 1m 55s
Rendered 2874/14425, time remaining: 1m 55s
Rendered 2875/14425, time remaining: 1m 57s
Rendered 2876/14425, time remaining: 1m 57s
Rendered 2877/14425, time remaining: 1m 55s
Rendered 2878/14425, time remaining: 1m 55s
Rendered 2879/14425, time remaining: 1m 57s
Rendered 2880/14425, time remaining: 1m 57s
Rendered 2881/14425, time remaining: 1m 55s
Rendered 2882/14425, time remaining: 1m 55s
Rendered 2883/14425, time remaining: 1m 57s
Rendered 2884/14425, time remaining: 1m 57s
Rendered 2885/14425, time remaining: 1m 55s
Rendered 2886/14425, time remaining: 1m 55s
Rendered 2886/14425, time remaining: 1m 55s
Rendered 2887/14425, time remaining: 1m 57s
Rendered 2888/14425, time remaining: 1m 57s
Rendered 2889/14425, time remaining: 1m 55s
Rendered 2890/14425, time remaining: 1m 55s
Rendered 2891/14425, time remaining: 1m 57s
Rendered 2892/14425, time remaining: 1m 57s
Rendered 2893/14425, time remaining: 1m 55s
Rendered 2894/14425, time remaining: 1m 55s
Rendered 2895/14425, time remaining: 1m 57s
Rendered 2896/14425, time remaining: 1m 57s
Rendered 2897/14425, time remaining: 1m 55s
Rendered 2898/14425, time remaining: 1m 55s
Rendered 2899/14425, time remaining: 1m 57s
Rendered 2900/14425, time remaining: 1m 57s
Rendered 2901/14425, time remaining: 1m 55s
Rendered 2902/14425, time remaining: 1m 55s
Rendered 2903/14425, time remaining: 1m 57s
Rendered 2904/14425, time remaining: 1m 57s
Rendered 2905/14425, time remaining: 1m 55s
Rendered 2906/14425, time remaining: 1m 55s
Rendered 2907/14425, time remaining: 1m 57s
Rendered 2908/14425, time remaining: 1m 57s
Rendered 2909/14425, time remaining: 1m 56s
Rendered 2910/14425, time remaining: 1m 56s
Rendered 2911/14425, time remaining: 1m 57s
Rendered 2912/14425, time remaining: 1m 57s
Rendered 2913/14425, time remaining: 1m 57s
Rendered 2914/14425, time remaining: 1m 57s
Rendered 2915/14425, time remaining: 1m 58s
Rendered 2916/14425, time remaining: 1m 58s
Rendered 2917/14425, time remaining: 1m 57s
Rendered 2918/14425, time remaining: 1m 57s
Rendered 2919/14425, time remaining: 1m 59s
Rendered 2920/14425, time remaining: 1m 58s
Rendered 2921/14425, time remaining: 1m 58s
Rendered 2922/14425, time remaining: 1m 58s
Rendered 2923/14425, time remaining: 1m 59s
Rendered 2924/14425, time remaining: 1m 59s
Rendered 2925/14425, time remaining: 1m 58s
Rendered 2926/14425, time remaining: 1m 58s
Rendered 2927/14425, time remaining: 1m 59s
Rendered 2928/14425, time remaining: 1m 59s
Rendered 2929/14425, time remaining: 1m 58s
Rendered 2930/14425, time remaining: 1m 58s
Rendered 2931/14425, time remaining: 2m 0s
Rendered 2932/14425, time remaining: 2m 0s
Rendered 2933/14425, time remaining: 1m 58s
Rendered 2934/14425, time remaining: 1m 58s
Rendered 2934/14425, time remaining: 1m 58s
Rendered 2935/14425, time remaining: 2m 0s
Rendered 2936/14425, time remaining: 2m 0s
Rendered 2937/14425, time remaining: 1m 58s
Rendered 2938/14425, time remaining: 1m 58s
Rendered 2939/14425, time remaining: 1m 59s
Rendered 2940/14425, time remaining: 1m 59s
Rendered 2941/14425, time remaining: 1m 58s
Rendered 2942/14425, time remaining: 1m 58s
Rendered 2943/14425, time remaining: 1m 59s
Rendered 2944/14425, time remaining: 2m 0s
Rendered 2945/14425, time remaining: 1m 58s
Rendered 2946/14425, time remaining: 1m 58s
Rendered 2947/14425, time remaining: 1m 59s
Rendered 2948/14425, time remaining: 1m 59s
Rendered 2949/14425, time remaining: 1m 58s
Rendered 2950/14425, time remaining: 1m 58s
Rendered 2951/14425, time remaining: 1m 59s
Rendered 2952/14425, time remaining: 2m 0s
Rendered 2953/14425, time remaining: 1m 58s
Rendered 2954/14425, time remaining: 1m 58s
Rendered 2955/14425, time remaining: 2m 0s
Rendered 2956/14425, time remaining: 2m 1s
Rendered 2957/14425, time remaining: 1m 59s
Rendered 2958/14425, time remaining: 1m 59s
Rendered 2959/14425, time remaining: 2m 0s
Rendered 2960/14425, time remaining: 2m 0s
Rendered 2961/14425, time remaining: 1m 58s
Rendered 2962/14425, time remaining: 1m 58s
Rendered 2963/14425, time remaining: 2m 0s
Rendered 2964/14425, time remaining: 2m 0s
Rendered 2965/14425, time remaining: 1m 58s
Rendered 2966/14425, time remaining: 1m 58s
Rendered 2967/14425, time remaining: 2m 0s
Rendered 2968/14425, time remaining: 2m 0s
Rendered 2969/14425, time remaining: 1m 58s
Rendered 2970/14425, time remaining: 1m 58s
Rendered 2971/14425, time remaining: 2m 0s
Rendered 2972/14425, time remaining: 2m 0s
Rendered 2973/14425, time remaining: 1m 58s
Rendered 2974/14425, time remaining: 1m 58s
Rendered 2975/14425, time remaining: 2m 0s
Rendered 2976/14425, time remaining: 1m 59s
Rendered 2977/14425, time remaining: 1m 59s
Rendered 2978/14425, time remaining: 1m 59s
Rendered 2979/14425, time remaining: 2m 0s
Rendered 2980/14425, time remaining: 2m 1s
Rendered 2981/14425, time remaining: 1m 59s
Rendered 2982/14425, time remaining: 1m 59s
Rendered 2982/14425, time remaining: 1m 59s
Rendered 2983/14425, time remaining: 2m 1s
Rendered 2984/14425, time remaining: 2m 1s
Rendered 2985/14425, time remaining: 2m 0s
Rendered 2986/14425, time remaining: 2m 0s
Rendered 2987/14425, time remaining: 2m 1s
Rendered 2988/14425, time remaining: 2m 1s
Rendered 2989/14425, time remaining: 2m 0s
Rendered 2990/14425, time remaining: 2m 0s
Rendered 2991/14425, time remaining: 2m 1s
Rendered 2992/14425, time remaining: 2m 2s
Rendered 2993/14425, time remaining: 2m 0s
Rendered 2994/14425, time remaining: 2m 0s
Rendered 2995/14425, time remaining: 2m 1s
Rendered 2996/14425, time remaining: 2m 1s
Rendered 2997/14425, time remaining: 2m 0s
Rendered 2998/14425, time remaining: 2m 0s
Rendered 2999/14425, time remaining: 2m 1s
Rendered 3000/14425, time remaining: 2m 1s
Rendered 3001/14425, time remaining: 2m 0s
Rendered 3002/14425, time remaining: 2m 0s
Rendered 3003/14425, time remaining: 2m 1s
Rendered 3004/14425, time remaining: 2m 1s
Rendered 3005/14425, time remaining: 2m 0s
Rendered 3006/14425, time remaining: 2m 0s
Rendered 3007/14425, time remaining: 2m 1s
Rendered 3008/14425, time remaining: 2m 1s
Rendered 3009/14425, time remaining: 2m 0s
Rendered 3010/14425, time remaining: 2m 0s
Rendered 3011/14425, time remaining: 2m 1s
Rendered 3012/14425, time remaining: 2m 1s
Rendered 3013/14425, time remaining: 2m 0s
Rendered 3014/14425, time remaining: 2m 0s
Rendered 3015/14425, time remaining: 2m 1s
Rendered 3016/14425, time remaining: 2m 1s
Rendered 3017/14425, time remaining: 2m 0s
Rendered 3018/14425, time remaining: 2m 1s
Rendered 3019/14425, time remaining: 2m 1s
Rendered 3020/14425, time remaining: 2m 1s
Rendered 3021/14425, time remaining: 2m 0s
Rendered 3022/14425, time remaining: 2m 0s
Rendered 3023/14425, time remaining: 2m 0s
Rendered 3024/14425, time remaining: 2m 0s
Rendered 3025/14425, time remaining: 1m 59s
Rendered 3026/14425, time remaining: 1m 59s
Rendered 3027/14425, time remaining: 1m 59s
Rendered 3028/14425, time remaining: 2m 0s
Rendered 3029/14425, time remaining: 1m 58s
Rendered 3030/14425, time remaining: 1m 59s
Rendered 3030/14425, time remaining: 1m 59s
Rendered 3031/14425, time remaining: 1m 59s
Rendered 3032/14425, time remaining: 1m 59s
Rendered 3033/14425, time remaining: 1m 58s
Rendered 3034/14425, time remaining: 1m 58s
Rendered 3035/14425, time remaining: 1m 59s
Rendered 3036/14425, time remaining: 1m 59s
Rendered 3037/14425, time remaining: 1m 58s
Rendered 3038/14425, time remaining: 1m 58s
Rendered 3039/14425, time remaining: 1m 59s
Rendered 3040/14425, time remaining: 1m 59s
Rendered 3041/14425, time remaining: 1m 58s
Rendered 3042/14425, time remaining: 1m 58s
Rendered 3043/14425, time remaining: 1m 59s
Rendered 3044/14425, time remaining: 1m 59s
Rendered 3045/14425, time remaining: 1m 58s
Rendered 3046/14425, time remaining: 1m 58s
Rendered 3047/14425, time remaining: 1m 59s
Rendered 3048/14425, time remaining: 1m 59s
Rendered 3049/14425, time remaining: 1m 58s
Rendered 3050/14425, time remaining: 1m 58s
Rendered 3051/14425, time remaining: 1m 59s
Rendered 3052/14425, time remaining: 1m 59s
Rendered 3053/14425, time remaining: 1m 58s
Rendered 3054/14425, time remaining: 1m 58s
Rendered 3055/14425, time remaining: 1m 59s
Rendered 3056/14425, time remaining: 1m 59s
Rendered 3057/14425, time remaining: 1m 57s
Rendered 3058/14425, time remaining: 1m 57s
Rendered 3059/14425, time remaining: 1m 59s
Rendered 3060/14425, time remaining: 1m 58s
Rendered 3061/14425, time remaining: 1m 57s
Rendered 3062/14425, time remaining: 1m 57s
Rendered 3063/14425, time remaining: 1m 58s
Rendered 3064/14425, time remaining: 1m 58s
Rendered 3065/14425, time remaining: 1m 57s
Rendered 3066/14425, time remaining: 1m 57s
Rendered 3067/14425, time remaining: 1m 58s
Rendered 3068/14425, time remaining: 1m 58s
Rendered 3069/14425, time remaining: 1m 57s
Rendered 3070/14425, time remaining: 1m 57s
Rendered 3071/14425, time remaining: 1m 58s
Rendered 3072/14425, time remaining: 1m 58s
Rendered 3073/14425, time remaining: 1m 57s
Rendered 3074/14425, time remaining: 1m 57s
Rendered 3075/14425, time remaining: 1m 59s
Rendered 3076/14425, time remaining: 1m 59s
Rendered 3077/14425, time remaining: 1m 57s
Rendered 3078/14425, time remaining: 1m 57s
Rendered 3078/14425, time remaining: 1m 57s
Rendered 3079/14425, time remaining: 1m 59s
Rendered 3080/14425, time remaining: 1m 59s
Rendered 3081/14425, time remaining: 1m 57s
Rendered 3082/14425, time remaining: 1m 57s
Rendered 3083/14425, time remaining: 1m 58s
Rendered 3084/14425, time remaining: 1m 58s
Rendered 3085/14425, time remaining: 1m 57s
Rendered 3086/14425, time remaining: 1m 57s
Rendered 3087/14425, time remaining: 1m 58s
Rendered 3088/14425, time remaining: 1m 58s
Rendered 3089/14425, time remaining: 1m 57s
Rendered 3090/14425, time remaining: 1m 57s
Rendered 3091/14425, time remaining: 1m 58s
Rendered 3092/14425, time remaining: 1m 58s
Rendered 3093/14425, time remaining: 1m 57s
Rendered 3094/14425, time remaining: 1m 57s
Rendered 3095/14425, time remaining: 1m 59s
Rendered 3096/14425, time remaining: 1m 59s
Rendered 3097/14425, time remaining: 1m 57s
Rendered 3098/14425, time remaining: 1m 57s
Rendered 3099/14425, time remaining: 1m 58s
Rendered 3100/14425, time remaining: 1m 58s
Rendered 3101/14425, time remaining: 1m 57s
Rendered 3102/14425, time remaining: 1m 57s
Rendered 3103/14425, time remaining: 1m 59s
Rendered 3104/14425, time remaining: 1m 59s
Rendered 3105/14425, time remaining: 1m 57s
Rendered 3106/14425, time remaining: 1m 56s
Rendered 3107/14425, time remaining: 1m 58s
Rendered 3108/14425, time remaining: 1m 58s
Rendered 3109/14425, time remaining: 1m 57s
Rendered 3110/14425, time remaining: 1m 56s
Rendered 3111/14425, time remaining: 1m 58s
Rendered 3112/14425, time remaining: 1m 58s
Rendered 3113/14425, time remaining: 1m 57s
Rendered 3114/14425, time remaining: 1m 57s
Rendered 3115/14425, time remaining: 1m 58s
Rendered 3116/14425, time remaining: 1m 58s
Rendered 3117/14425, time remaining: 1m 57s
Rendered 3118/14425, time remaining: 1m 57s
Rendered 3119/14425, time remaining: 1m 58s
Rendered 3120/14425, time remaining: 1m 58s
Rendered 3121/14425, time remaining: 1m 57s
Rendered 3122/14425, time remaining: 1m 57s
Rendered 3123/14425, time remaining: 1m 58s
Rendered 3124/14425, time remaining: 1m 58s
Rendered 3125/14425, time remaining: 1m 57s
Rendered 3126/14425, time remaining: 1m 57s
Rendered 3126/14425, time remaining: 1m 57s
Rendered 3127/14425, time remaining: 1m 58s
Rendered 3128/14425, time remaining: 1m 58s
Rendered 3129/14425, time remaining: 1m 56s
Rendered 3130/14425, time remaining: 1m 56s
Rendered 3131/14425, time remaining: 1m 58s
Rendered 3132/14425, time remaining: 1m 58s
Rendered 3133/14425, time remaining: 1m 56s
Rendered 3134/14425, time remaining: 1m 56s
Rendered 3135/14425, time remaining: 1m 56s
Rendered 3136/14425, time remaining: 1m 56s
Rendered 3137/14425, time remaining: 1m 55s
Rendered 3138/14425, time remaining: 1m 55s
Rendered 3139/14425, time remaining: 1m 56s
Rendered 3140/14425, time remaining: 1m 56s
Rendered 3141/14425, time remaining: 1m 55s
Rendered 3142/14425, time remaining: 1m 54s
Rendered 3143/14425, time remaining: 1m 56s
Rendered 3144/14425, time remaining: 1m 56s
Rendered 3145/14425, time remaining: 1m 55s
Rendered 3146/14425, time remaining: 1m 55s
Rendered 3147/14425, time remaining: 1m 56s
Rendered 3148/14425, time remaining: 1m 56s
Rendered 3149/14425, time remaining: 1m 54s
Rendered 3150/14425, time remaining: 1m 54s
Rendered 3151/14425, time remaining: 1m 56s
Rendered 3152/14425, time remaining: 1m 56s
Rendered 3153/14425, time remaining: 1m 54s
Rendered 3154/14425, time remaining: 1m 54s
Rendered 3155/14425, time remaining: 1m 56s
Rendered 3156/14425, time remaining: 1m 56s
Rendered 3157/14425, time remaining: 1m 55s
Rendered 3158/14425, time remaining: 1m 55s
Rendered 3159/14425, time remaining: 1m 56s
Rendered 3160/14425, time remaining: 1m 56s
Rendered 3161/14425, time remaining: 1m 55s
Rendered 3162/14425, time remaining: 1m 55s
Rendered 3163/14425, time remaining: 1m 56s
Rendered 3164/14425, time remaining: 1m 56s
Rendered 3165/14425, time remaining: 1m 55s
Rendered 3166/14425, time remaining: 1m 55s
Rendered 3167/14425, time remaining: 1m 56s
Rendered 3168/14425, time remaining: 1m 55s
Rendered 3169/14425, time remaining: 1m 55s
Rendered 3170/14425, time remaining: 1m 55s
Rendered 3171/14425, time remaining: 1m 56s
Rendered 3172/14425, time remaining: 1m 56s
Rendered 3173/14425, time remaining: 1m 56s
Rendered 3174/14425, time remaining: 1m 56s
Rendered 3174/14425, time remaining: 1m 56s
Rendered 3175/14425, time remaining: 1m 57s
Rendered 3176/14425, time remaining: 1m 57s
Rendered 3177/14425, time remaining: 1m 56s
Rendered 3178/14425, time remaining: 1m 56s
Rendered 3179/14425, time remaining: 1m 58s
Rendered 3180/14425, time remaining: 1m 57s
Rendered 3181/14425, time remaining: 1m 57s
Rendered 3182/14425, time remaining: 1m 56s
Rendered 3183/14425, time remaining: 1m 58s
Rendered 3184/14425, time remaining: 1m 58s
Rendered 3185/14425, time remaining: 1m 56s
Rendered 3186/14425, time remaining: 1m 56s
Rendered 3187/14425, time remaining: 1m 58s
Rendered 3188/14425, time remaining: 1m 58s
Rendered 3189/14425, time remaining: 1m 56s
Rendered 3190/14425, time remaining: 1m 56s
Rendered 3191/14425, time remaining: 1m 58s
Rendered 3192/14425, time remaining: 1m 58s
Rendered 3193/14425, time remaining: 1m 56s
Rendered 3194/14425, time remaining: 1m 56s
Rendered 3195/14425, time remaining: 1m 58s
Rendered 3196/14425, time remaining: 1m 58s
Rendered 3197/14425, time remaining: 1m 56s
Rendered 3198/14425, time remaining: 1m 56s
Rendered 3199/14425, time remaining: 1m 58s
Rendered 3200/14425, time remaining: 1m 58s
Rendered 3201/14425, time remaining: 1m 56s
Rendered 3202/14425, time remaining: 1m 56s
Rendered 3203/14425, time remaining: 1m 58s
Rendered 3204/14425, time remaining: 1m 58s
Rendered 3205/14425, time remaining: 1m 56s
Rendered 3206/14425, time remaining: 1m 56s
Rendered 3207/14425, time remaining: 1m 58s
Rendered 3208/14425, time remaining: 1m 58s
Rendered 3209/14425, time remaining: 1m 56s
Rendered 3210/14425, time remaining: 1m 56s
Rendered 3211/14425, time remaining: 1m 58s
Rendered 3212/14425, time remaining: 1m 58s
Rendered 3213/14425, time remaining: 1m 56s
Rendered 3214/14425, time remaining: 1m 56s
Rendered 3215/14425, time remaining: 1m 58s
Rendered 3216/14425, time remaining: 1m 58s
Rendered 3217/14425, time remaining: 1m 56s
Rendered 3218/14425, time remaining: 1m 56s
Rendered 3219/14425, time remaining: 1m 58s
Rendered 3220/14425, time remaining: 1m 58s
Rendered 3221/14425, time remaining: 1m 56s
Rendered 3222/14425, time remaining: 1m 56s
Rendered 3222/14425, time remaining: 1m 56s
Rendered 3223/14425, time remaining: 1m 58s
Rendered 3224/14425, time remaining: 1m 58s
Rendered 3225/14425, time remaining: 1m 57s
Rendered 3226/14425, time remaining: 1m 57s
Rendered 3227/14425, time remaining: 1m 58s
Rendered 3228/14425, time remaining: 1m 58s
Rendered 3229/14425, time remaining: 1m 56s
Rendered 3230/14425, time remaining: 1m 56s
Rendered 3231/14425, time remaining: 1m 58s
Rendered 3232/14425, time remaining: 1m 58s
Rendered 3233/14425, time remaining: 1m 56s
Rendered 3234/14425, time remaining: 1m 56s
Rendered 3235/14425, time remaining: 1m 57s
Rendered 3236/14425, time remaining: 1m 57s
Rendered 3237/14425, time remaining: 1m 55s
Rendered 3238/14425, time remaining: 1m 56s
Rendered 3239/14425, time remaining: 1m 56s
Rendered 3240/14425, time remaining: 1m 56s
Rendered 3241/14425, time remaining: 1m 55s
Rendered 3242/14425, time remaining: 1m 55s
Rendered 3243/14425, time remaining: 1m 56s
Rendered 3244/14425, time remaining: 1m 56s
Rendered 3245/14425, time remaining: 1m 54s
Rendered 3246/14425, time remaining: 1m 54s
Rendered 3247/14425, time remaining: 1m 54s
Rendered 3248/14425, time remaining: 1m 55s
Rendered 3249/14425, time remaining: 1m 53s
Rendered 3250/14425, time remaining: 1m 53s
Rendered 3251/14425, time remaining: 1m 54s
Rendered 3252/14425, time remaining: 1m 54s
Rendered 3253/14425, time remaining: 1m 52s
Rendered 3254/14425, time remaining: 1m 52s
Rendered 3255/14425, time remaining: 1m 53s
Rendered 3256/14425, time remaining: 1m 53s
Rendered 3257/14425, time remaining: 1m 52s
Rendered 3258/14425, time remaining: 1m 52s
Rendered 3259/14425, time remaining: 1m 54s
Rendered 3260/14425, time remaining: 1m 53s
Rendered 3261/14425, time remaining: 1m 52s
Rendered 3262/14425, time remaining: 1m 52s
Rendered 3263/14425, time remaining: 1m 53s
Rendered 3264/14425, time remaining: 1m 53s
Rendered 3265/14425, time remaining: 1m 52s
Rendered 3266/14425, time remaining: 1m 52s
Rendered 3267/14425, time remaining: 1m 53s
Rendered 3268/14425, time remaining: 1m 53s
Rendered 3269/14425, time remaining: 1m 52s
Rendered 3270/14425, time remaining: 1m 52s
Rendered 3271/14425, time remaining: 1m 53s
Rendered 3272/14425, time remaining: 1m 53s
Rendered 3273/14425, time remaining: 1m 52s
Rendered 3274/14425, time remaining: 1m 52s
Rendered 3275/14425, time remaining: 1m 53s
Rendered 3276/14425, time remaining: 1m 53s
Rendered 3276/14425, time remaining: 1m 53s
Rendered 3277/14425, time remaining: 1m 52s
Rendered 3278/14425, time remaining: 1m 52s
Rendered 3279/14425, time remaining: 1m 52s
Rendered 3280/14425, time remaining: 1m 52s
Rendered 3281/14425, time remaining: 1m 51s
Rendered 3282/14425, time remaining: 1m 51s
Rendered 3283/14425, time remaining: 1m 52s
Rendered 3284/14425, time remaining: 1m 51s
Rendered 3285/14425, time remaining: 1m 51s
Rendered 3286/14425, time remaining: 1m 51s
Rendered 3287/14425, time remaining: 1m 53s
Rendered 3288/14425, time remaining: 1m 53s
Rendered 3289/14425, time remaining: 1m 51s
Rendered 3290/14425, time remaining: 1m 51s
Rendered 3291/14425, time remaining: 1m 53s
Rendered 3292/14425, time remaining: 1m 53s
Rendered 3293/14425, time remaining: 1m 51s
Rendered 3294/14425, time remaining: 1m 51s
Rendered 3295/14425, time remaining: 1m 53s
Rendered 3296/14425, time remaining: 1m 53s
Rendered 3297/14425, time remaining: 1m 51s
Rendered 3298/14425, time remaining: 1m 51s
Rendered 3299/14425, time remaining: 1m 53s
Rendered 3300/14425, time remaining: 1m 53s
Rendered 3301/14425, time remaining: 1m 51s
Rendered 3302/14425, time remaining: 1m 51s
Rendered 3303/14425, time remaining: 1m 53s
Rendered 3304/14425, time remaining: 1m 53s
Rendered 3305/14425, time remaining: 1m 50s
Rendered 3306/14425, time remaining: 1m 50s
Rendered 3307/14425, time remaining: 1m 52s
Rendered 3308/14425, time remaining: 1m 52s
Rendered 3309/14425, time remaining: 1m 50s
Rendered 3310/14425, time remaining: 1m 50s
Rendered 3311/14425, time remaining: 1m 52s
Rendered 3312/14425, time remaining: 1m 52s
Rendered 3313/14425, time remaining: 1m 50s
Rendered 3314/14425, time remaining: 1m 50s
Rendered 3315/14425, time remaining: 1m 52s
Rendered 3316/14425, time remaining: 1m 52s
Rendered 3317/14425, time remaining: 1m 50s
Rendered 3318/14425, time remaining: 1m 50s
Rendered 3319/14425, time remaining: 1m 52s
Rendered 3320/14425, time remaining: 1m 52s
Rendered 3321/14425, time remaining: 1m 50s
Rendered 3322/14425, time remaining: 1m 50s
Rendered 3323/14425, time remaining: 1m 52s
Rendered 3324/14425, time remaining: 1m 52s
Rendered 3325/14425, time remaining: 1m 50s
Rendered 3326/14425, time remaining: 1m 50s
Rendered 3326/14425, time remaining: 1m 50s
Rendered 3327/14425, time remaining: 1m 52s
Rendered 3328/14425, time remaining: 1m 52s
Rendered 3329/14425, time remaining: 1m 50s
Rendered 3330/14425, time remaining: 1m 50s
Rendered 3331/14425, time remaining: 1m 52s
Rendered 3332/14425, time remaining: 1m 52s
Rendered 3333/14425, time remaining: 1m 50s
Rendered 3334/14425, time remaining: 1m 50s
Rendered 3335/14425, time remaining: 1m 52s
Rendered 3336/14425, time remaining: 1m 52s
Rendered 3337/14425, time remaining: 1m 50s
Rendered 3338/14425, time remaining: 1m 50s
Rendered 3339/14425, time remaining: 1m 52s
Rendered 3340/14425, time remaining: 1m 52s
Rendered 3341/14425, time remaining: 1m 50s
Rendered 3342/14425, time remaining: 1m 50s
Rendered 3343/14425, time remaining: 1m 52s
Rendered 3344/14425, time remaining: 1m 52s
Rendered 3345/14425, time remaining: 1m 50s
Rendered 3346/14425, time remaining: 1m 50s
Rendered 3347/14425, time remaining: 1m 52s
Rendered 3348/14425, time remaining: 1m 52s
Rendered 3349/14425, time remaining: 1m 50s
Rendered 3350/14425, time remaining: 1m 50s
Rendered 3351/14425, time remaining: 1m 52s
Rendered 3352/14425, time remaining: 1m 52s
Rendered 3353/14425, time remaining: 1m 50s
Rendered 3354/14425, time remaining: 1m 50s
Rendered 3355/14425, time remaining: 1m 51s
Rendered 3356/14425, time remaining: 1m 51s
Rendered 3357/14425, time remaining: 1m 50s
Rendered 3358/14425, time remaining: 1m 50s
Rendered 3359/14425, time remaining: 1m 51s
Rendered 3360/14425, time remaining: 1m 51s
Rendered 3361/14425, time remaining: 1m 50s
Rendered 3362/14425, time remaining: 1m 50s
Rendered 3363/14425, time remaining: 1m 51s
Rendered 3364/14425, time remaining: 1m 51s
Rendered 3365/14425, time remaining: 1m 50s
Rendered 3366/14425, time remaining: 1m 50s
Rendered 3367/14425, time remaining: 1m 51s
Rendered 3368/14425, time remaining: 1m 51s
Rendered 3369/14425, time remaining: 1m 50s
Rendered 3370/14425, time remaining: 1m 50s
Rendered 3371/14425, time remaining: 1m 51s
Rendered 3372/14425, time remaining: 1m 51s
Rendered 3373/14425, time remaining: 1m 49s
Rendered 3374/14425, time remaining: 1m 49s
Rendered 3374/14425, time remaining: 1m 49s
Rendered 3375/14425, time remaining: 1m 51s
Rendered 3376/14425, time remaining: 1m 51s
Rendered 3377/14425, time remaining: 1m 49s
Rendered 3378/14425, time remaining: 1m 49s
Rendered 3379/14425, time remaining: 1m 51s
Rendered 3380/14425, time remaining: 1m 51s
Rendered 3381/14425, time remaining: 1m 49s
Rendered 3382/14425, time remaining: 1m 49s
Rendered 3383/14425, time remaining: 1m 51s
Rendered 3384/14425, time remaining: 1m 51s
Rendered 3385/14425, time remaining: 1m 50s
Rendered 3386/14425, time remaining: 1m 50s
Rendered 3387/14425, time remaining: 1m 51s
Rendered 3388/14425, time remaining: 1m 51s
Rendered 3389/14425, time remaining: 1m 51s
Rendered 3390/14425, time remaining: 1m 51s
Rendered 3391/14425, time remaining: 1m 52s
Rendered 3392/14425, time remaining: 1m 52s
Rendered 3393/14425, time remaining: 1m 51s
Rendered 3394/14425, time remaining: 1m 51s
Rendered 3395/14425, time remaining: 1m 53s
Rendered 3396/14425, time remaining: 1m 52s
Rendered 3397/14425, time remaining: 1m 52s
Rendered 3398/14425, time remaining: 1m 52s
Rendered 3399/14425, time remaining: 1m 53s
Rendered 3400/14425, time remaining: 1m 53s
Rendered 3401/14425, time remaining: 1m 52s
Rendered 3402/14425, time remaining: 1m 52s
Rendered 3403/14425, time remaining: 1m 54s
Rendered 3404/14425, time remaining: 1m 54s
Rendered 3405/14425, time remaining: 1m 52s
Rendered 3406/14425, time remaining: 1m 52s
Rendered 3407/14425, time remaining: 1m 54s
Rendered 3408/14425, time remaining: 1m 54s
Rendered 3409/14425, time remaining: 1m 52s
Rendered 3410/14425, time remaining: 1m 52s
Rendered 3411/14425, time remaining: 1m 54s
Rendered 3412/14425, time remaining: 1m 54s
Rendered 3413/14425, time remaining: 1m 52s
Rendered 3414/14425, time remaining: 1m 52s
Rendered 3415/14425, time remaining: 1m 54s
Rendered 3416/14425, time remaining: 1m 54s
Rendered 3417/14425, time remaining: 1m 52s
Rendered 3418/14425, time remaining: 1m 52s
Rendered 3419/14425, time remaining: 1m 54s
Rendered 3420/14425, time remaining: 1m 54s
Rendered 3421/14425, time remaining: 1m 53s
Rendered 3422/14425, time remaining: 1m 53s
Rendered 3422/14425, time remaining: 1m 53s
Rendered 3423/14425, time remaining: 1m 53s
Rendered 3424/14425, time remaining: 1m 53s
Rendered 3425/14425, time remaining: 1m 53s
Rendered 3426/14425, time remaining: 1m 52s
Rendered 3427/14425, time remaining: 1m 53s
Rendered 3428/14425, time remaining: 1m 53s
Rendered 3429/14425, time remaining: 1m 53s
Rendered 3430/14425, time remaining: 1m 53s
Rendered 3431/14425, time remaining: 1m 53s
Rendered 3432/14425, time remaining: 1m 53s
Rendered 3433/14425, time remaining: 1m 53s
Rendered 3434/14425, time remaining: 1m 53s
Rendered 3435/14425, time remaining: 1m 54s
Rendered 3436/14425, time remaining: 1m 54s
Rendered 3437/14425, time remaining: 1m 52s
Rendered 3438/14425, time remaining: 1m 52s
Rendered 3439/14425, time remaining: 1m 54s
Rendered 3440/14425, time remaining: 1m 54s
Rendered 3441/14425, time remaining: 1m 52s
Rendered 3442/14425, time remaining: 1m 52s
Rendered 3443/14425, time remaining: 1m 54s
Rendered 3444/14425, time remaining: 1m 54s
Rendered 3445/14425, time remaining: 1m 52s
Rendered 3446/14425, time remaining: 1m 52s
Rendered 3447/14425, time remaining: 1m 54s
Rendered 3448/14425, time remaining: 1m 54s
Rendered 3449/14425, time remaining: 1m 53s
Rendered 3450/14425, time remaining: 1m 53s
Rendered 3451/14425, time remaining: 1m 54s
Rendered 3452/14425, time remaining: 1m 54s
Rendered 3453/14425, time remaining: 1m 53s
Rendered 3454/14425, time remaining: 1m 53s
Rendered 3455/14425, time remaining: 1m 54s
Rendered 3456/14425, time remaining: 1m 54s
Rendered 3457/14425, time remaining: 1m 53s
Rendered 3458/14425, time remaining: 1m 53s
Rendered 3459/14425, time remaining: 1m 54s
Rendered 3460/14425, time remaining: 1m 54s
Rendered 3461/14425, time remaining: 1m 53s
Rendered 3462/14425, time remaining: 1m 52s
Rendered 3463/14425, time remaining: 1m 54s
Rendered 3464/14425, time remaining: 1m 54s
Rendered 3465/14425, time remaining: 1m 53s
Rendered 3466/14425, time remaining: 1m 53s
Rendered 3467/14425, time remaining: 1m 54s
Rendered 3468/14425, time remaining: 1m 54s
Rendered 3469/14425, time remaining: 1m 52s
Rendered 3470/14425, time remaining: 1m 52s
Rendered 3471/14425, time remaining: 1m 54s
Rendered 3471/14425, time remaining: 1m 54s
Rendered 3472/14425, time remaining: 1m 54s
Rendered 3473/14425, time remaining: 1m 52s
Rendered 3474/14425, time remaining: 1m 52s
Rendered 3475/14425, time remaining: 1m 54s
Rendered 3476/14425, time remaining: 1m 54s
Rendered 3477/14425, time remaining: 1m 52s
Rendered 3478/14425, time remaining: 1m 52s
Rendered 3479/14425, time remaining: 1m 54s
Rendered 3480/14425, time remaining: 1m 54s
Rendered 3481/14425, time remaining: 1m 52s
Rendered 3482/14425, time remaining: 1m 52s
Rendered 3483/14425, time remaining: 1m 53s
Rendered 3484/14425, time remaining: 1m 53s
Rendered 3485/14425, time remaining: 1m 52s
Rendered 3486/14425, time remaining: 1m 52s
Rendered 3487/14425, time remaining: 1m 53s
Rendered 3488/14425, time remaining: 1m 53s
Rendered 3489/14425, time remaining: 1m 52s
Rendered 3490/14425, time remaining: 1m 52s
Rendered 3491/14425, time remaining: 1m 54s
Rendered 3492/14425, time remaining: 1m 53s
Rendered 3493/14425, time remaining: 1m 52s
Rendered 3494/14425, time remaining: 1m 52s
Rendered 3495/14425, time remaining: 1m 53s
Rendered 3496/14425, time remaining: 1m 53s
Rendered 3497/14425, time remaining: 1m 52s
Rendered 3498/14425, time remaining: 1m 52s
Rendered 3499/14425, time remaining: 1m 53s
Rendered 3500/14425, time remaining: 1m 53s
Rendered 3501/14425, time remaining: 1m 52s
Rendered 3502/14425, time remaining: 1m 52s
Rendered 3503/14425, time remaining: 1m 53s
Rendered 3504/14425, time remaining: 1m 53s
Rendered 3505/14425, time remaining: 1m 52s
Rendered 3506/14425, time remaining: 1m 52s
Rendered 3507/14425, time remaining: 1m 53s
Rendered 3508/14425, time remaining: 1m 53s
Rendered 3509/14425, time remaining: 1m 52s
Rendered 3510/14425, time remaining: 1m 52s
Rendered 3511/14425, time remaining: 1m 53s
Rendered 3512/14425, time remaining: 1m 53s
Rendered 3513/14425, time remaining: 1m 52s
Rendered 3514/14425, time remaining: 1m 52s
Rendered 3515/14425, time remaining: 1m 53s
Rendered 3516/14425, time remaining: 1m 53s
Rendered 3517/14425, time remaining: 1m 52s
Rendered 3518/14425, time remaining: 1m 52s
Rendered 3519/14425, time remaining: 1m 53s
Rendered 3520/14425, time remaining: 1m 53s
Rendered 3520/14425, time remaining: 1m 53s
Rendered 3521/14425, time remaining: 1m 52s
Rendered 3522/14425, time remaining: 1m 52s
Rendered 3523/14425, time remaining: 1m 53s
Rendered 3524/14425, time remaining: 1m 53s
Rendered 3525/14425, time remaining: 1m 52s
Rendered 3526/14425, time remaining: 1m 52s
Rendered 3527/14425, time remaining: 1m 53s
Rendered 3528/14425, time remaining: 1m 53s
Rendered 3529/14425, time remaining: 1m 52s
Rendered 3530/14425, time remaining: 1m 52s
Rendered 3531/14425, time remaining: 1m 53s
Rendered 3532/14425, time remaining: 1m 53s
Rendered 3533/14425, time remaining: 1m 52s
Rendered 3534/14425, time remaining: 1m 52s
Rendered 3535/14425, time remaining: 1m 53s
Rendered 3536/14425, time remaining: 1m 53s
Rendered 3537/14425, time remaining: 1m 52s
Rendered 3538/14425, time remaining: 1m 52s
Rendered 3539/14425, time remaining: 1m 53s
Rendered 3540/14425, time remaining: 1m 53s
Rendered 3541/14425, time remaining: 1m 51s
Rendered 3542/14425, time remaining: 1m 51s
Rendered 3543/14425, time remaining: 1m 53s
Rendered 3544/14425, time remaining: 1m 53s
Rendered 3545/14425, time remaining: 1m 51s
Rendered 3546/14425, time remaining: 1m 51s
Rendered 3547/14425, time remaining: 1m 53s
Rendered 3548/14425, time remaining: 1m 53s
Rendered 3549/14425, time remaining: 1m 51s
Rendered 3550/14425, time remaining: 1m 51s
Rendered 3551/14425, time remaining: 1m 53s
Rendered 3552/14425, time remaining: 1m 53s
Rendered 3553/14425, time remaining: 1m 51s
Rendered 3554/14425, time remaining: 1m 51s
Rendered 3555/14425, time remaining: 1m 53s
Rendered 3556/14425, time remaining: 1m 53s
Rendered 3557/14425, time remaining: 1m 52s
Rendered 3558/14425, time remaining: 1m 52s
Rendered 3559/14425, time remaining: 1m 53s
Rendered 3560/14425, time remaining: 1m 53s
Rendered 3561/14425, time remaining: 1m 51s
Rendered 3562/14425, time remaining: 1m 51s
Rendered 3563/14425, time remaining: 1m 52s
Rendered 3564/14425, time remaining: 1m 52s
Rendered 3565/14425, time remaining: 1m 51s
Rendered 3566/14425, time remaining: 1m 51s
Rendered 3567/14425, time remaining: 1m 52s
Rendered 3568/14425, time remaining: 1m 53s
Rendered 3569/14425, time remaining: 1m 51s
Rendered 3569/14425, time remaining: 1m 51s
Rendered 3570/14425, time remaining: 1m 51s
Rendered 3571/14425, time remaining: 1m 52s
Rendered 3572/14425, time remaining: 1m 52s
Rendered 3573/14425, time remaining: 1m 51s
Rendered 3574/14425, time remaining: 1m 51s
Rendered 3575/14425, time remaining: 1m 52s
Rendered 3576/14425, time remaining: 1m 52s
Rendered 3577/14425, time remaining: 1m 51s
Rendered 3578/14425, time remaining: 1m 51s
Rendered 3579/14425, time remaining: 1m 52s
Rendered 3580/14425, time remaining: 1m 52s
Rendered 3581/14425, time remaining: 1m 51s
Rendered 3582/14425, time remaining: 1m 51s
Rendered 3583/14425, time remaining: 1m 52s
Rendered 3584/14425, time remaining: 1m 52s
Rendered 3585/14425, time remaining: 1m 50s
Rendered 3586/14425, time remaining: 1m 51s
Rendered 3587/14425, time remaining: 1m 51s
Rendered 3588/14425, time remaining: 1m 51s
Rendered 3589/14425, time remaining: 1m 50s
Rendered 3590/14425, time remaining: 1m 50s
Rendered 3591/14425, time remaining: 1m 50s
Rendered 3592/14425, time remaining: 1m 50s
Rendered 3593/14425, time remaining: 1m 49s
Rendered 3594/14425, time remaining: 1m 49s
Rendered 3595/14425, time remaining: 1m 49s
Rendered 3596/14425, time remaining: 1m 49s
Rendered 3597/14425, time remaining: 1m 48s
Rendered 3598/14425, time remaining: 1m 48s
Rendered 3599/14425, time remaining: 1m 48s
Rendered 3600/14425, time remaining: 1m 48s
Rendered 3601/14425, time remaining: 1m 47s
Rendered 3602/14425, time remaining: 1m 47s
Rendered 3603/14425, time remaining: 1m 47s
Rendered 3604/14425, time remaining: 1m 47s
Rendered 3605/14425, time remaining: 1m 46s
Rendered 3606/14425, time remaining: 1m 46s
Rendered 3607/14425, time remaining: 1m 47s
Rendered 3608/14425, time remaining: 1m 47s
Rendered 3609/14425, time remaining: 1m 46s
Rendered 3610/14425, time remaining: 1m 46s
Rendered 3611/14425, time remaining: 1m 46s
Rendered 3612/14425, time remaining: 1m 46s
Rendered 3613/14425, time remaining: 1m 45s
Rendered 3614/14425, time remaining: 1m 45s
Rendered 3615/14425, time remaining: 1m 46s
Rendered 3616/14425, time remaining: 1m 46s
Rendered 3617/14425, time remaining: 1m 44s
Rendered 3618/14425, time remaining: 1m 45s
Rendered 3619/14425, time remaining: 1m 45s
Rendered 3620/14425, time remaining: 1m 45s
Rendered 3621/14425, time remaining: 1m 44s
Rendered 3622/14425, time remaining: 1m 44s
Rendered 3623/14425, time remaining: 1m 44s
Rendered 3624/14425, time remaining: 1m 44s
Rendered 3625/14425, time remaining: 1m 43s
Rendered 3626/14425, time remaining: 1m 43s
Rendered 3627/14425, time remaining: 1m 44s
Rendered 3628/14425, time remaining: 1m 44s
Rendered 3628/14425, time remaining: 1m 44s
Rendered 3629/14425, time remaining: 1m 43s
Rendered 3630/14425, time remaining: 1m 43s
Rendered 3631/14425, time remaining: 1m 44s
Rendered 3632/14425, time remaining: 1m 45s
Rendered 3633/14425, time remaining: 1m 43s
Rendered 3634/14425, time remaining: 1m 43s
Rendered 3635/14425, time remaining: 1m 45s
Rendered 3636/14425, time remaining: 1m 45s
Rendered 3637/14425, time remaining: 1m 44s
Rendered 3638/14425, time remaining: 1m 44s
Rendered 3639/14425, time remaining: 1m 44s
Rendered 3640/14425, time remaining: 1m 44s
Rendered 3641/14425, time remaining: 1m 43s
Rendered 3642/14425, time remaining: 1m 43s
Rendered 3643/14425, time remaining: 1m 44s
Rendered 3644/14425, time remaining: 1m 44s
Rendered 3645/14425, time remaining: 1m 43s
Rendered 3646/14425, time remaining: 1m 43s
Rendered 3647/14425, time remaining: 1m 44s
Rendered 3648/14425, time remaining: 1m 44s
Rendered 3649/14425, time remaining: 1m 42s
Rendered 3650/14425, time remaining: 1m 42s
Rendered 3651/14425, time remaining: 1m 43s
Rendered 3652/14425, time remaining: 1m 43s
Rendered 3653/14425, time remaining: 1m 42s
Rendered 3654/14425, time remaining: 1m 42s
Rendered 3655/14425, time remaining: 1m 43s
Rendered 3656/14425, time remaining: 1m 43s
Rendered 3657/14425, time remaining: 1m 42s
Rendered 3658/14425, time remaining: 1m 42s
Rendered 3659/14425, time remaining: 1m 42s
Rendered 3660/14425, time remaining: 1m 42s
Rendered 3661/14425, time remaining: 1m 41s
Rendered 3662/14425, time remaining: 1m 41s
Rendered 3663/14425, time remaining: 1m 41s
Rendered 3664/14425, time remaining: 1m 42s
Rendered 3665/14425, time remaining: 1m 41s
Rendered 3666/14425, time remaining: 1m 41s
Rendered 3667/14425, time remaining: 1m 41s
Rendered 3668/14425, time remaining: 1m 42s
Rendered 3669/14425, time remaining: 1m 40s
Rendered 3670/14425, time remaining: 1m 40s
Rendered 3671/14425, time remaining: 1m 40s
Rendered 3672/14425, time remaining: 1m 42s
Rendered 3673/14425, time remaining: 1m 40s
Rendered 3674/14425, time remaining: 1m 40s
Rendered 3675/14425, time remaining: 1m 40s
Rendered 3676/14425, time remaining: 1m 42s
Rendered 3677/14425, time remaining: 1m 40s
Rendered 3678/14425, time remaining: 1m 40s
Rendered 3679/14425, time remaining: 1m 40s
Rendered 3679/14425, time remaining: 1m 40s
Rendered 3680/14425, time remaining: 1m 42s
Rendered 3681/14425, time remaining: 1m 40s
Rendered 3682/14425, time remaining: 1m 40s
Rendered 3683/14425, time remaining: 1m 40s
Rendered 3684/14425, time remaining: 1m 42s
Rendered 3685/14425, time remaining: 1m 40s
Rendered 3686/14425, time remaining: 1m 40s
Rendered 3687/14425, time remaining: 1m 40s
Rendered 3688/14425, time remaining: 1m 42s
Rendered 3689/14425, time remaining: 1m 40s
Rendered 3690/14425, time remaining: 1m 40s
Rendered 3691/14425, time remaining: 1m 40s
Rendered 3692/14425, time remaining: 1m 42s
Rendered 3693/14425, time remaining: 1m 40s
Rendered 3694/14425, time remaining: 1m 40s
Rendered 3695/14425, time remaining: 1m 40s
Rendered 3696/14425, time remaining: 1m 42s
Rendered 3697/14425, time remaining: 1m 40s
Rendered 3698/14425, time remaining: 1m 40s
Rendered 3699/14425, time remaining: 1m 40s
Rendered 3700/14425, time remaining: 1m 41s
Rendered 3701/14425, time remaining: 1m 40s
Rendered 3702/14425, time remaining: 1m 40s
Rendered 3703/14425, time remaining: 1m 40s
Rendered 3704/14425, time remaining: 1m 41s
Rendered 3705/14425, time remaining: 1m 40s
Rendered 3706/14425, time remaining: 1m 40s
Rendered 3707/14425, time remaining: 1m 40s
Rendered 3708/14425, time remaining: 1m 41s
Rendered 3709/14425, time remaining: 1m 40s
Rendered 3710/14425, time remaining: 1m 40s
Rendered 3711/14425, time remaining: 1m 40s
Rendered 3712/14425, time remaining: 1m 41s
Rendered 3713/14425, time remaining: 1m 40s
Rendered 3714/14425, time remaining: 1m 40s
Rendered 3715/14425, time remaining: 1m 40s
Rendered 3716/14425, time remaining: 1m 41s
Rendered 3717/14425, time remaining: 1m 40s
Rendered 3718/14425, time remaining: 1m 40s
Rendered 3719/14425, time remaining: 1m 40s
Rendered 3720/14425, time remaining: 1m 41s
Rendered 3721/14425, time remaining: 1m 40s
Rendered 3722/14425, time remaining: 1m 40s
Rendered 3723/14425, time remaining: 1m 40s
Rendered 3724/14425, time remaining: 1m 42s
Rendered 3725/14425, time remaining: 1m 41s
Rendered 3726/14425, time remaining: 1m 40s
Rendered 3727/14425, time remaining: 1m 40s
Rendered 3728/14425, time remaining: 1m 42s
Rendered 3728/14425, time remaining: 1m 42s
Rendered 3729/14425, time remaining: 1m 41s
Rendered 3730/14425, time remaining: 1m 41s
Rendered 3731/14425, time remaining: 1m 41s
Rendered 3732/14425, time remaining: 1m 42s
Rendered 3733/14425, time remaining: 1m 41s
Rendered 3734/14425, time remaining: 1m 41s
Rendered 3735/14425, time remaining: 1m 41s
Rendered 3736/14425, time remaining: 1m 42s
Rendered 3737/14425, time remaining: 1m 42s
Rendered 3738/14425, time remaining: 1m 42s
Rendered 3739/14425, time remaining: 1m 42s
Rendered 3740/14425, time remaining: 1m 43s
Rendered 3741/14425, time remaining: 1m 43s
Rendered 3742/14425, time remaining: 1m 42s
Rendered 3743/14425, time remaining: 1m 42s
Rendered 3744/14425, time remaining: 1m 44s
Rendered 3745/14425, time remaining: 1m 43s
Rendered 3746/14425, time remaining: 1m 43s
Rendered 3747/14425, time remaining: 1m 43s
Rendered 3748/14425, time remaining: 1m 44s
Rendered 3749/14425, time remaining: 1m 44s
Rendered 3750/14425, time remaining: 1m 44s
Rendered 3751/14425, time remaining: 1m 44s
Rendered 3752/14425, time remaining: 1m 45s
Rendered 3753/14425, time remaining: 1m 44s
Rendered 3754/14425, time remaining: 1m 44s
Rendered 3755/14425, time remaining: 1m 44s
Rendered 3756/14425, time remaining: 1m 45s
Rendered 3757/14425, time remaining: 1m 45s
Rendered 3758/14425, time remaining: 1m 45s
Rendered 3759/14425, time remaining: 1m 45s
Rendered 3760/14425, time remaining: 1m 46s
Rendered 3761/14425, time remaining: 1m 46s
Rendered 3762/14425, time remaining: 1m 45s
Rendered 3763/14425, time remaining: 1m 45s
Rendered 3764/14425, time remaining: 1m 46s
Rendered 3765/14425, time remaining: 1m 46s
Rendered 3766/14425, time remaining: 1m 46s
Rendered 3767/14425, time remaining: 1m 46s
Rendered 3768/14425, time remaining: 1m 47s
Rendered 3769/14425, time remaining: 1m 47s
Rendered 3770/14425, time remaining: 1m 46s
Rendered 3771/14425, time remaining: 1m 46s
Rendered 3772/14425, time remaining: 1m 48s
Rendered 3773/14425, time remaining: 1m 47s
Rendered 3774/14425, time remaining: 1m 47s
Rendered 3775/14425, time remaining: 1m 47s
Rendered 3776/14425, time remaining: 1m 48s
Rendered 3777/14425, time remaining: 1m 47s
Rendered 3777/14425, time remaining: 1m 47s
Rendered 3778/14425, time remaining: 1m 47s
Rendered 3779/14425, time remaining: 1m 47s
Rendered 3780/14425, time remaining: 1m 49s
Rendered 3781/14425, time remaining: 1m 47s
Rendered 3782/14425, time remaining: 1m 46s
Rendered 3783/14425, time remaining: 1m 47s
Rendered 3784/14425, time remaining: 1m 48s
Rendered 3785/14425, time remaining: 1m 46s
Rendered 3786/14425, time remaining: 1m 46s
Rendered 3787/14425, time remaining: 1m 46s
Rendered 3788/14425, time remaining: 1m 47s
Rendered 3789/14425, time remaining: 1m 47s
Rendered 3790/14425, time remaining: 1m 47s
Rendered 3791/14425, time remaining: 1m 46s
Rendered 3792/14425, time remaining: 1m 48s
Rendered 3793/14425, time remaining: 1m 47s
Rendered 3794/14425, time remaining: 1m 47s
Rendered 3795/14425, time remaining: 1m 47s
Rendered 3796/14425, time remaining: 1m 48s
Rendered 3797/14425, time remaining: 1m 47s
Rendered 3798/14425, time remaining: 1m 47s
Rendered 3799/14425, time remaining: 1m 47s
Rendered 3800/14425, time remaining: 1m 48s
Rendered 3801/14425, time remaining: 1m 48s
Rendered 3802/14425, time remaining: 1m 48s
Rendered 3803/14425, time remaining: 1m 48s
Rendered 3804/14425, time remaining: 1m 49s
Rendered 3805/14425, time remaining: 1m 48s
Rendered 3806/14425, time remaining: 1m 48s
Rendered 3807/14425, time remaining: 1m 48s
Rendered 3808/14425, time remaining: 1m 49s
Rendered 3809/14425, time remaining: 1m 49s
Rendered 3810/14425, time remaining: 1m 48s
Rendered 3811/14425, time remaining: 1m 48s
Rendered 3812/14425, time remaining: 1m 50s
Rendered 3813/14425, time remaining: 1m 49s
Rendered 3814/14425, time remaining: 1m 49s
Rendered 3815/14425, time remaining: 1m 49s
Rendered 3816/14425, time remaining: 1m 50s
Rendered 3817/14425, time remaining: 1m 50s
Rendered 3818/14425, time remaining: 1m 49s
Rendered 3819/14425, time remaining: 1m 49s
Rendered 3820/14425, time remaining: 1m 50s
Rendered 3821/14425, time remaining: 1m 50s
Rendered 3822/14425, time remaining: 1m 49s
Rendered 3823/14425, time remaining: 1m 49s
Rendered 3824/14425, time remaining: 1m 50s
Rendered 3825/14425, time remaining: 1m 50s
Rendered 3826/14425, time remaining: 1m 49s
Rendered 3826/14425, time remaining: 1m 49s
Rendered 3827/14425, time remaining: 1m 49s
Rendered 3828/14425, time remaining: 1m 50s
Rendered 3829/14425, time remaining: 1m 50s
Rendered 3830/14425, time remaining: 1m 49s
Rendered 3831/14425, time remaining: 1m 49s
Rendered 3832/14425, time remaining: 1m 50s
Rendered 3833/14425, time remaining: 1m 50s
Rendered 3834/14425, time remaining: 1m 49s
Rendered 3835/14425, time remaining: 1m 49s
Rendered 3836/14425, time remaining: 1m 50s
Rendered 3837/14425, time remaining: 1m 50s
Rendered 3838/14425, time remaining: 1m 49s
Rendered 3839/14425, time remaining: 1m 49s
Rendered 3840/14425, time remaining: 1m 50s
Rendered 3841/14425, time remaining: 1m 50s
Rendered 3842/14425, time remaining: 1m 49s
Rendered 3843/14425, time remaining: 1m 49s
Rendered 3844/14425, time remaining: 1m 50s
Rendered 3845/14425, time remaining: 1m 50s
Rendered 3846/14425, time remaining: 1m 48s
Rendered 3847/14425, time remaining: 1m 48s
Rendered 3848/14425, time remaining: 1m 50s
Rendered 3849/14425, time remaining: 1m 50s
Rendered 3850/14425, time remaining: 1m 48s
Rendered 3851/14425, time remaining: 1m 48s
Rendered 3852/14425, time remaining: 1m 50s
Rendered 3853/14425, time remaining: 1m 50s
Rendered 3854/14425, time remaining: 1m 48s
Rendered 3855/14425, time remaining: 1m 48s
Rendered 3856/14425, time remaining: 1m 50s
Rendered 3857/14425, time remaining: 1m 50s
Rendered 3858/14425, time remaining: 1m 48s
Rendered 3859/14425, time remaining: 1m 48s
Rendered 3860/14425, time remaining: 1m 50s
Rendered 3861/14425, time remaining: 1m 50s
Rendered 3862/14425, time remaining: 1m 48s
Rendered 3863/14425, time remaining: 1m 48s
Rendered 3864/14425, time remaining: 1m 50s
Rendered 3865/14425, time remaining: 1m 50s
Rendered 3866/14425, time remaining: 1m 48s
Rendered 3867/14425, time remaining: 1m 48s
Rendered 3868/14425, time remaining: 1m 50s
Rendered 3869/14425, time remaining: 1m 50s
Rendered 3870/14425, time remaining: 1m 48s
Rendered 3871/14425, time remaining: 1m 48s
Rendered 3872/14425, time remaining: 1m 50s
Rendered 3873/14425, time remaining: 1m 50s
Rendered 3874/14425, time remaining: 1m 48s
Rendered 3875/14425, time remaining: 1m 48s
Rendered 3875/14425, time remaining: 1m 48s
Rendered 3876/14425, time remaining: 1m 50s
Rendered 3877/14425, time remaining: 1m 50s
Rendered 3878/14425, time remaining: 1m 48s
Rendered 3879/14425, time remaining: 1m 48s
Rendered 3880/14425, time remaining: 1m 50s
Rendered 3881/14425, time remaining: 1m 50s
Rendered 3882/14425, time remaining: 1m 48s
Rendered 3883/14425, time remaining: 1m 48s
Rendered 3884/14425, time remaining: 1m 49s
Rendered 3885/14425, time remaining: 1m 49s
Rendered 3886/14425, time remaining: 1m 48s
Rendered 3887/14425, time remaining: 1m 48s
Rendered 3888/14425, time remaining: 1m 50s
Rendered 3889/14425, time remaining: 1m 49s
Rendered 3890/14425, time remaining: 1m 48s
Rendered 3891/14425, time remaining: 1m 48s
Rendered 3892/14425, time remaining: 1m 49s
Rendered 3893/14425, time remaining: 1m 49s
Rendered 3894/14425, time remaining: 1m 48s
Rendered 3895/14425, time remaining: 1m 48s
Rendered 3896/14425, time remaining: 1m 49s
Rendered 3897/14425, time remaining: 1m 49s
Rendered 3898/14425, time remaining: 1m 48s
Rendered 3899/14425, time remaining: 1m 48s
Rendered 3900/14425, time remaining: 1m 49s
Rendered 3901/14425, time remaining: 1m 49s
Rendered 3902/14425, time remaining: 1m 48s
Rendered 3903/14425, time remaining: 1m 48s
Rendered 3904/14425, time remaining: 1m 49s
Rendered 3905/14425, time remaining: 1m 49s
Rendered 3906/14425, time remaining: 1m 48s
Rendered 3907/14425, time remaining: 1m 48s
Rendered 3908/14425, time remaining: 1m 49s
Rendered 3909/14425, time remaining: 1m 49s
Rendered 3910/14425, time remaining: 1m 48s
Rendered 3911/14425, time remaining: 1m 48s
Rendered 3912/14425, time remaining: 1m 49s
Rendered 3913/14425, time remaining: 1m 49s
Rendered 3914/14425, time remaining: 1m 48s
Rendered 3915/14425, time remaining: 1m 48s
Rendered 3916/14425, time remaining: 1m 49s
Rendered 3917/14425, time remaining: 1m 49s
Rendered 3918/14425, time remaining: 1m 48s
Rendered 3919/14425, time remaining: 1m 48s
Rendered 3920/14425, time remaining: 1m 49s
Rendered 3921/14425, time remaining: 1m 49s
Rendered 3922/14425, time remaining: 1m 48s
Rendered 3923/14425, time remaining: 1m 48s
Rendered 3923/14425, time remaining: 1m 48s
Rendered 3924/14425, time remaining: 1m 49s
Rendered 3925/14425, time remaining: 1m 49s
Rendered 3926/14425, time remaining: 1m 48s
Rendered 3927/14425, time remaining: 1m 48s
Rendered 3928/14425, time remaining: 1m 49s
Rendered 3929/14425, time remaining: 1m 49s
Rendered 3930/14425, time remaining: 1m 48s
Rendered 3931/14425, time remaining: 1m 48s
Rendered 3932/14425, time remaining: 1m 49s
Rendered 3933/14425, time remaining: 1m 49s
Rendered 3934/14425, time remaining: 1m 48s
Rendered 3935/14425, time remaining: 1m 48s
Rendered 3936/14425, time remaining: 1m 49s
Rendered 3937/14425, time remaining: 1m 49s
Rendered 3938/14425, time remaining: 1m 48s
Rendered 3939/14425, time remaining: 1m 48s
Rendered 3940/14425, time remaining: 1m 49s
Rendered 3941/14425, time remaining: 1m 49s
Rendered 3942/14425, time remaining: 1m 47s
Rendered 3943/14425, time remaining: 1m 48s
Rendered 3944/14425, time remaining: 1m 49s
Rendered 3945/14425, time remaining: 1m 49s
Rendered 3946/14425, time remaining: 1m 47s
Rendered 3947/14425, time remaining: 1m 47s
Rendered 3948/14425, time remaining: 1m 49s
Rendered 3949/14425, time remaining: 1m 49s
Rendered 3950/14425, time remaining: 1m 47s
Rendered 3951/14425, time remaining: 1m 47s
Rendered 3952/14425, time remaining: 1m 49s
Rendered 3953/14425, time remaining: 1m 49s
Rendered 3954/14425, time remaining: 1m 47s
Rendered 3955/14425, time remaining: 1m 47s
Rendered 3956/14425, time remaining: 1m 49s
Rendered 3957/14425, time remaining: 1m 49s
Rendered 3958/14425, time remaining: 1m 47s
Rendered 3959/14425, time remaining: 1m 47s
Rendered 3960/14425, time remaining: 1m 49s
Rendered 3961/14425, time remaining: 1m 49s
Rendered 3962/14425, time remaining: 1m 47s
Rendered 3963/14425, time remaining: 1m 47s
Rendered 3964/14425, time remaining: 1m 49s
Rendered 3965/14425, time remaining: 1m 49s
Rendered 3966/14425, time remaining: 1m 47s
Rendered 3967/14425, time remaining: 1m 47s
Rendered 3968/14425, time remaining: 1m 49s
Rendered 3969/14425, time remaining: 1m 49s
Rendered 3970/14425, time remaining: 1m 47s
Rendered 3971/14425, time remaining: 1m 47s
Rendered 3971/14425, time remaining: 1m 47s
Rendered 3972/14425, time remaining: 1m 49s
Rendered 3973/14425, time remaining: 1m 49s
Rendered 3974/14425, time remaining: 1m 47s
Rendered 3975/14425, time remaining: 1m 47s
Rendered 3976/14425, time remaining: 1m 48s
Rendered 3977/14425, time remaining: 1m 48s
Rendered 3978/14425, time remaining: 1m 47s
Rendered 3979/14425, time remaining: 1m 47s
Rendered 3980/14425, time remaining: 1m 49s
Rendered 3981/14425, time remaining: 1m 49s
Rendered 3982/14425, time remaining: 1m 47s
Rendered 3983/14425, time remaining: 1m 47s
Rendered 3984/14425, time remaining: 1m 48s
Rendered 3985/14425, time remaining: 1m 48s
Rendered 3986/14425, time remaining: 1m 47s
Rendered 3987/14425, time remaining: 1m 47s
Rendered 3988/14425, time remaining: 1m 47s
Rendered 3989/14425, time remaining: 1m 48s
Rendered 3990/14425, time remaining: 1m 46s
Rendered 3991/14425, time remaining: 1m 46s
Rendered 3992/14425, time remaining: 1m 47s
Rendered 3993/14425, time remaining: 1m 47s
Rendered 3994/14425, time remaining: 1m 45s
Rendered 3995/14425, time remaining: 1m 46s
Rendered 3996/14425, time remaining: 1m 46s
Rendered 3997/14425, time remaining: 1m 46s
Rendered 3998/14425, time remaining: 1m 45s
Rendered 3999/14425, time remaining: 1m 45s
Rendered 4000/14425, time remaining: 1m 45s
Rendered 4001/14425, time remaining: 1m 46s
Rendered 4002/14425, time remaining: 1m 44s
Rendered 4003/14425, time remaining: 1m 44s
Rendered 4004/14425, time remaining: 1m 45s
Rendered 4005/14425, time remaining: 1m 45s
Rendered 4006/14425, time remaining: 1m 44s
Rendered 4007/14425, time remaining: 1m 44s
Rendered 4008/14425, time remaining: 1m 44s
Rendered 4009/14425, time remaining: 1m 45s
Rendered 4010/14425, time remaining: 1m 44s
Rendered 4011/14425, time remaining: 1m 44s
Rendered 4012/14425, time remaining: 1m 44s
Rendered 4013/14425, time remaining: 1m 45s
Rendered 4014/14425, time remaining: 1m 44s
Rendered 4015/14425, time remaining: 1m 43s
Rendered 4016/14425, time remaining: 1m 44s
Rendered 4017/14425, time remaining: 1m 45s
Rendered 4018/14425, time remaining: 1m 44s
Rendered 4019/14425, time remaining: 1m 43s
Rendered 4020/14425, time remaining: 1m 43s
Rendered 4021/14425, time remaining: 1m 45s
Rendered 4022/14425, time remaining: 1m 43s
Rendered 4023/14425, time remaining: 1m 43s
Rendered 4024/14425, time remaining: 1m 43s
Rendered 4025/14425, time remaining: 1m 45s
Rendered 4025/14425, time remaining: 1m 45s
Rendered 4026/14425, time remaining: 1m 43s
Rendered 4027/14425, time remaining: 1m 43s
Rendered 4028/14425, time remaining: 1m 43s
Rendered 4029/14425, time remaining: 1m 44s
Rendered 4030/14425, time remaining: 1m 43s
Rendered 4031/14425, time remaining: 1m 43s
Rendered 4032/14425, time remaining: 1m 43s
Rendered 4033/14425, time remaining: 1m 44s
Rendered 4034/14425, time remaining: 1m 43s
Rendered 4035/14425, time remaining: 1m 43s
Rendered 4036/14425, time remaining: 1m 43s
Rendered 4037/14425, time remaining: 1m 44s
Rendered 4038/14425, time remaining: 1m 43s
Rendered 4039/14425, time remaining: 1m 43s
Rendered 4040/14425, time remaining: 1m 43s
Rendered 4041/14425, time remaining: 1m 44s
Rendered 4042/14425, time remaining: 1m 42s
Rendered 4043/14425, time remaining: 1m 43s
Rendered 4044/14425, time remaining: 1m 42s
Rendered 4045/14425, time remaining: 1m 44s
Rendered 4046/14425, time remaining: 1m 42s
Rendered 4047/14425, time remaining: 1m 42s
Rendered 4048/14425, time remaining: 1m 42s
Rendered 4049/14425, time remaining: 1m 43s
Rendered 4050/14425, time remaining: 1m 41s
Rendered 4051/14425, time remaining: 1m 42s
Rendered 4052/14425, time remaining: 1m 42s
Rendered 4053/14425, time remaining: 1m 43s
Rendered 4054/14425, time remaining: 1m 41s
Rendered 4055/14425, time remaining: 1m 41s
Rendered 4056/14425, time remaining: 1m 41s
Rendered 4057/14425, time remaining: 1m 43s
Rendered 4058/14425, time remaining: 1m 41s
Rendered 4059/14425, time remaining: 1m 41s
Rendered 4060/14425, time remaining: 1m 41s
Rendered 4061/14425, time remaining: 1m 43s
Rendered 4062/14425, time remaining: 1m 41s
Rendered 4063/14425, time remaining: 1m 41s
Rendered 4064/14425, time remaining: 1m 41s
Rendered 4065/14425, time remaining: 1m 43s
Rendered 4066/14425, time remaining: 1m 41s
Rendered 4067/14425, time remaining: 1m 41s
Rendered 4068/14425, time remaining: 1m 41s
Rendered 4069/14425, time remaining: 1m 43s
Rendered 4070/14425, time remaining: 1m 41s
Rendered 4071/14425, time remaining: 1m 41s
Rendered 4072/14425, time remaining: 1m 41s
Rendered 4073/14425, time remaining: 1m 43s
Rendered 4074/14425, time remaining: 1m 41s
Rendered 4075/14425, time remaining: 1m 41s
Rendered 4076/14425, time remaining: 1m 41s
Rendered 4076/14425, time remaining: 1m 41s
Rendered 4077/14425, time remaining: 1m 42s
Rendered 4078/14425, time remaining: 1m 41s
Rendered 4079/14425, time remaining: 1m 41s
Rendered 4080/14425, time remaining: 1m 41s
Rendered 4081/14425, time remaining: 1m 43s
Rendered 4082/14425, time remaining: 1m 41s
Rendered 4083/14425, time remaining: 1m 41s
Rendered 4084/14425, time remaining: 1m 41s
Rendered 4085/14425, time remaining: 1m 42s
Rendered 4086/14425, time remaining: 1m 41s
Rendered 4087/14425, time remaining: 1m 41s
Rendered 4088/14425, time remaining: 1m 41s
Rendered 4089/14425, time remaining: 1m 42s
Rendered 4090/14425, time remaining: 1m 41s
Rendered 4091/14425, time remaining: 1m 41s
Rendered 4092/14425, time remaining: 1m 41s
Rendered 4093/14425, time remaining: 1m 42s
Rendered 4094/14425, time remaining: 1m 41s
Rendered 4095/14425, time remaining: 1m 41s
Rendered 4096/14425, time remaining: 1m 41s
Rendered 4097/14425, time remaining: 1m 42s
Rendered 4098/14425, time remaining: 1m 41s
Rendered 4099/14425, time remaining: 1m 41s
Rendered 4100/14425, time remaining: 1m 41s
Rendered 4101/14425, time remaining: 1m 43s
Rendered 4102/14425, time remaining: 1m 41s
Rendered 4103/14425, time remaining: 1m 41s
Rendered 4104/14425, time remaining: 1m 41s
Rendered 4105/14425, time remaining: 1m 42s
Rendered 4106/14425, time remaining: 1m 41s
Rendered 4107/14425, time remaining: 1m 41s
Rendered 4108/14425, time remaining: 1m 41s
Rendered 4109/14425, time remaining: 1m 42s
Rendered 4110/14425, time remaining: 1m 41s
Rendered 4111/14425, time remaining: 1m 41s
Rendered 4112/14425, time remaining: 1m 41s
Rendered 4113/14425, time remaining: 1m 41s
Rendered 4114/14425, time remaining: 1m 40s
Rendered 4115/14425, time remaining: 1m 40s
Rendered 4116/14425, time remaining: 1m 40s
Rendered 4117/14425, time remaining: 1m 42s
Rendered 4118/14425, time remaining: 1m 40s
Rendered 4119/14425, time remaining: 1m 40s
Rendered 4120/14425, time remaining: 1m 40s
Rendered 4121/14425, time remaining: 1m 42s
Rendered 4122/14425, time remaining: 1m 40s
Rendered 4123/14425, time remaining: 1m 40s
Rendered 4124/14425, time remaining: 1m 40s
Rendered 4125/14425, time remaining: 1m 42s
Rendered 4125/14425, time remaining: 1m 42s
Rendered 4126/14425, time remaining: 1m 40s
Rendered 4127/14425, time remaining: 1m 40s
Rendered 4128/14425, time remaining: 1m 40s
Rendered 4129/14425, time remaining: 1m 41s
Rendered 4130/14425, time remaining: 1m 40s
Rendered 4131/14425, time remaining: 1m 40s
Rendered 4132/14425, time remaining: 1m 40s
Rendered 4133/14425, time remaining: 1m 41s
Rendered 4134/14425, time remaining: 1m 41s
Rendered 4135/14425, time remaining: 1m 41s
Rendered 4136/14425, time remaining: 1m 41s
Rendered 4137/14425, time remaining: 1m 41s
Rendered 4138/14425, time remaining: 1m 41s
Rendered 4139/14425, time remaining: 1m 41s
Rendered 4140/14425, time remaining: 1m 41s
Rendered 4141/14425, time remaining: 1m 41s
Rendered 4142/14425, time remaining: 1m 41s
Rendered 4143/14425, time remaining: 1m 40s
Rendered 4144/14425, time remaining: 1m 41s
Rendered 4145/14425, time remaining: 1m 41s
Rendered 4146/14425, time remaining: 1m 41s
Rendered 4147/14425, time remaining: 1m 40s
Rendered 4148/14425, time remaining: 1m 40s
Rendered 4149/14425, time remaining: 1m 41s
Rendered 4150/14425, time remaining: 1m 41s
Rendered 4151/14425, time remaining: 1m 41s
Rendered 4152/14425, time remaining: 1m 41s
Rendered 4153/14425, time remaining: 1m 41s
Rendered 4154/14425, time remaining: 1m 41s
Rendered 4155/14425, time remaining: 1m 41s
Rendered 4156/14425, time remaining: 1m 41s
Rendered 4157/14425, time remaining: 1m 41s
Rendered 4158/14425, time remaining: 1m 41s
Rendered 4159/14425, time remaining: 1m 40s
Rendered 4160/14425, time remaining: 1m 40s
Rendered 4161/14425, time remaining: 1m 41s
Rendered 4162/14425, time remaining: 1m 41s
Rendered 4163/14425, time remaining: 1m 40s
Rendered 4164/14425, time remaining: 1m 40s
Rendered 4165/14425, time remaining: 1m 40s
Rendered 4166/14425, time remaining: 1m 40s
Rendered 4167/14425, time remaining: 1m 39s
Rendered 4168/14425, time remaining: 1m 39s
Rendered 4169/14425, time remaining: 1m 40s
Rendered 4170/14425, time remaining: 1m 40s
Rendered 4171/14425, time remaining: 1m 39s
Rendered 4172/14425, time remaining: 1m 38s
Rendered 4173/14425, time remaining: 1m 39s
Rendered 4174/14425, time remaining: 1m 39s
Rendered 4175/14425, time remaining: 1m 38s
Rendered 4176/14425, time remaining: 1m 38s
Rendered 4177/14425, time remaining: 1m 39s
Rendered 4178/14425, time remaining: 1m 39s
Rendered 4179/14425, time remaining: 1m 38s
Rendered 4180/14425, time remaining: 1m 38s
Rendered 4181/14425, time remaining: 1m 38s
Rendered 4182/14425, time remaining: 1m 39s
Rendered 4183/14425, time remaining: 1m 37s
Rendered 4183/14425, time remaining: 1m 37s
Rendered 4184/14425, time remaining: 1m 37s
Rendered 4185/14425, time remaining: 1m 38s
Rendered 4186/14425, time remaining: 1m 38s
Rendered 4187/14425, time remaining: 1m 37s
Rendered 4188/14425, time remaining: 1m 37s
Rendered 4189/14425, time remaining: 1m 38s
Rendered 4190/14425, time remaining: 1m 38s
Rendered 4191/14425, time remaining: 1m 37s
Rendered 4192/14425, time remaining: 1m 37s
Rendered 4193/14425, time remaining: 1m 37s
Rendered 4194/14425, time remaining: 1m 37s
Rendered 4195/14425, time remaining: 1m 36s
Rendered 4196/14425, time remaining: 1m 36s
Rendered 4197/14425, time remaining: 1m 38s
Rendered 4198/14425, time remaining: 1m 37s
Rendered 4199/14425, time remaining: 1m 37s
Rendered 4200/14425, time remaining: 1m 37s
Rendered 4201/14425, time remaining: 1m 38s
Rendered 4202/14425, time remaining: 1m 38s
Rendered 4203/14425, time remaining: 1m 37s
Rendered 4204/14425, time remaining: 1m 37s
Rendered 4205/14425, time remaining: 1m 39s
Rendered 4206/14425, time remaining: 1m 39s
Rendered 4207/14425, time remaining: 1m 37s
Rendered 4208/14425, time remaining: 1m 37s
Rendered 4209/14425, time remaining: 1m 39s
Rendered 4210/14425, time remaining: 1m 39s
Rendered 4211/14425, time remaining: 1m 37s
Rendered 4212/14425, time remaining: 1m 37s
Rendered 4213/14425, time remaining: 1m 39s
Rendered 4214/14425, time remaining: 1m 39s
Rendered 4215/14425, time remaining: 1m 37s
Rendered 4216/14425, time remaining: 1m 37s
Rendered 4217/14425, time remaining: 1m 39s
Rendered 4218/14425, time remaining: 1m 39s
Rendered 4219/14425, time remaining: 1m 37s
Rendered 4220/14425, time remaining: 1m 37s
Rendered 4221/14425, time remaining: 1m 39s
Rendered 4222/14425, time remaining: 1m 39s
Rendered 4223/14425, time remaining: 1m 37s
Rendered 4224/14425, time remaining: 1m 37s
Rendered 4225/14425, time remaining: 1m 39s
Rendered 4226/14425, time remaining: 1m 39s
Rendered 4227/14425, time remaining: 1m 37s
Rendered 4228/14425, time remaining: 1m 37s
Rendered 4229/14425, time remaining: 1m 39s
Rendered 4230/14425, time remaining: 1m 39s
Rendered 4231/14425, time remaining: 1m 37s
Rendered 4232/14425, time remaining: 1m 37s
Rendered 4232/14425, time remaining: 1m 37s
Rendered 4233/14425, time remaining: 1m 39s
Rendered 4234/14425, time remaining: 1m 38s
Rendered 4235/14425, time remaining: 1m 37s
Rendered 4236/14425, time remaining: 1m 37s
Rendered 4237/14425, time remaining: 1m 39s
Rendered 4238/14425, time remaining: 1m 39s
Rendered 4239/14425, time remaining: 1m 37s
Rendered 4240/14425, time remaining: 1m 37s
Rendered 4241/14425, time remaining: 1m 38s
Rendered 4242/14425, time remaining: 1m 38s
Rendered 4243/14425, time remaining: 1m 37s
Rendered 4244/14425, time remaining: 1m 37s
Rendered 4245/14425, time remaining: 1m 38s
Rendered 4246/14425, time remaining: 1m 38s
Rendered 4247/14425, time remaining: 1m 37s
Rendered 4248/14425, time remaining: 1m 37s
Rendered 4249/14425, time remaining: 1m 38s
Rendered 4250/14425, time remaining: 1m 38s
Rendered 4251/14425, time remaining: 1m 37s
Rendered 4252/14425, time remaining: 1m 37s
Rendered 4253/14425, time remaining: 1m 38s
Rendered 4254/14425, time remaining: 1m 38s
Rendered 4255/14425, time remaining: 1m 37s
Rendered 4256/14425, time remaining: 1m 37s
Rendered 4257/14425, time remaining: 1m 38s
Rendered 4258/14425, time remaining: 1m 38s
Rendered 4259/14425, time remaining: 1m 37s
Rendered 4260/14425, time remaining: 1m 37s
Rendered 4261/14425, time remaining: 1m 38s
Rendered 4262/14425, time remaining: 1m 38s
Rendered 4263/14425, time remaining: 1m 38s
Rendered 4264/14425, time remaining: 1m 38s
Rendered 4265/14425, time remaining: 1m 39s
Rendered 4266/14425, time remaining: 1m 39s
Rendered 4267/14425, time remaining: 1m 37s
Rendered 4268/14425, time remaining: 1m 37s
Rendered 4269/14425, time remaining: 1m 39s
Rendered 4270/14425, time remaining: 1m 39s
Rendered 4271/14425, time remaining: 1m 37s
Rendered 4272/14425, time remaining: 1m 37s
Rendered 4273/14425, time remaining: 1m 38s
Rendered 4274/14425, time remaining: 1m 38s
Rendered 4275/14425, time remaining: 1m 37s
Rendered 4276/14425, time remaining: 1m 37s
Rendered 4277/14425, time remaining: 1m 38s
Rendered 4278/14425, time remaining: 1m 38s
Rendered 4279/14425, time remaining: 1m 37s
Rendered 4280/14425, time remaining: 1m 37s
Rendered 4281/14425, time remaining: 1m 38s
Rendered 4281/14425, time remaining: 1m 38s
Rendered 4282/14425, time remaining: 1m 38s
Rendered 4283/14425, time remaining: 1m 37s
Rendered 4284/14425, time remaining: 1m 37s
Rendered 4285/14425, time remaining: 1m 38s
Rendered 4286/14425, time remaining: 1m 38s
Rendered 4287/14425, time remaining: 1m 37s
Rendered 4288/14425, time remaining: 1m 37s
Rendered 4289/14425, time remaining: 1m 40s
Rendered 4290/14425, time remaining: 1m 40s
Rendered 4291/14425, time remaining: 1m 39s
Rendered 4292/14425, time remaining: 1m 39s
Rendered 4293/14425, time remaining: 1m 41s
Rendered 4294/14425, time remaining: 1m 40s
Rendered 4295/14425, time remaining: 1m 40s
Rendered 4296/14425, time remaining: 1m 40s
Rendered 4297/14425, time remaining: 1m 41s
Rendered 4298/14425, time remaining: 1m 41s
Rendered 4299/14425, time remaining: 1m 40s
Rendered 4300/14425, time remaining: 1m 40s
Rendered 4301/14425, time remaining: 1m 41s
Rendered 4302/14425, time remaining: 1m 41s
Rendered 4303/14425, time remaining: 1m 41s
Rendered 4304/14425, time remaining: 1m 40s
Rendered 4305/14425, time remaining: 1m 42s
Rendered 4306/14425, time remaining: 1m 42s
Rendered 4307/14425, time remaining: 1m 41s
Rendered 4308/14425, time remaining: 1m 41s
Rendered 4309/14425, time remaining: 1m 42s
Rendered 4310/14425, time remaining: 1m 42s
Rendered 4311/14425, time remaining: 1m 42s
Rendered 4312/14425, time remaining: 1m 41s
Rendered 4313/14425, time remaining: 1m 43s
Rendered 4314/14425, time remaining: 1m 43s
Rendered 4315/14425, time remaining: 1m 42s
Rendered 4316/14425, time remaining: 1m 42s
Rendered 4317/14425, time remaining: 1m 43s
Rendered 4318/14425, time remaining: 1m 43s
Rendered 4319/14425, time remaining: 1m 43s
Rendered 4320/14425, time remaining: 1m 42s
Rendered 4321/14425, time remaining: 1m 44s
Rendered 4322/14425, time remaining: 1m 44s
Rendered 4323/14425, time remaining: 1m 43s
Rendered 4324/14425, time remaining: 1m 43s
Rendered 4325/14425, time remaining: 1m 44s
Rendered 4326/14425, time remaining: 1m 44s
Rendered 4327/14425, time remaining: 1m 44s
Rendered 4328/14425, time remaining: 1m 43s
Rendered 4328/14425, time remaining: 1m 43s
Rendered 4329/14425, time remaining: 1m 45s
Rendered 4330/14425, time remaining: 1m 45s
Rendered 4331/14425, time remaining: 1m 44s
Rendered 4332/14425, time remaining: 1m 44s
Rendered 4333/14425, time remaining: 1m 45s
Rendered 4334/14425, time remaining: 1m 45s
Rendered 4335/14425, time remaining: 1m 44s
Rendered 4336/14425, time remaining: 1m 44s
Rendered 4337/14425, time remaining: 1m 45s
Rendered 4338/14425, time remaining: 1m 45s
Rendered 4339/14425, time remaining: 1m 44s
Rendered 4340/14425, time remaining: 1m 44s
Rendered 4341/14425, time remaining: 1m 46s
Rendered 4342/14425, time remaining: 1m 46s
Rendered 4343/14425, time remaining: 1m 45s
Rendered 4344/14425, time remaining: 1m 45s
Rendered 4345/14425, time remaining: 1m 46s
Rendered 4346/14425, time remaining: 1m 46s
Rendered 4347/14425, time remaining: 1m 45s
Rendered 4348/14425, time remaining: 1m 45s
Rendered 4349/14425, time remaining: 1m 46s
Rendered 4350/14425, time remaining: 1m 46s
Rendered 4351/14425, time remaining: 1m 45s
Rendered 4352/14425, time remaining: 1m 45s
Rendered 4353/14425, time remaining: 1m 46s
Rendered 4354/14425, time remaining: 1m 46s
Rendered 4355/14425, time remaining: 1m 44s
Rendered 4356/14425, time remaining: 1m 44s
Rendered 4357/14425, time remaining: 1m 46s
Rendered 4358/14425, time remaining: 1m 46s
Rendered 4359/14425, time remaining: 1m 44s
Rendered 4360/14425, time remaining: 1m 44s
Rendered 4361/14425, time remaining: 1m 46s
Rendered 4362/14425, time remaining: 1m 46s
Rendered 4363/14425, time remaining: 1m 44s
Rendered 4364/14425, time remaining: 1m 44s
Rendered 4365/14425, time remaining: 1m 46s
Rendered 4366/14425, time remaining: 1m 46s
Rendered 4367/14425, time remaining: 1m 44s
Rendered 4368/14425, time remaining: 1m 44s
Rendered 4369/14425, time remaining: 1m 46s
Rendered 4370/14425, time remaining: 1m 46s
Rendered 4371/14425, time remaining: 1m 44s
Rendered 4372/14425, time remaining: 1m 44s
Rendered 4373/14425, time remaining: 1m 46s
Rendered 4374/14425, time remaining: 1m 46s
Rendered 4375/14425, time remaining: 1m 44s
Rendered 4376/14425, time remaining: 1m 44s
Rendered 4376/14425, time remaining: 1m 44s
Rendered 4377/14425, time remaining: 1m 46s
Rendered 4378/14425, time remaining: 1m 46s
Rendered 4379/14425, time remaining: 1m 44s
Rendered 4380/14425, time remaining: 1m 44s
Rendered 4381/14425, time remaining: 1m 46s
Rendered 4382/14425, time remaining: 1m 45s
Rendered 4383/14425, time remaining: 1m 44s
Rendered 4384/14425, time remaining: 1m 44s
Rendered 4385/14425, time remaining: 1m 45s
Rendered 4386/14425, time remaining: 1m 45s
Rendered 4387/14425, time remaining: 1m 44s
Rendered 4388/14425, time remaining: 1m 44s
Rendered 4389/14425, time remaining: 1m 45s
Rendered 4390/14425, time remaining: 1m 45s
Rendered 4391/14425, time remaining: 1m 44s
Rendered 4392/14425, time remaining: 1m 44s
Rendered 4393/14425, time remaining: 1m 45s
Rendered 4394/14425, time remaining: 1m 45s
Rendered 4395/14425, time remaining: 1m 43s
Rendered 4396/14425, time remaining: 1m 44s
Rendered 4397/14425, time remaining: 1m 44s
Rendered 4398/14425, time remaining: 1m 44s
Rendered 4399/14425, time remaining: 1m 43s
Rendered 4400/14425, time remaining: 1m 43s
Rendered 4401/14425, time remaining: 1m 44s
Rendered 4402/14425, time remaining: 1m 44s
Rendered 4403/14425, time remaining: 1m 43s
Rendered 4404/14425, time remaining: 1m 43s
Rendered 4405/14425, time remaining: 1m 44s
Rendered 4406/14425, time remaining: 1m 44s
Rendered 4407/14425, time remaining: 1m 43s
Rendered 4408/14425, time remaining: 1m 43s
Rendered 4409/14425, time remaining: 1m 43s
Rendered 4410/14425, time remaining: 1m 43s
Rendered 4411/14425, time remaining: 1m 42s
Rendered 4412/14425, time remaining: 1m 42s
Rendered 4413/14425, time remaining: 1m 43s
Rendered 4414/14425, time remaining: 1m 43s
Rendered 4415/14425, time remaining: 1m 41s
Rendered 4416/14425, time remaining: 1m 42s
Rendered 4417/14425, time remaining: 1m 42s
Rendered 4418/14425, time remaining: 1m 42s
Rendered 4419/14425, time remaining: 1m 41s
Rendered 4420/14425, time remaining: 1m 41s
Rendered 4421/14425, time remaining: 1m 42s
Rendered 4422/14425, time remaining: 1m 42s
Rendered 4423/14425, time remaining: 1m 41s
Rendered 4424/14425, time remaining: 1m 41s
Rendered 4425/14425, time remaining: 1m 42s
Rendered 4426/14425, time remaining: 1m 42s
Rendered 4427/14425, time remaining: 1m 41s
Rendered 4428/14425, time remaining: 1m 41s
Rendered 4429/14425, time remaining: 1m 42s
Rendered 4430/14425, time remaining: 1m 42s
Rendered 4431/14425, time remaining: 1m 40s
Rendered 4431/14425, time remaining: 1m 40s
Rendered 4432/14425, time remaining: 1m 41s
Rendered 4433/14425, time remaining: 1m 41s
Rendered 4434/14425, time remaining: 1m 41s
Rendered 4435/14425, time remaining: 1m 40s
Rendered 4436/14425, time remaining: 1m 40s
Rendered 4437/14425, time remaining: 1m 41s
Rendered 4438/14425, time remaining: 1m 41s
Rendered 4439/14425, time remaining: 1m 38s
Rendered 4440/14425, time remaining: 1m 38s
Rendered 4441/14425, time remaining: 1m 39s
Rendered 4442/14425, time remaining: 1m 39s
Rendered 4443/14425, time remaining: 1m 38s
Rendered 4444/14425, time remaining: 1m 38s
Rendered 4445/14425, time remaining: 1m 39s
Rendered 4446/14425, time remaining: 1m 39s
Rendered 4447/14425, time remaining: 1m 38s
Rendered 4448/14425, time remaining: 1m 38s
Rendered 4449/14425, time remaining: 1m 39s
Rendered 4450/14425, time remaining: 1m 39s
Rendered 4451/14425, time remaining: 1m 38s
Rendered 4452/14425, time remaining: 1m 38s
Rendered 4453/14425, time remaining: 1m 39s
Rendered 4454/14425, time remaining: 1m 39s
Rendered 4455/14425, time remaining: 1m 38s
Rendered 4456/14425, time remaining: 1m 38s
Rendered 4457/14425, time remaining: 1m 39s
Rendered 4458/14425, time remaining: 1m 39s
Rendered 4459/14425, time remaining: 1m 38s
Rendered 4460/14425, time remaining: 1m 38s
Rendered 4461/14425, time remaining: 1m 39s
Rendered 4462/14425, time remaining: 1m 39s
Rendered 4463/14425, time remaining: 1m 37s
Rendered 4464/14425, time remaining: 1m 37s
Rendered 4465/14425, time remaining: 1m 39s
Rendered 4466/14425, time remaining: 1m 38s
Rendered 4467/14425, time remaining: 1m 37s
Rendered 4468/14425, time remaining: 1m 37s
Rendered 4469/14425, time remaining: 1m 38s
Rendered 4470/14425, time remaining: 1m 38s
Rendered 4471/14425, time remaining: 1m 37s
Rendered 4472/14425, time remaining: 1m 37s
Rendered 4473/14425, time remaining: 1m 38s
Rendered 4474/14425, time remaining: 1m 38s
Rendered 4475/14425, time remaining: 1m 37s
Rendered 4476/14425, time remaining: 1m 37s
Rendered 4477/14425, time remaining: 1m 38s
Rendered 4478/14425, time remaining: 1m 38s
Rendered 4479/14425, time remaining: 1m 37s
Rendered 4480/14425, time remaining: 1m 37s
Rendered 4480/14425, time remaining: 1m 37s
Rendered 4481/14425, time remaining: 1m 38s
Rendered 4482/14425, time remaining: 1m 38s
Rendered 4483/14425, time remaining: 1m 37s
Rendered 4484/14425, time remaining: 1m 37s
Rendered 4485/14425, time remaining: 1m 38s
Rendered 4486/14425, time remaining: 1m 38s
Rendered 4487/14425, time remaining: 1m 37s
Rendered 4488/14425, time remaining: 1m 37s
Rendered 4489/14425, time remaining: 1m 38s
Rendered 4490/14425, time remaining: 1m 38s
Rendered 4491/14425, time remaining: 1m 37s
Rendered 4492/14425, time remaining: 1m 37s
Rendered 4493/14425, time remaining: 1m 38s
Rendered 4494/14425, time remaining: 1m 38s
Rendered 4495/14425, time remaining: 1m 37s
Rendered 4496/14425, time remaining: 1m 37s
Rendered 4497/14425, time remaining: 1m 38s
Rendered 4498/14425, time remaining: 1m 38s
Rendered 4499/14425, time remaining: 1m 37s
Rendered 4500/14425, time remaining: 1m 37s
Rendered 4501/14425, time remaining: 1m 38s
Rendered 4502/14425, time remaining: 1m 38s
Rendered 4503/14425, time remaining: 1m 37s
Rendered 4504/14425, time remaining: 1m 37s
Rendered 4505/14425, time remaining: 1m 38s
Rendered 4506/14425, time remaining: 1m 38s
Rendered 4507/14425, time remaining: 1m 37s
Rendered 4508/14425, time remaining: 1m 37s
Rendered 4509/14425, time remaining: 1m 38s
Rendered 4510/14425, time remaining: 1m 38s
Rendered 4511/14425, time remaining: 1m 37s
Rendered 4512/14425, time remaining: 1m 37s
Rendered 4513/14425, time remaining: 1m 38s
Rendered 4514/14425, time remaining: 1m 38s
Rendered 4515/14425, time remaining: 1m 37s
Rendered 4516/14425, time remaining: 1m 37s
Rendered 4517/14425, time remaining: 1m 38s
Rendered 4518/14425, time remaining: 1m 38s
Rendered 4519/14425, time remaining: 1m 37s
Rendered 4520/14425, time remaining: 1m 37s
Rendered 4521/14425, time remaining: 1m 38s
Rendered 4522/14425, time remaining: 1m 38s
Rendered 4523/14425, time remaining: 1m 37s
Rendered 4524/14425, time remaining: 1m 37s
Rendered 4525/14425, time remaining: 1m 38s
Rendered 4526/14425, time remaining: 1m 38s
Rendered 4527/14425, time remaining: 1m 37s
Rendered 4528/14425, time remaining: 1m 37s
Rendered 4529/14425, time remaining: 1m 38s
Rendered 4529/14425, time remaining: 1m 38s
Rendered 4530/14425, time remaining: 1m 38s
Rendered 4531/14425, time remaining: 1m 36s
Rendered 4532/14425, time remaining: 1m 37s
Rendered 4533/14425, time remaining: 1m 38s
Rendered 4534/14425, time remaining: 1m 38s
Rendered 4535/14425, time remaining: 1m 36s
Rendered 4536/14425, time remaining: 1m 36s
Rendered 4537/14425, time remaining: 1m 38s
Rendered 4538/14425, time remaining: 1m 38s
Rendered 4539/14425, time remaining: 1m 36s
Rendered 4540/14425, time remaining: 1m 37s
Rendered 4541/14425, time remaining: 1m 38s
Rendered 4542/14425, time remaining: 1m 38s
Rendered 4543/14425, time remaining: 1m 37s
Rendered 4544/14425, time remaining: 1m 37s
Rendered 4545/14425, time remaining: 1m 38s
Rendered 4546/14425, time remaining: 1m 38s
Rendered 4547/14425, time remaining: 1m 37s
Rendered 4548/14425, time remaining: 1m 38s
Rendered 4549/14425, time remaining: 1m 39s
Rendered 4550/14425, time remaining: 1m 39s
Rendered 4551/14425, time remaining: 1m 38s
Rendered 4552/14425, time remaining: 1m 38s
Rendered 4553/14425, time remaining: 1m 38s
Rendered 4554/14425, time remaining: 1m 39s
Rendered 4555/14425, time remaining: 1m 37s
Rendered 4556/14425, time remaining: 1m 37s
Rendered 4557/14425, time remaining: 1m 39s
Rendered 4558/14425, time remaining: 1m 39s
Rendered 4559/14425, time remaining: 1m 38s
Rendered 4560/14425, time remaining: 1m 38s
Rendered 4561/14425, time remaining: 1m 39s
Rendered 4562/14425, time remaining: 1m 39s
Rendered 4563/14425, time remaining: 1m 38s
Rendered 4564/14425, time remaining: 1m 38s
Rendered 4565/14425, time remaining: 1m 40s
Rendered 4566/14425, time remaining: 1m 39s
Rendered 4567/14425, time remaining: 1m 39s
Rendered 4568/14425, time remaining: 1m 39s
Rendered 4569/14425, time remaining: 1m 40s
Rendered 4570/14425, time remaining: 1m 40s
Rendered 4571/14425, time remaining: 1m 39s
Rendered 4572/14425, time remaining: 1m 39s
Rendered 4573/14425, time remaining: 1m 40s
Rendered 4574/14425, time remaining: 1m 40s
Rendered 4575/14425, time remaining: 1m 39s
Rendered 4576/14425, time remaining: 1m 39s
Rendered 4577/14425, time remaining: 1m 41s
Rendered 4578/14425, time remaining: 1m 40s
Rendered 4578/14425, time remaining: 1m 40s
Rendered 4579/14425, time remaining: 1m 40s
Rendered 4580/14425, time remaining: 1m 40s
Rendered 4581/14425, time remaining: 1m 41s
Rendered 4582/14425, time remaining: 1m 41s
Rendered 4583/14425, time remaining: 1m 40s
Rendered 4584/14425, time remaining: 1m 40s
Rendered 4585/14425, time remaining: 1m 42s
Rendered 4586/14425, time remaining: 1m 42s
Rendered 4587/14425, time remaining: 1m 40s
Rendered 4588/14425, time remaining: 1m 40s
Rendered 4589/14425, time remaining: 1m 42s
Rendered 4590/14425, time remaining: 1m 42s
Rendered 4591/14425, time remaining: 1m 40s
Rendered 4592/14425, time remaining: 1m 40s
Rendered 4593/14425, time remaining: 1m 41s
Rendered 4594/14425, time remaining: 1m 41s
Rendered 4595/14425, time remaining: 1m 40s
Rendered 4596/14425, time remaining: 1m 40s
Rendered 4597/14425, time remaining: 1m 42s
Rendered 4598/14425, time remaining: 1m 42s
Rendered 4599/14425, time remaining: 1m 40s
Rendered 4600/14425, time remaining: 1m 40s
Rendered 4601/14425, time remaining: 1m 41s
Rendered 4602/14425, time remaining: 1m 41s
Rendered 4603/14425, time remaining: 1m 40s
Rendered 4604/14425, time remaining: 1m 40s
Rendered 4605/14425, time remaining: 1m 42s
Rendered 4606/14425, time remaining: 1m 42s
Rendered 4607/14425, time remaining: 1m 40s
Rendered 4608/14425, time remaining: 1m 40s
Rendered 4609/14425, time remaining: 1m 42s
Rendered 4610/14425, time remaining: 1m 42s
Rendered 4611/14425, time remaining: 1m 41s
Rendered 4612/14425, time remaining: 1m 41s
Rendered 4613/14425, time remaining: 1m 42s
Rendered 4614/14425, time remaining: 1m 42s
Rendered 4615/14425, time remaining: 1m 41s
Rendered 4616/14425, time remaining: 1m 41s
Rendered 4617/14425, time remaining: 1m 42s
Rendered 4618/14425, time remaining: 1m 42s
Rendered 4619/14425, time remaining: 1m 41s
Rendered 4620/14425, time remaining: 1m 40s
Rendered 4621/14425, time remaining: 1m 42s
Rendered 4622/14425, time remaining: 1m 42s
Rendered 4623/14425, time remaining: 1m 40s
Rendered 4624/14425, time remaining: 1m 40s
Rendered 4625/14425, time remaining: 1m 42s
Rendered 4626/14425, time remaining: 1m 42s
Rendered 4627/14425, time remaining: 1m 40s
Rendered 4627/14425, time remaining: 1m 40s
Rendered 4628/14425, time remaining: 1m 40s
Rendered 4629/14425, time remaining: 1m 42s
Rendered 4630/14425, time remaining: 1m 42s
Rendered 4631/14425, time remaining: 1m 40s
Rendered 4632/14425, time remaining: 1m 40s
Rendered 4633/14425, time remaining: 1m 42s
Rendered 4634/14425, time remaining: 1m 42s
Rendered 4635/14425, time remaining: 1m 40s
Rendered 4636/14425, time remaining: 1m 40s
Rendered 4637/14425, time remaining: 1m 42s
Rendered 4638/14425, time remaining: 1m 42s
Rendered 4639/14425, time remaining: 1m 40s
Rendered 4640/14425, time remaining: 1m 40s
Rendered 4641/14425, time remaining: 1m 42s
Rendered 4642/14425, time remaining: 1m 42s
Rendered 4643/14425, time remaining: 1m 40s
Rendered 4644/14425, time remaining: 1m 40s
Rendered 4645/14425, time remaining: 1m 42s
Rendered 4646/14425, time remaining: 1m 42s
Rendered 4647/14425, time remaining: 1m 40s
Rendered 4648/14425, time remaining: 1m 40s
Rendered 4649/14425, time remaining: 1m 41s
Rendered 4650/14425, time remaining: 1m 41s
Rendered 4651/14425, time remaining: 1m 40s
Rendered 4652/14425, time remaining: 1m 40s
Rendered 4653/14425, time remaining: 1m 41s
Rendered 4654/14425, time remaining: 1m 41s
Rendered 4655/14425, time remaining: 1m 40s
Rendered 4656/14425, time remaining: 1m 40s
Rendered 4657/14425, time remaining: 1m 41s
Rendered 4658/14425, time remaining: 1m 41s
Rendered 4659/14425, time remaining: 1m 40s
Rendered 4660/14425, time remaining: 1m 40s
Rendered 4661/14425, time remaining: 1m 41s
Rendered 4662/14425, time remaining: 1m 41s
Rendered 4663/14425, time remaining: 1m 40s
Rendered 4664/14425, time remaining: 1m 40s
Rendered 4665/14425, time remaining: 1m 41s
Rendered 4666/14425, time remaining: 1m 41s
Rendered 4667/14425, time remaining: 1m 40s
Rendered 4668/14425, time remaining: 1m 40s
Rendered 4669/14425, time remaining: 1m 41s
Rendered 4670/14425, time remaining: 1m 41s
Rendered 4671/14425, time remaining: 1m 40s
Rendered 4672/14425, time remaining: 1m 40s
Rendered 4673/14425, time remaining: 1m 41s
Rendered 4674/14425, time remaining: 1m 41s
Rendered 4675/14425, time remaining: 1m 40s
Rendered 4676/14425, time remaining: 1m 40s
Rendered 4676/14425, time remaining: 1m 40s
Rendered 4677/14425, time remaining: 1m 41s
Rendered 4678/14425, time remaining: 1m 41s
Rendered 4679/14425, time remaining: 1m 40s
Rendered 4680/14425, time remaining: 1m 40s
Rendered 4681/14425, time remaining: 1m 41s
Rendered 4682/14425, time remaining: 1m 41s
Rendered 4683/14425, time remaining: 1m 40s
Rendered 4684/14425, time remaining: 1m 40s
Rendered 4685/14425, time remaining: 1m 40s
Rendered 4686/14425, time remaining: 1m 40s
Rendered 4687/14425, time remaining: 1m 39s
Rendered 4688/14425, time remaining: 1m 39s
Rendered 4689/14425, time remaining: 1m 41s
Rendered 4690/14425, time remaining: 1m 41s
Rendered 4691/14425, time remaining: 1m 39s
Rendered 4692/14425, time remaining: 1m 39s
Rendered 4693/14425, time remaining: 1m 41s
Rendered 4694/14425, time remaining: 1m 40s
Rendered 4695/14425, time remaining: 1m 39s
Rendered 4696/14425, time remaining: 1m 39s
Rendered 4697/14425, time remaining: 1m 40s
Rendered 4698/14425, time remaining: 1m 40s
Rendered 4699/14425, time remaining: 1m 39s
Rendered 4700/14425, time remaining: 1m 39s
Rendered 4701/14425, time remaining: 1m 40s
Rendered 4702/14425, time remaining: 1m 40s
Rendered 4703/14425, time remaining: 1m 39s
Rendered 4704/14425, time remaining: 1m 39s
Rendered 4705/14425, time remaining: 1m 41s
Rendered 4706/14425, time remaining: 1m 40s
Rendered 4707/14425, time remaining: 1m 39s
Rendered 4708/14425, time remaining: 1m 39s
Rendered 4709/14425, time remaining: 1m 40s
Rendered 4710/14425, time remaining: 1m 40s
Rendered 4711/14425, time remaining: 1m 39s
Rendered 4712/14425, time remaining: 1m 39s
Rendered 4713/14425, time remaining: 1m 40s
Rendered 4714/14425, time remaining: 1m 40s
Rendered 4715/14425, time remaining: 1m 39s
Rendered 4716/14425, time remaining: 1m 39s
Rendered 4717/14425, time remaining: 1m 39s
Rendered 4718/14425, time remaining: 1m 39s
Rendered 4719/14425, time remaining: 1m 38s
Rendered 4720/14425, time remaining: 1m 38s
Rendered 4721/14425, time remaining: 1m 39s
Rendered 4722/14425, time remaining: 1m 39s
Rendered 4723/14425, time remaining: 1m 38s
Rendered 4724/14425, time remaining: 1m 38s
Rendered 4725/14425, time remaining: 1m 38s
Rendered 4726/14425, time remaining: 1m 38s
Rendered 4727/14425, time remaining: 1m 37s
Rendered 4727/14425, time remaining: 1m 37s
Rendered 4728/14425, time remaining: 1m 37s
Rendered 4729/14425, time remaining: 1m 37s
Rendered 4730/14425, time remaining: 1m 38s
Rendered 4731/14425, time remaining: 1m 37s
Rendered 4732/14425, time remaining: 1m 37s
Rendered 4733/14425, time remaining: 1m 37s
Rendered 4734/14425, time remaining: 1m 37s
Rendered 4735/14425, time remaining: 1m 36s
Rendered 4736/14425, time remaining: 1m 36s
Rendered 4737/14425, time remaining: 1m 36s
Rendered 4738/14425, time remaining: 1m 36s
Rendered 4739/14425, time remaining: 1m 35s
Rendered 4740/14425, time remaining: 1m 35s
Rendered 4741/14425, time remaining: 1m 36s
Rendered 4742/14425, time remaining: 1m 36s
Rendered 4743/14425, time remaining: 1m 35s
Rendered 4744/14425, time remaining: 1m 35s
Rendered 4745/14425, time remaining: 1m 35s
Rendered 4746/14425, time remaining: 1m 35s
Rendered 4747/14425, time remaining: 1m 34s
Rendered 4748/14425, time remaining: 1m 34s
Rendered 4749/14425, time remaining: 1m 34s
Rendered 4750/14425, time remaining: 1m 35s
Rendered 4751/14425, time remaining: 1m 34s
Rendered 4752/14425, time remaining: 1m 34s
Rendered 4753/14425, time remaining: 1m 34s
Rendered 4754/14425, time remaining: 1m 35s
Rendered 4755/14425, time remaining: 1m 33s
Rendered 4756/14425, time remaining: 1m 33s
Rendered 4757/14425, time remaining: 1m 33s
Rendered 4758/14425, time remaining: 1m 35s
Rendered 4759/14425, time remaining: 1m 33s
Rendered 4760/14425, time remaining: 1m 34s
Rendered 4761/14425, time remaining: 1m 33s
Rendered 4762/14425, time remaining: 1m 35s
Rendered 4763/14425, time remaining: 1m 33s
Rendered 4764/14425, time remaining: 1m 33s
Rendered 4765/14425, time remaining: 1m 33s
Rendered 4766/14425, time remaining: 1m 35s
Rendered 4767/14425, time remaining: 1m 33s
Rendered 4768/14425, time remaining: 1m 33s
Rendered 4769/14425, time remaining: 1m 33s
Rendered 4770/14425, time remaining: 1m 35s
Rendered 4771/14425, time remaining: 1m 33s
Rendered 4772/14425, time remaining: 1m 33s
Rendered 4773/14425, time remaining: 1m 33s
Rendered 4774/14425, time remaining: 1m 35s
Rendered 4775/14425, time remaining: 1m 33s
Rendered 4776/14425, time remaining: 1m 33s
Rendered 4777/14425, time remaining: 1m 33s
Rendered 4778/14425, time remaining: 1m 35s
Rendered 4779/14425, time remaining: 1m 33s
Rendered 4780/14425, time remaining: 1m 33s
Rendered 4781/14425, time remaining: 1m 33s
Rendered 4781/14425, time remaining: 1m 33s
Rendered 4782/14425, time remaining: 1m 34s
Rendered 4783/14425, time remaining: 1m 33s
Rendered 4784/14425, time remaining: 1m 33s
Rendered 4785/14425, time remaining: 1m 33s
Rendered 4786/14425, time remaining: 1m 34s
Rendered 4787/14425, time remaining: 1m 33s
Rendered 4788/14425, time remaining: 1m 33s
Rendered 4789/14425, time remaining: 1m 33s
Rendered 4790/14425, time remaining: 1m 34s
Rendered 4791/14425, time remaining: 1m 33s
Rendered 4792/14425, time remaining: 1m 33s
Rendered 4793/14425, time remaining: 1m 33s
Rendered 4794/14425, time remaining: 1m 34s
Rendered 4795/14425, time remaining: 1m 32s
Rendered 4796/14425, time remaining: 1m 32s
Rendered 4797/14425, time remaining: 1m 32s
Rendered 4798/14425, time remaining: 1m 34s
Rendered 4799/14425, time remaining: 1m 32s
Rendered 4800/14425, time remaining: 1m 32s
Rendered 4801/14425, time remaining: 1m 32s
Rendered 4802/14425, time remaining: 1m 34s
Rendered 4803/14425, time remaining: 1m 33s
Rendered 4804/14425, time remaining: 1m 32s
Rendered 4805/14425, time remaining: 1m 32s
Rendered 4806/14425, time remaining: 1m 34s
Rendered 4807/14425, time remaining: 1m 32s
Rendered 4808/14425, time remaining: 1m 32s
Rendered 4809/14425, time remaining: 1m 32s
Rendered 4810/14425, time remaining: 1m 34s
Rendered 4811/14425, time remaining: 1m 32s
Rendered 4812/14425, time remaining: 1m 32s
Rendered 4813/14425, time remaining: 1m 32s
Rendered 4814/14425, time remaining: 1m 34s
Rendered 4815/14425, time remaining: 1m 32s
Rendered 4816/14425, time remaining: 1m 32s
Rendered 4817/14425, time remaining: 1m 32s
Rendered 4818/14425, time remaining: 1m 34s
Rendered 4819/14425, time remaining: 1m 32s
Rendered 4820/14425, time remaining: 1m 32s
Rendered 4821/14425, time remaining: 1m 32s
Rendered 4822/14425, time remaining: 1m 34s
Rendered 4823/14425, time remaining: 1m 32s
Rendered 4824/14425, time remaining: 1m 32s
Rendered 4825/14425, time remaining: 1m 32s
Rendered 4826/14425, time remaining: 1m 34s
Rendered 4827/14425, time remaining: 1m 32s
Rendered 4828/14425, time remaining: 1m 32s
Rendered 4829/14425, time remaining: 1m 32s
Rendered 4829/14425, time remaining: 1m 32s
Rendered 4830/14425, time remaining: 1m 34s
Rendered 4831/14425, time remaining: 1m 33s
Rendered 4832/14425, time remaining: 1m 33s
Rendered 4833/14425, time remaining: 1m 32s
Rendered 4834/14425, time remaining: 1m 34s
Rendered 4835/14425, time remaining: 1m 33s
Rendered 4836/14425, time remaining: 1m 33s
Rendered 4837/14425, time remaining: 1m 33s
Rendered 4838/14425, time remaining: 1m 34s
Rendered 4839/14425, time remaining: 1m 33s
Rendered 4840/14425, time remaining: 1m 33s
Rendered 4841/14425, time remaining: 1m 33s
Rendered 4842/14425, time remaining: 1m 34s
Rendered 4843/14425, time remaining: 1m 33s
Rendered 4844/14425, time remaining: 1m 33s
Rendered 4845/14425, time remaining: 1m 33s
Rendered 4846/14425, time remaining: 1m 34s
Rendered 4847/14425, time remaining: 1m 33s
Rendered 4848/14425, time remaining: 1m 33s
Rendered 4849/14425, time remaining: 1m 33s
Rendered 4850/14425, time remaining: 1m 34s
Rendered 4851/14425, time remaining: 1m 33s
Rendered 4852/14425, time remaining: 1m 33s
Rendered 4853/14425, time remaining: 1m 33s
Rendered 4854/14425, time remaining: 1m 34s
Rendered 4855/14425, time remaining: 1m 33s
Rendered 4856/14425, time remaining: 1m 33s
Rendered 4857/14425, time remaining: 1m 33s
Rendered 4858/14425, time remaining: 1m 34s
Rendered 4859/14425, time remaining: 1m 32s
Rendered 4860/14425, time remaining: 1m 33s
Rendered 4861/14425, time remaining: 1m 32s
Rendered 4862/14425, time remaining: 1m 34s
Rendered 4863/14425, time remaining: 1m 33s
Rendered 4864/14425, time remaining: 1m 33s
Rendered 4865/14425, time remaining: 1m 33s
Rendered 4866/14425, time remaining: 1m 34s
Rendered 4867/14425, time remaining: 1m 33s
Rendered 4868/14425, time remaining: 1m 33s
Rendered 4869/14425, time remaining: 1m 33s
Rendered 4870/14425, time remaining: 1m 34s
Rendered 4871/14425, time remaining: 1m 34s
Rendered 4872/14425, time remaining: 1m 34s
Rendered 4873/14425, time remaining: 1m 34s
Rendered 4874/14425, time remaining: 1m 35s
Rendered 4875/14425, time remaining: 1m 34s
Rendered 4876/14425, time remaining: 1m 34s
Rendered 4877/14425, time remaining: 1m 34s
Rendered 4878/14425, time remaining: 1m 35s
Rendered 4878/14425, time remaining: 1m 35s
Rendered 4879/14425, time remaining: 1m 35s
Rendered 4880/14425, time remaining: 1m 35s
Rendered 4881/14425, time remaining: 1m 34s
Rendered 4882/14425, time remaining: 1m 36s
Rendered 4883/14425, time remaining: 1m 36s
Rendered 4884/14425, time remaining: 1m 35s
Rendered 4885/14425, time remaining: 1m 35s
Rendered 4886/14425, time remaining: 1m 36s
Rendered 4887/14425, time remaining: 1m 36s
Rendered 4888/14425, time remaining: 1m 36s
Rendered 4889/14425, time remaining: 1m 36s
Rendered 4890/14425, time remaining: 1m 37s
Rendered 4891/14425, time remaining: 1m 37s
Rendered 4892/14425, time remaining: 1m 36s
Rendered 4893/14425, time remaining: 1m 36s
Rendered 4894/14425, time remaining: 1m 37s
Rendered 4895/14425, time remaining: 1m 37s
Rendered 4896/14425, time remaining: 1m 37s
Rendered 4897/14425, time remaining: 1m 37s
Rendered 4898/14425, time remaining: 1m 38s
Rendered 4899/14425, time remaining: 1m 38s
Rendered 4900/14425, time remaining: 1m 37s
Rendered 4901/14425, time remaining: 1m 37s
Rendered 4902/14425, time remaining: 1m 38s
Rendered 4903/14425, time remaining: 1m 38s
Rendered 4904/14425, time remaining: 1m 37s
Rendered 4905/14425, time remaining: 1m 37s
Rendered 4906/14425, time remaining: 1m 38s
Rendered 4907/14425, time remaining: 1m 38s
Rendered 4908/14425, time remaining: 1m 37s
Rendered 4909/14425, time remaining: 1m 37s
Rendered 4910/14425, time remaining: 1m 38s
Rendered 4911/14425, time remaining: 1m 38s
Rendered 4912/14425, time remaining: 1m 37s
Rendered 4913/14425, time remaining: 1m 37s
Rendered 4914/14425, time remaining: 1m 38s
Rendered 4915/14425, time remaining: 1m 38s
Rendered 4916/14425, time remaining: 1m 37s
Rendered 4917/14425, time remaining: 1m 37s
Rendered 4918/14425, time remaining: 1m 38s
Rendered 4919/14425, time remaining: 1m 38s
Rendered 4920/14425, time remaining: 1m 37s
Rendered 4921/14425, time remaining: 1m 37s
Rendered 4922/14425, time remaining: 1m 38s
Rendered 4923/14425, time remaining: 1m 38s
Rendered 4924/14425, time remaining: 1m 37s
Rendered 4925/14425, time remaining: 1m 37s
Rendered 4926/14425, time remaining: 1m 38s
Rendered 4927/14425, time remaining: 1m 38s
Rendered 4927/14425, time remaining: 1m 38s
Rendered 4928/14425, time remaining: 1m 37s
Rendered 4929/14425, time remaining: 1m 37s
Rendered 4930/14425, time remaining: 1m 38s
Rendered 4931/14425, time remaining: 1m 38s
Rendered 4932/14425, time remaining: 1m 37s
Rendered 4933/14425, time remaining: 1m 37s
Rendered 4934/14425, time remaining: 1m 38s
Rendered 4935/14425, time remaining: 1m 38s
Rendered 4936/14425, time remaining: 1m 37s
Rendered 4937/14425, time remaining: 1m 37s
Rendered 4938/14425, time remaining: 1m 38s
Rendered 4939/14425, time remaining: 1m 38s
Rendered 4940/14425, time remaining: 1m 37s
Rendered 4941/14425, time remaining: 1m 37s
Rendered 4942/14425, time remaining: 1m 39s
Rendered 4943/14425, time remaining: 1m 39s
Rendered 4944/14425, time remaining: 1m 38s
Rendered 4945/14425, time remaining: 1m 38s
Rendered 4946/14425, time remaining: 1m 39s
Rendered 4947/14425, time remaining: 1m 39s
Rendered 4948/14425, time remaining: 1m 37s
Rendered 4949/14425, time remaining: 1m 38s
Rendered 4950/14425, time remaining: 1m 39s
Rendered 4951/14425, time remaining: 1m 39s
Rendered 4952/14425, time remaining: 1m 37s
Rendered 4953/14425, time remaining: 1m 37s
Rendered 4954/14425, time remaining: 1m 39s
Rendered 4955/14425, time remaining: 1m 38s
Rendered 4956/14425, time remaining: 1m 37s
Rendered 4957/14425, time remaining: 1m 37s
Rendered 4958/14425, time remaining: 1m 38s
Rendered 4959/14425, time remaining: 1m 38s
Rendered 4960/14425, time remaining: 1m 37s
Rendered 4961/14425, time remaining: 1m 37s
Rendered 4962/14425, time remaining: 1m 38s
Rendered 4963/14425, time remaining: 1m 38s
Rendered 4964/14425, time remaining: 1m 37s
Rendered 4965/14425, time remaining: 1m 37s
Rendered 4966/14425, time remaining: 1m 38s
Rendered 4967/14425, time remaining: 1m 38s
Rendered 4968/14425, time remaining: 1m 37s
Rendered 4969/14425, time remaining: 1m 37s
Rendered 4970/14425, time remaining: 1m 38s
Rendered 4971/14425, time remaining: 1m 38s
Rendered 4972/14425, time remaining: 1m 37s
Rendered 4973/14425, time remaining: 1m 37s
Rendered 4974/14425, time remaining: 1m 38s
Rendered 4975/14425, time remaining: 1m 38s
Rendered 4976/14425, time remaining: 1m 37s
Rendered 4976/14425, time remaining: 1m 37s
Rendered 4977/14425, time remaining: 1m 37s
Rendered 4978/14425, time remaining: 1m 38s
Rendered 4979/14425, time remaining: 1m 38s
Rendered 4980/14425, time remaining: 1m 37s
Rendered 4981/14425, time remaining: 1m 37s
Rendered 4982/14425, time remaining: 1m 38s
Rendered 4983/14425, time remaining: 1m 38s
Rendered 4984/14425, time remaining: 1m 37s
Rendered 4985/14425, time remaining: 1m 37s
Rendered 4986/14425, time remaining: 1m 38s
Rendered 4987/14425, time remaining: 1m 38s
Rendered 4988/14425, time remaining: 1m 37s
Rendered 4989/14425, time remaining: 1m 37s
Rendered 4990/14425, time remaining: 1m 38s
Rendered 4991/14425, time remaining: 1m 38s
Rendered 4992/14425, time remaining: 1m 37s
Rendered 4993/14425, time remaining: 1m 37s
Rendered 4994/14425, time remaining: 1m 38s
Rendered 4995/14425, time remaining: 1m 38s
Rendered 4996/14425, time remaining: 1m 37s
Rendered 4997/14425, time remaining: 1m 37s
Rendered 4998/14425, time remaining: 1m 38s
Rendered 4999/14425, time remaining: 1m 38s
Rendered 5000/14425, time remaining: 1m 37s
Rendered 5001/14425, time remaining: 1m 37s
Rendered 5002/14425, time remaining: 1m 38s
Rendered 5003/14425, time remaining: 1m 38s
Rendered 5004/14425, time remaining: 1m 37s
Rendered 5005/14425, time remaining: 1m 37s
Rendered 5006/14425, time remaining: 1m 38s
Rendered 5007/14425, time remaining: 1m 38s
Rendered 5008/14425, time remaining: 1m 36s
Rendered 5009/14425, time remaining: 1m 36s
Rendered 5010/14425, time remaining: 1m 38s
Rendered 5011/14425, time remaining: 1m 38s
Rendered 5012/14425, time remaining: 1m 37s
Rendered 5013/14425, time remaining: 1m 37s
Rendered 5014/14425, time remaining: 1m 38s
Rendered 5015/14425, time remaining: 1m 38s
Rendered 5016/14425, time remaining: 1m 36s
Rendered 5017/14425, time remaining: 1m 36s
Rendered 5018/14425, time remaining: 1m 38s
Rendered 5019/14425, time remaining: 1m 38s
Rendered 5020/14425, time remaining: 1m 36s
Rendered 5021/14425, time remaining: 1m 36s
Rendered 5022/14425, time remaining: 1m 38s
Rendered 5023/14425, time remaining: 1m 38s
Rendered 5024/14425, time remaining: 1m 36s
Rendered 5025/14425, time remaining: 1m 37s
Rendered 5025/14425, time remaining: 1m 37s
Rendered 5026/14425, time remaining: 1m 38s
Rendered 5027/14425, time remaining: 1m 38s
Rendered 5028/14425, time remaining: 1m 36s
Rendered 5029/14425, time remaining: 1m 36s
Rendered 5030/14425, time remaining: 1m 38s
Rendered 5031/14425, time remaining: 1m 37s
Rendered 5032/14425, time remaining: 1m 36s
Rendered 5033/14425, time remaining: 1m 36s
Rendered 5034/14425, time remaining: 1m 37s
Rendered 5035/14425, time remaining: 1m 37s
Rendered 5036/14425, time remaining: 1m 36s
Rendered 5037/14425, time remaining: 1m 36s
Rendered 5038/14425, time remaining: 1m 38s
Rendered 5039/14425, time remaining: 1m 37s
Rendered 5040/14425, time remaining: 1m 36s
Rendered 5041/14425, time remaining: 1m 36s
Rendered 5042/14425, time remaining: 1m 37s
Rendered 5043/14425, time remaining: 1m 37s
Rendered 5044/14425, time remaining: 1m 36s
Rendered 5045/14425, time remaining: 1m 36s
Rendered 5046/14425, time remaining: 1m 37s
Rendered 5047/14425, time remaining: 1m 37s
Rendered 5048/14425, time remaining: 1m 36s
Rendered 5049/14425, time remaining: 1m 36s
Rendered 5050/14425, time remaining: 1m 37s
Rendered 5051/14425, time remaining: 1m 37s
Rendered 5052/14425, time remaining: 1m 36s
Rendered 5053/14425, time remaining: 1m 36s
Rendered 5054/14425, time remaining: 1m 37s
Rendered 5055/14425, time remaining: 1m 37s
Rendered 5056/14425, time remaining: 1m 36s
Rendered 5057/14425, time remaining: 1m 36s
Rendered 5058/14425, time remaining: 1m 37s
Rendered 5059/14425, time remaining: 1m 37s
Rendered 5060/14425, time remaining: 1m 36s
Rendered 5061/14425, time remaining: 1m 36s
Rendered 5062/14425, time remaining: 1m 37s
Rendered 5063/14425, time remaining: 1m 37s
Rendered 5064/14425, time remaining: 1m 36s
Rendered 5065/14425, time remaining: 1m 36s
Rendered 5066/14425, time remaining: 1m 37s
Rendered 5067/14425, time remaining: 1m 37s
Rendered 5068/14425, time remaining: 1m 36s
Rendered 5069/14425, time remaining: 1m 36s
Rendered 5070/14425, time remaining: 1m 37s
Rendered 5071/14425, time remaining: 1m 37s
Rendered 5072/14425, time remaining: 1m 36s
Rendered 5073/14425, time remaining: 1m 36s
Rendered 5073/14425, time remaining: 1m 36s
Rendered 5074/14425, time remaining: 1m 37s
Rendered 5075/14425, time remaining: 1m 37s
Rendered 5076/14425, time remaining: 1m 36s
Rendered 5077/14425, time remaining: 1m 36s
Rendered 5078/14425, time remaining: 1m 37s
Rendered 5079/14425, time remaining: 1m 37s
Rendered 5080/14425, time remaining: 1m 36s
Rendered 5081/14425, time remaining: 1m 36s
Rendered 5082/14425, time remaining: 1m 37s
Rendered 5083/14425, time remaining: 1m 37s
Rendered 5084/14425, time remaining: 1m 36s
Rendered 5085/14425, time remaining: 1m 36s
Rendered 5086/14425, time remaining: 1m 37s
Rendered 5087/14425, time remaining: 1m 37s
Rendered 5088/14425, time remaining: 1m 36s
Rendered 5089/14425, time remaining: 1m 36s
Rendered 5090/14425, time remaining: 1m 37s
Rendered 5091/14425, time remaining: 1m 37s
Rendered 5092/14425, time remaining: 1m 36s
Rendered 5093/14425, time remaining: 1m 35s
Rendered 5094/14425, time remaining: 1m 37s
Rendered 5095/14425, time remaining: 1m 37s
Rendered 5096/14425, time remaining: 1m 35s
Rendered 5097/14425, time remaining: 1m 35s
Rendered 5098/14425, time remaining: 1m 37s
Rendered 5099/14425, time remaining: 1m 36s
Rendered 5100/14425, time remaining: 1m 35s
Rendered 5101/14425, time remaining: 1m 35s
Rendered 5102/14425, time remaining: 1m 37s
Rendered 5103/14425, time remaining: 1m 36s
Rendered 5104/14425, time remaining: 1m 35s
Rendered 5105/14425, time remaining: 1m 35s
Rendered 5106/14425, time remaining: 1m 36s
Rendered 5107/14425, time remaining: 1m 36s
Rendered 5108/14425, time remaining: 1m 35s
Rendered 5109/14425, time remaining: 1m 35s
Rendered 5110/14425, time remaining: 1m 36s
Rendered 5111/14425, time remaining: 1m 36s
Rendered 5112/14425, time remaining: 1m 35s
Rendered 5113/14425, time remaining: 1m 35s
Rendered 5114/14425, time remaining: 1m 37s
Rendered 5115/14425, time remaining: 1m 36s
Rendered 5116/14425, time remaining: 1m 35s
Rendered 5117/14425, time remaining: 1m 35s
Rendered 5118/14425, time remaining: 1m 36s
Rendered 5119/14425, time remaining: 1m 36s
Rendered 5120/14425, time remaining: 1m 35s
Rendered 5121/14425, time remaining: 1m 35s
Rendered 5121/14425, time remaining: 1m 35s
Rendered 5122/14425, time remaining: 1m 37s
Rendered 5123/14425, time remaining: 1m 36s
Rendered 5124/14425, time remaining: 1m 35s
Rendered 5125/14425, time remaining: 1m 35s
Rendered 5126/14425, time remaining: 1m 37s
Rendered 5127/14425, time remaining: 1m 36s
Rendered 5128/14425, time remaining: 1m 35s
Rendered 5129/14425, time remaining: 1m 35s
Rendered 5130/14425, time remaining: 1m 36s
Rendered 5131/14425, time remaining: 1m 36s
Rendered 5132/14425, time remaining: 1m 35s
Rendered 5133/14425, time remaining: 1m 35s
Rendered 5134/14425, time remaining: 1m 36s
Rendered 5135/14425, time remaining: 1m 36s
Rendered 5136/14425, time remaining: 1m 35s
Rendered 5137/14425, time remaining: 1m 35s
Rendered 5138/14425, time remaining: 1m 36s
Rendered 5139/14425, time remaining: 1m 36s
Rendered 5140/14425, time remaining: 1m 35s
Rendered 5141/14425, time remaining: 1m 35s
Rendered 5142/14425, time remaining: 1m 36s
Rendered 5143/14425, time remaining: 1m 36s
Rendered 5144/14425, time remaining: 1m 35s
Rendered 5145/14425, time remaining: 1m 35s
Rendered 5146/14425, time remaining: 1m 36s
Rendered 5147/14425, time remaining: 1m 36s
Rendered 5148/14425, time remaining: 1m 35s
Rendered 5149/14425, time remaining: 1m 35s
Rendered 5150/14425, time remaining: 1m 35s
Rendered 5151/14425, time remaining: 1m 35s
Rendered 5152/14425, time remaining: 1m 34s
Rendered 5153/14425, time remaining: 1m 34s
Rendered 5154/14425, time remaining: 1m 35s
Rendered 5155/14425, time remaining: 1m 35s
Rendered 5156/14425, time remaining: 1m 34s
Rendered 5157/14425, time remaining: 1m 34s
Rendered 5158/14425, time remaining: 1m 35s
Rendered 5159/14425, time remaining: 1m 35s
Rendered 5160/14425, time remaining: 1m 34s
Rendered 5161/14425, time remaining: 1m 34s
Rendered 5162/14425, time remaining: 1m 35s
Rendered 5163/14425, time remaining: 1m 35s
Rendered 5164/14425, time remaining: 1m 34s
Rendered 5165/14425, time remaining: 1m 34s
Rendered 5166/14425, time remaining: 1m 35s
Rendered 5167/14425, time remaining: 1m 35s
Rendered 5168/14425, time remaining: 1m 34s
Rendered 5169/14425, time remaining: 1m 34s
Rendered 5170/14425, time remaining: 1m 35s
Rendered 5171/14425, time remaining: 1m 35s
Rendered 5172/14425, time remaining: 1m 34s
Rendered 5172/14425, time remaining: 1m 34s
Rendered 5173/14425, time remaining: 1m 34s
Rendered 5174/14425, time remaining: 1m 35s
Rendered 5175/14425, time remaining: 1m 35s
Rendered 5176/14425, time remaining: 1m 34s
Rendered 5177/14425, time remaining: 1m 34s
Rendered 5178/14425, time remaining: 1m 35s
Rendered 5179/14425, time remaining: 1m 35s
Rendered 5180/14425, time remaining: 1m 34s
Rendered 5181/14425, time remaining: 1m 34s
Rendered 5182/14425, time remaining: 1m 35s
Rendered 5183/14425, time remaining: 1m 35s
Rendered 5184/14425, time remaining: 1m 34s
Rendered 5185/14425, time remaining: 1m 34s
Rendered 5186/14425, time remaining: 1m 35s
Rendered 5187/14425, time remaining: 1m 35s
Rendered 5188/14425, time remaining: 1m 34s
Rendered 5189/14425, time remaining: 1m 34s
Rendered 5190/14425, time remaining: 1m 35s
Rendered 5191/14425, time remaining: 1m 35s
Rendered 5192/14425, time remaining: 1m 34s
Rendered 5193/14425, time remaining: 1m 34s
Rendered 5194/14425, time remaining: 1m 35s
Rendered 5195/14425, time remaining: 1m 35s
Rendered 5196/14425, time remaining: 1m 34s
Rendered 5197/14425, time remaining: 1m 34s
Rendered 5198/14425, time remaining: 1m 35s
Rendered 5199/14425, time remaining: 1m 35s
Rendered 5200/14425, time remaining: 1m 33s
Rendered 5201/14425, time remaining: 1m 34s
Rendered 5202/14425, time remaining: 1m 35s
Rendered 5203/14425, time remaining: 1m 35s
Rendered 5204/14425, time remaining: 1m 33s
Rendered 5205/14425, time remaining: 1m 33s
Rendered 5206/14425, time remaining: 1m 35s
Rendered 5207/14425, time remaining: 1m 35s
Rendered 5208/14425, time remaining: 1m 33s
Rendered 5209/14425, time remaining: 1m 34s
Rendered 5210/14425, time remaining: 1m 35s
Rendered 5211/14425, time remaining: 1m 35s
Rendered 5212/14425, time remaining: 1m 33s
Rendered 5213/14425, time remaining: 1m 33s
Rendered 5214/14425, time remaining: 1m 35s
Rendered 5215/14425, time remaining: 1m 35s
Rendered 5216/14425, time remaining: 1m 33s
Rendered 5217/14425, time remaining: 1m 33s
Rendered 5218/14425, time remaining: 1m 35s
Rendered 5219/14425, time remaining: 1m 35s
Rendered 5220/14425, time remaining: 1m 33s
Rendered 5221/14425, time remaining: 1m 33s
Rendered 5221/14425, time remaining: 1m 33s
Rendered 5222/14425, time remaining: 1m 35s
Rendered 5223/14425, time remaining: 1m 35s
Rendered 5224/14425, time remaining: 1m 33s
Rendered 5225/14425, time remaining: 1m 33s
Rendered 5226/14425, time remaining: 1m 34s
Rendered 5227/14425, time remaining: 1m 34s
Rendered 5228/14425, time remaining: 1m 33s
Rendered 5229/14425, time remaining: 1m 33s
Rendered 5230/14425, time remaining: 1m 34s
Rendered 5231/14425, time remaining: 1m 34s
Rendered 5232/14425, time remaining: 1m 33s
Rendered 5233/14425, time remaining: 1m 33s
Rendered 5234/14425, time remaining: 1m 34s
Rendered 5235/14425, time remaining: 1m 34s
Rendered 5236/14425, time remaining: 1m 33s
Rendered 5237/14425, time remaining: 1m 33s
Rendered 5238/14425, time remaining: 1m 34s
Rendered 5239/14425, time remaining: 1m 34s
Rendered 5240/14425, time remaining: 1m 33s
Rendered 5241/14425, time remaining: 1m 33s
Rendered 5242/14425, time remaining: 1m 34s
Rendered 5243/14425, time remaining: 1m 34s
Rendered 5244/14425, time remaining: 1m 33s
Rendered 5245/14425, time remaining: 1m 33s
Rendered 5246/14425, time remaining: 1m 34s
Rendered 5247/14425, time remaining: 1m 34s
Rendered 5248/14425, time remaining: 1m 33s
Rendered 5249/14425, time remaining: 1m 33s
Rendered 5250/14425, time remaining: 1m 34s
Rendered 5251/14425, time remaining: 1m 34s
Rendered 5252/14425, time remaining: 1m 33s
Rendered 5253/14425, time remaining: 1m 33s
Rendered 5254/14425, time remaining: 1m 34s
Rendered 5255/14425, time remaining: 1m 34s
Rendered 5256/14425, time remaining: 1m 33s
Rendered 5257/14425, time remaining: 1m 33s
Rendered 5258/14425, time remaining: 1m 34s
Rendered 5259/14425, time remaining: 1m 34s
Rendered 5260/14425, time remaining: 1m 33s
Rendered 5261/14425, time remaining: 1m 33s
Rendered 5262/14425, time remaining: 1m 34s
Rendered 5263/14425, time remaining: 1m 34s
Rendered 5264/14425, time remaining: 1m 33s
Rendered 5265/14425, time remaining: 1m 33s
Rendered 5266/14425, time remaining: 1m 34s
Rendered 5267/14425, time remaining: 1m 34s
Rendered 5268/14425, time remaining: 1m 33s
Rendered 5269/14425, time remaining: 1m 33s
Rendered 5269/14425, time remaining: 1m 33s
Rendered 5270/14425, time remaining: 1m 35s
Rendered 5271/14425, time remaining: 1m 35s
Rendered 5272/14425, time remaining: 1m 33s
Rendered 5273/14425, time remaining: 1m 33s
Rendered 5274/14425, time remaining: 1m 34s
Rendered 5275/14425, time remaining: 1m 34s
Rendered 5276/14425, time remaining: 1m 33s
Rendered 5277/14425, time remaining: 1m 33s
Rendered 5278/14425, time remaining: 1m 35s
Rendered 5279/14425, time remaining: 1m 34s
Rendered 5280/14425, time remaining: 1m 33s
Rendered 5281/14425, time remaining: 1m 33s
Rendered 5282/14425, time remaining: 1m 34s
Rendered 5283/14425, time remaining: 1m 34s
Rendered 5284/14425, time remaining: 1m 33s
Rendered 5285/14425, time remaining: 1m 33s
Rendered 5286/14425, time remaining: 1m 34s
Rendered 5287/14425, time remaining: 1m 34s
Rendered 5288/14425, time remaining: 1m 33s
Rendered 5289/14425, time remaining: 1m 33s
Rendered 5290/14425, time remaining: 1m 34s
Rendered 5291/14425, time remaining: 1m 34s
Rendered 5292/14425, time remaining: 1m 33s
Rendered 5293/14425, time remaining: 1m 33s
Rendered 5294/14425, time remaining: 1m 34s
Rendered 5295/14425, time remaining: 1m 34s
Rendered 5296/14425, time remaining: 1m 33s
Rendered 5297/14425, time remaining: 1m 33s
Rendered 5298/14425, time remaining: 1m 34s
Rendered 5299/14425, time remaining: 1m 34s
Rendered 5300/14425, time remaining: 1m 34s
Rendered 5301/14425, time remaining: 1m 34s
Rendered 5302/14425, time remaining: 1m 34s
Rendered 5303/14425, time remaining: 1m 34s
Rendered 5304/14425, time remaining: 1m 33s
Rendered 5305/14425, time remaining: 1m 33s
Rendered 5306/14425, time remaining: 1m 34s
Rendered 5307/14425, time remaining: 1m 34s
Rendered 5308/14425, time remaining: 1m 33s
Rendered 5309/14425, time remaining: 1m 33s
Rendered 5310/14425, time remaining: 1m 34s
Rendered 5311/14425, time remaining: 1m 34s
Rendered 5312/14425, time remaining: 1m 33s
Rendered 5313/14425, time remaining: 1m 33s
Rendered 5314/14425, time remaining: 1m 34s
Rendered 5315/14425, time remaining: 1m 34s
Rendered 5316/14425, time remaining: 1m 33s
Rendered 5317/14425, time remaining: 1m 33s
Rendered 5317/14425, time remaining: 1m 33s
Rendered 5318/14425, time remaining: 1m 34s
Rendered 5319/14425, time remaining: 1m 34s
Rendered 5320/14425, time remaining: 1m 33s
Rendered 5321/14425, time remaining: 1m 33s
Rendered 5322/14425, time remaining: 1m 34s
Rendered 5323/14425, time remaining: 1m 34s
Rendered 5324/14425, time remaining: 1m 33s
Rendered 5325/14425, time remaining: 1m 33s
Rendered 5326/14425, time remaining: 1m 34s
Rendered 5327/14425, time remaining: 1m 34s
Rendered 5328/14425, time remaining: 1m 33s
Rendered 5329/14425, time remaining: 1m 33s
Rendered 5330/14425, time remaining: 1m 36s
Rendered 5331/14425, time remaining: 1m 36s
Rendered 5332/14425, time remaining: 1m 34s
Rendered 5333/14425, time remaining: 1m 34s
Rendered 5334/14425, time remaining: 1m 35s
Rendered 5335/14425, time remaining: 1m 35s
Rendered 5336/14425, time remaining: 1m 34s
Rendered 5337/14425, time remaining: 1m 34s
Rendered 5338/14425, time remaining: 1m 35s
Rendered 5339/14425, time remaining: 1m 35s
Rendered 5340/14425, time remaining: 1m 34s
Rendered 5341/14425, time remaining: 1m 34s
Rendered 5342/14425, time remaining: 1m 35s
Rendered 5343/14425, time remaining: 1m 35s
Rendered 5344/14425, time remaining: 1m 34s
Rendered 5345/14425, time remaining: 1m 34s
Rendered 5346/14425, time remaining: 1m 35s
Rendered 5347/14425, time remaining: 1m 35s
Rendered 5348/14425, time remaining: 1m 34s
Rendered 5349/14425, time remaining: 1m 34s
Rendered 5350/14425, time remaining: 1m 35s
Rendered 5351/14425, time remaining: 1m 35s
Rendered 5352/14425, time remaining: 1m 34s
Rendered 5353/14425, time remaining: 1m 34s
Rendered 5354/14425, time remaining: 1m 35s
Rendered 5355/14425, time remaining: 1m 35s
Rendered 5356/14425, time remaining: 1m 34s
Rendered 5357/14425, time remaining: 1m 34s
Rendered 5358/14425, time remaining: 1m 35s
Rendered 5359/14425, time remaining: 1m 35s
Rendered 5360/14425, time remaining: 1m 34s
Rendered 5361/14425, time remaining: 1m 34s
Rendered 5362/14425, time remaining: 1m 35s
Rendered 5363/14425, time remaining: 1m 35s
Rendered 5364/14425, time remaining: 1m 34s
Rendered 5365/14425, time remaining: 1m 34s
Rendered 5365/14425, time remaining: 1m 34s
Rendered 5366/14425, time remaining: 1m 35s
Rendered 5367/14425, time remaining: 1m 35s
Rendered 5368/14425, time remaining: 1m 34s
Rendered 5369/14425, time remaining: 1m 34s
Rendered 5370/14425, time remaining: 1m 35s
Rendered 5371/14425, time remaining: 1m 35s
Rendered 5372/14425, time remaining: 1m 34s
Rendered 5373/14425, time remaining: 1m 34s
Rendered 5374/14425, time remaining: 1m 35s
Rendered 5375/14425, time remaining: 1m 35s
Rendered 5376/14425, time remaining: 1m 34s
Rendered 5377/14425, time remaining: 1m 34s
Rendered 5378/14425, time remaining: 1m 35s
Rendered 5379/14425, time remaining: 1m 35s
Rendered 5380/14425, time remaining: 1m 34s
Rendered 5381/14425, time remaining: 1m 34s
Rendered 5382/14425, time remaining: 1m 35s
Rendered 5383/14425, time remaining: 1m 35s
Rendered 5384/14425, time remaining: 1m 34s
Rendered 5385/14425, time remaining: 1m 34s
Rendered 5386/14425, time remaining: 1m 35s
Rendered 5387/14425, time remaining: 1m 35s
Rendered 5388/14425, time remaining: 1m 34s
Rendered 5389/14425, time remaining: 1m 34s
Rendered 5390/14425, time remaining: 1m 35s
Rendered 5391/14425, time remaining: 1m 35s
Rendered 5392/14425, time remaining: 1m 34s
Rendered 5393/14425, time remaining: 1m 34s
Rendered 5394/14425, time remaining: 1m 35s
Rendered 5395/14425, time remaining: 1m 35s
Rendered 5396/14425, time remaining: 1m 34s
Rendered 5397/14425, time remaining: 1m 34s
Rendered 5398/14425, time remaining: 1m 35s
Rendered 5399/14425, time remaining: 1m 35s
Rendered 5400/14425, time remaining: 1m 34s
Rendered 5401/14425, time remaining: 1m 34s
Rendered 5402/14425, time remaining: 1m 35s
Rendered 5403/14425, time remaining: 1m 35s
Rendered 5404/14425, time remaining: 1m 33s
Rendered 5405/14425, time remaining: 1m 33s
Rendered 5406/14425, time remaining: 1m 35s
Rendered 5407/14425, time remaining: 1m 35s
Rendered 5408/14425, time remaining: 1m 33s
Rendered 5409/14425, time remaining: 1m 33s
Rendered 5410/14425, time remaining: 1m 35s
Rendered 5411/14425, time remaining: 1m 35s
Rendered 5412/14425, time remaining: 1m 34s
Rendered 5413/14425, time remaining: 1m 34s
Rendered 5413/14425, time remaining: 1m 34s
Rendered 5414/14425, time remaining: 1m 35s
Rendered 5415/14425, time remaining: 1m 35s
Rendered 5416/14425, time remaining: 1m 33s
Rendered 5417/14425, time remaining: 1m 33s
Rendered 5418/14425, time remaining: 1m 35s
Rendered 5419/14425, time remaining: 1m 35s
Rendered 5420/14425, time remaining: 1m 33s
Rendered 5421/14425, time remaining: 1m 33s
Rendered 5422/14425, time remaining: 1m 34s
Rendered 5423/14425, time remaining: 1m 34s
Rendered 5424/14425, time remaining: 1m 33s
Rendered 5425/14425, time remaining: 1m 33s
Rendered 5426/14425, time remaining: 1m 34s
Rendered 5427/14425, time remaining: 1m 34s
Rendered 5428/14425, time remaining: 1m 33s
Rendered 5429/14425, time remaining: 1m 33s
Rendered 5430/14425, time remaining: 1m 34s
Rendered 5431/14425, time remaining: 1m 34s
Rendered 5432/14425, time remaining: 1m 33s
Rendered 5433/14425, time remaining: 1m 33s
Rendered 5434/14425, time remaining: 1m 34s
Rendered 5435/14425, time remaining: 1m 34s
Rendered 5436/14425, time remaining: 1m 33s
Rendered 5437/14425, time remaining: 1m 33s
Rendered 5438/14425, time remaining: 1m 34s
Rendered 5439/14425, time remaining: 1m 34s
Rendered 5440/14425, time remaining: 1m 33s
Rendered 5441/14425, time remaining: 1m 33s
Rendered 5442/14425, time remaining: 1m 34s
Rendered 5443/14425, time remaining: 1m 34s
Rendered 5444/14425, time remaining: 1m 33s
Rendered 5445/14425, time remaining: 1m 33s
Rendered 5446/14425, time remaining: 1m 34s
Rendered 5447/14425, time remaining: 1m 34s
Rendered 5448/14425, time remaining: 1m 33s
Rendered 5449/14425, time remaining: 1m 33s
Rendered 5450/14425, time remaining: 1m 34s
Rendered 5451/14425, time remaining: 1m 34s
Rendered 5452/14425, time remaining: 1m 33s
Rendered 5453/14425, time remaining: 1m 33s
Rendered 5454/14425, time remaining: 1m 35s
Rendered 5455/14425, time remaining: 1m 34s
Rendered 5456/14425, time remaining: 1m 33s
Rendered 5457/14425, time remaining: 1m 33s
Rendered 5458/14425, time remaining: 1m 35s
Rendered 5459/14425, time remaining: 1m 35s
Rendered 5460/14425, time remaining: 1m 34s
Rendered 5461/14425, time remaining: 1m 34s
Rendered 5461/14425, time remaining: 1m 34s
Rendered 5462/14425, time remaining: 1m 35s
Rendered 5463/14425, time remaining: 1m 35s
Rendered 5464/14425, time remaining: 1m 34s
Rendered 5465/14425, time remaining: 1m 34s
Rendered 5466/14425, time remaining: 1m 35s
Rendered 5467/14425, time remaining: 1m 35s
Rendered 5468/14425, time remaining: 1m 33s
Rendered 5469/14425, time remaining: 1m 33s
Rendered 5470/14425, time remaining: 1m 35s
Rendered 5471/14425, time remaining: 1m 35s
Rendered 5472/14425, time remaining: 1m 33s
Rendered 5473/14425, time remaining: 1m 33s
Rendered 5474/14425, time remaining: 1m 34s
Rendered 5475/14425, time remaining: 1m 34s
Rendered 5476/14425, time remaining: 1m 33s
Rendered 5477/14425, time remaining: 1m 33s
Rendered 5478/14425, time remaining: 1m 34s
Rendered 5479/14425, time remaining: 1m 34s
Rendered 5480/14425, time remaining: 1m 31s
Rendered 5481/14425, time remaining: 1m 31s
Rendered 5482/14425, time remaining: 1m 32s
Rendered 5483/14425, time remaining: 1m 32s
Rendered 5484/14425, time remaining: 1m 31s
Rendered 5485/14425, time remaining: 1m 31s
Rendered 5486/14425, time remaining: 1m 33s
Rendered 5487/14425, time remaining: 1m 33s
Rendered 5488/14425, time remaining: 1m 31s
Rendered 5489/14425, time remaining: 1m 31s
Rendered 5490/14425, time remaining: 1m 33s
Rendered 5491/14425, time remaining: 1m 33s
Rendered 5492/14425, time remaining: 1m 31s
Rendered 5493/14425, time remaining: 1m 31s
Rendered 5494/14425, time remaining: 1m 33s
Rendered 5495/14425, time remaining: 1m 32s
Rendered 5496/14425, time remaining: 1m 31s
Rendered 5497/14425, time remaining: 1m 31s
Rendered 5498/14425, time remaining: 1m 32s
Rendered 5499/14425, time remaining: 1m 32s
Rendered 5500/14425, time remaining: 1m 31s
Rendered 5501/14425, time remaining: 1m 31s
Rendered 5502/14425, time remaining: 1m 32s
Rendered 5503/14425, time remaining: 1m 32s
Rendered 5504/14425, time remaining: 1m 31s
Rendered 5505/14425, time remaining: 1m 31s
Rendered 5506/14425, time remaining: 1m 32s
Rendered 5507/14425, time remaining: 1m 32s
Rendered 5508/14425, time remaining: 1m 31s
Rendered 5509/14425, time remaining: 1m 31s
Rendered 5510/14425, time remaining: 1m 32s
Rendered 5510/14425, time remaining: 1m 32s
Rendered 5511/14425, time remaining: 1m 32s
Rendered 5512/14425, time remaining: 1m 31s
Rendered 5513/14425, time remaining: 1m 31s
Rendered 5514/14425, time remaining: 1m 32s
Rendered 5515/14425, time remaining: 1m 32s
Rendered 5516/14425, time remaining: 1m 31s
Rendered 5517/14425, time remaining: 1m 31s
Rendered 5518/14425, time remaining: 1m 32s
Rendered 5519/14425, time remaining: 1m 33s
Rendered 5520/14425, time remaining: 1m 31s
Rendered 5521/14425, time remaining: 1m 31s
Rendered 5522/14425, time remaining: 1m 32s
Rendered 5523/14425, time remaining: 1m 32s
Rendered 5524/14425, time remaining: 1m 31s
Rendered 5525/14425, time remaining: 1m 31s
Rendered 5526/14425, time remaining: 1m 32s
Rendered 5527/14425, time remaining: 1m 32s
Rendered 5528/14425, time remaining: 1m 31s
Rendered 5529/14425, time remaining: 1m 31s
Rendered 5530/14425, time remaining: 1m 32s
Rendered 5531/14425, time remaining: 1m 32s
Rendered 5532/14425, time remaining: 1m 31s
Rendered 5533/14425, time remaining: 1m 31s
Rendered 5534/14425, time remaining: 1m 32s
Rendered 5535/14425, time remaining: 1m 32s
Rendered 5536/14425, time remaining: 1m 31s
Rendered 5537/14425, time remaining: 1m 31s
Rendered 5538/14425, time remaining: 1m 32s
Rendered 5539/14425, time remaining: 1m 32s
Rendered 5540/14425, time remaining: 1m 31s
Rendered 5541/14425, time remaining: 1m 31s
Rendered 5542/14425, time remaining: 1m 32s
Rendered 5543/14425, time remaining: 1m 32s
Rendered 5544/14425, time remaining: 1m 31s
Rendered 5545/14425, time remaining: 1m 31s
Rendered 5546/14425, time remaining: 1m 32s
Rendered 5547/14425, time remaining: 1m 32s
Rendered 5548/14425, time remaining: 1m 31s
Rendered 5549/14425, time remaining: 1m 31s
Rendered 5550/14425, time remaining: 1m 32s
Rendered 5551/14425, time remaining: 1m 32s
Rendered 5552/14425, time remaining: 1m 31s
Rendered 5553/14425, time remaining: 1m 31s
Rendered 5554/14425, time remaining: 1m 32s
Rendered 5555/14425, time remaining: 1m 32s
Rendered 5556/14425, time remaining: 1m 31s
Rendered 5557/14425, time remaining: 1m 31s
Rendered 5558/14425, time remaining: 1m 32s
Rendered 5559/14425, time remaining: 1m 32s
Rendered 5559/14425, time remaining: 1m 32s
Rendered 5560/14425, time remaining: 1m 31s
Rendered 5561/14425, time remaining: 1m 31s
Rendered 5562/14425, time remaining: 1m 32s
Rendered 5563/14425, time remaining: 1m 32s
Rendered 5564/14425, time remaining: 1m 31s
Rendered 5565/14425, time remaining: 1m 31s
Rendered 5566/14425, time remaining: 1m 32s
Rendered 5567/14425, time remaining: 1m 32s
Rendered 5568/14425, time remaining: 1m 31s
Rendered 5569/14425, time remaining: 1m 31s
Rendered 5570/14425, time remaining: 1m 32s
Rendered 5571/14425, time remaining: 1m 32s
Rendered 5572/14425, time remaining: 1m 31s
Rendered 5573/14425, time remaining: 1m 31s
Rendered 5574/14425, time remaining: 1m 32s
Rendered 5575/14425, time remaining: 1m 32s
Rendered 5576/14425, time remaining: 1m 31s
Rendered 5577/14425, time remaining: 1m 31s
Rendered 5578/14425, time remaining: 1m 32s
Rendered 5579/14425, time remaining: 1m 32s
Rendered 5580/14425, time remaining: 1m 31s
Rendered 5581/14425, time remaining: 1m 31s
Rendered 5582/14425, time remaining: 1m 32s
Rendered 5583/14425, time remaining: 1m 32s
Rendered 5584/14425, time remaining: 1m 31s
Rendered 5585/14425, time remaining: 1m 31s
Rendered 5586/14425, time remaining: 1m 32s
Rendered 5587/14425, time remaining: 1m 32s
Rendered 5588/14425, time remaining: 1m 31s
Rendered 5589/14425, time remaining: 1m 31s
Rendered 5590/14425, time remaining: 1m 32s
Rendered 5591/14425, time remaining: 1m 32s
Rendered 5592/14425, time remaining: 1m 30s
Rendered 5593/14425, time remaining: 1m 30s
Rendered 5594/14425, time remaining: 1m 32s
Rendered 5595/14425, time remaining: 1m 32s
Rendered 5596/14425, time remaining: 1m 31s
Rendered 5597/14425, time remaining: 1m 31s
Rendered 5598/14425, time remaining: 1m 32s
Rendered 5599/14425, time remaining: 1m 32s
Rendered 5600/14425, time remaining: 1m 31s
Rendered 5601/14425, time remaining: 1m 31s
Rendered 5602/14425, time remaining: 1m 31s
Rendered 5603/14425, time remaining: 1m 32s
Rendered 5604/14425, time remaining: 1m 30s
Rendered 5605/14425, time remaining: 1m 30s
Rendered 5606/14425, time remaining: 1m 32s
Rendered 5607/14425, time remaining: 1m 32s
Rendered 5607/14425, time remaining: 1m 32s
Rendered 5608/14425, time remaining: 1m 30s
Rendered 5609/14425, time remaining: 1m 30s
Rendered 5610/14425, time remaining: 1m 31s
Rendered 5611/14425, time remaining: 1m 31s
Rendered 5612/14425, time remaining: 1m 30s
Rendered 5613/14425, time remaining: 1m 30s
Rendered 5614/14425, time remaining: 1m 31s
Rendered 5615/14425, time remaining: 1m 31s
Rendered 5616/14425, time remaining: 1m 30s
Rendered 5617/14425, time remaining: 1m 30s
Rendered 5618/14425, time remaining: 1m 31s
Rendered 5619/14425, time remaining: 1m 31s
Rendered 5620/14425, time remaining: 1m 30s
Rendered 5621/14425, time remaining: 1m 30s
Rendered 5622/14425, time remaining: 1m 31s
Rendered 5623/14425, time remaining: 1m 31s
Rendered 5624/14425, time remaining: 1m 30s
Rendered 5625/14425, time remaining: 1m 30s
Rendered 5626/14425, time remaining: 1m 32s
Rendered 5627/14425, time remaining: 1m 32s
Rendered 5628/14425, time remaining: 1m 31s
Rendered 5629/14425, time remaining: 1m 31s
Rendered 5630/14425, time remaining: 1m 32s
Rendered 5631/14425, time remaining: 1m 32s
Rendered 5632/14425, time remaining: 1m 30s
Rendered 5633/14425, time remaining: 1m 30s
Rendered 5634/14425, time remaining: 1m 31s
Rendered 5635/14425, time remaining: 1m 31s
Rendered 5636/14425, time remaining: 1m 30s
Rendered 5637/14425, time remaining: 1m 30s
Rendered 5638/14425, time remaining: 1m 32s
Rendered 5639/14425, time remaining: 1m 32s
Rendered 5640/14425, time remaining: 1m 30s
Rendered 5641/14425, time remaining: 1m 30s
Rendered 5642/14425, time remaining: 1m 31s
Rendered 5643/14425, time remaining: 1m 31s
Rendered 5644/14425, time remaining: 1m 30s
Rendered 5645/14425, time remaining: 1m 30s
Rendered 5646/14425, time remaining: 1m 31s
Rendered 5647/14425, time remaining: 1m 31s
Rendered 5648/14425, time remaining: 1m 30s
Rendered 5649/14425, time remaining: 1m 30s
Rendered 5650/14425, time remaining: 1m 31s
Rendered 5651/14425, time remaining: 1m 31s
Rendered 5652/14425, time remaining: 1m 30s
Rendered 5653/14425, time remaining: 1m 30s
Rendered 5654/14425, time remaining: 1m 31s
Rendered 5655/14425, time remaining: 1m 31s
Rendered 5656/14425, time remaining: 1m 30s
Rendered 5656/14425, time remaining: 1m 30s
Rendered 5657/14425, time remaining: 1m 30s
Rendered 5658/14425, time remaining: 1m 31s
Rendered 5659/14425, time remaining: 1m 31s
Rendered 5660/14425, time remaining: 1m 30s
Rendered 5661/14425, time remaining: 1m 30s
Rendered 5662/14425, time remaining: 1m 31s
Rendered 5663/14425, time remaining: 1m 31s
Rendered 5664/14425, time remaining: 1m 30s
Rendered 5665/14425, time remaining: 1m 30s
Rendered 5666/14425, time remaining: 1m 31s
Rendered 5667/14425, time remaining: 1m 31s
Rendered 5668/14425, time remaining: 1m 30s
Rendered 5669/14425, time remaining: 1m 30s
Rendered 5670/14425, time remaining: 1m 31s
Rendered 5671/14425, time remaining: 1m 31s
Rendered 5672/14425, time remaining: 1m 30s
Rendered 5673/14425, time remaining: 1m 30s
Rendered 5674/14425, time remaining: 1m 31s
Rendered 5675/14425, time remaining: 1m 31s
Rendered 5676/14425, time remaining: 1m 30s
Rendered 5677/14425, time remaining: 1m 30s
Rendered 5678/14425, time remaining: 1m 31s
Rendered 5679/14425, time remaining: 1m 31s
Rendered 5680/14425, time remaining: 1m 30s
Rendered 5681/14425, time remaining: 1m 30s
Rendered 5682/14425, time remaining: 1m 31s
Rendered 5683/14425, time remaining: 1m 31s
Rendered 5684/14425, time remaining: 1m 30s
Rendered 5685/14425, time remaining: 1m 30s
Rendered 5686/14425, time remaining: 1m 31s
Rendered 5687/14425, time remaining: 1m 31s
Rendered 5688/14425, time remaining: 1m 30s
Rendered 5689/14425, time remaining: 1m 30s
Rendered 5690/14425, time remaining: 1m 31s
Rendered 5691/14425, time remaining: 1m 31s
Rendered 5692/14425, time remaining: 1m 30s
Rendered 5693/14425, time remaining: 1m 30s
Rendered 5694/14425, time remaining: 1m 31s
Rendered 5695/14425, time remaining: 1m 31s
Rendered 5696/14425, time remaining: 1m 30s
Rendered 5697/14425, time remaining: 1m 30s
Rendered 5698/14425, time remaining: 1m 31s
Rendered 5699/14425, time remaining: 1m 31s
Rendered 5700/14425, time remaining: 1m 30s
Rendered 5701/14425, time remaining: 1m 30s
Rendered 5702/14425, time remaining: 1m 31s
Rendered 5703/14425, time remaining: 1m 31s
Rendered 5704/14425, time remaining: 1m 30s
Rendered 5705/14425, time remaining: 1m 30s
Rendered 5705/14425, time remaining: 1m 30s
Rendered 5706/14425, time remaining: 1m 31s
Rendered 5707/14425, time remaining: 1m 31s
Rendered 5708/14425, time remaining: 1m 30s
Rendered 5709/14425, time remaining: 1m 30s
Rendered 5710/14425, time remaining: 1m 31s
Rendered 5711/14425, time remaining: 1m 31s
Rendered 5712/14425, time remaining: 1m 30s
Rendered 5713/14425, time remaining: 1m 30s
Rendered 5714/14425, time remaining: 1m 31s
Rendered 5715/14425, time remaining: 1m 31s
Rendered 5716/14425, time remaining: 1m 29s
Rendered 5717/14425, time remaining: 1m 29s
Rendered 5718/14425, time remaining: 1m 31s
Rendered 5719/14425, time remaining: 1m 31s
Rendered 5720/14425, time remaining: 1m 30s
Rendered 5721/14425, time remaining: 1m 29s
Rendered 5722/14425, time remaining: 1m 31s
Rendered 5723/14425, time remaining: 1m 31s
Rendered 5724/14425, time remaining: 1m 30s
Rendered 5725/14425, time remaining: 1m 30s
Rendered 5726/14425, time remaining: 1m 31s
Rendered 5727/14425, time remaining: 1m 31s
Rendered 5728/14425, time remaining: 1m 30s
Rendered 5729/14425, time remaining: 1m 30s
Rendered 5730/14425, time remaining: 1m 30s
Rendered 5731/14425, time remaining: 1m 31s
Rendered 5732/14425, time remaining: 1m 29s
Rendered 5733/14425, time remaining: 1m 30s
Rendered 5734/14425, time remaining: 1m 30s
Rendered 5735/14425, time remaining: 1m 30s
Rendered 5736/14425, time remaining: 1m 29s
Rendered 5737/14425, time remaining: 1m 29s
Rendered 5738/14425, time remaining: 1m 30s
Rendered 5739/14425, time remaining: 1m 30s
Rendered 5740/14425, time remaining: 1m 29s
Rendered 5741/14425, time remaining: 1m 29s
Rendered 5742/14425, time remaining: 1m 29s
Rendered 5743/14425, time remaining: 1m 29s
Rendered 5744/14425, time remaining: 1m 28s
Rendered 5745/14425, time remaining: 1m 28s
Rendered 5746/14425, time remaining: 1m 28s
Rendered 5747/14425, time remaining: 1m 29s
Rendered 5748/14425, time remaining: 1m 28s
Rendered 5749/14425, time remaining: 1m 28s
Rendered 5750/14425, time remaining: 1m 28s
Rendered 5751/14425, time remaining: 1m 28s
Rendered 5752/14425, time remaining: 1m 27s
Rendered 5753/14425, time remaining: 1m 27s
Rendered 5754/14425, time remaining: 1m 27s
Rendered 5755/14425, time remaining: 1m 28s
Rendered 5756/14425, time remaining: 1m 26s
Rendered 5757/14425, time remaining: 1m 27s
Rendered 5757/14425, time remaining: 1m 27s
Rendered 5758/14425, time remaining: 1m 27s
Rendered 5759/14425, time remaining: 1m 27s
Rendered 5760/14425, time remaining: 1m 26s
Rendered 5761/14425, time remaining: 1m 26s
Rendered 5762/14425, time remaining: 1m 26s
Rendered 5763/14425, time remaining: 1m 27s
Rendered 5764/14425, time remaining: 1m 26s
Rendered 5765/14425, time remaining: 1m 26s
Rendered 5766/14425, time remaining: 1m 26s
Rendered 5767/14425, time remaining: 1m 26s
Rendered 5768/14425, time remaining: 1m 25s
Rendered 5769/14425, time remaining: 1m 25s
Rendered 5770/14425, time remaining: 1m 25s
Rendered 5771/14425, time remaining: 1m 26s
Rendered 5772/14425, time remaining: 1m 25s
Rendered 5773/14425, time remaining: 1m 25s
Rendered 5774/14425, time remaining: 1m 25s
Rendered 5775/14425, time remaining: 1m 25s
Rendered 5776/14425, time remaining: 1m 24s
Rendered 5777/14425, time remaining: 1m 24s
Rendered 5778/14425, time remaining: 1m 24s
Rendered 5779/14425, time remaining: 1m 25s
Rendered 5780/14425, time remaining: 1m 24s
Rendered 5781/14425, time remaining: 1m 24s
Rendered 5782/14425, time remaining: 1m 24s
Rendered 5783/14425, time remaining: 1m 25s
Rendered 5784/14425, time remaining: 1m 23s
Rendered 5785/14425, time remaining: 1m 24s
Rendered 5786/14425, time remaining: 1m 23s
Rendered 5787/14425, time remaining: 1m 24s
Rendered 5788/14425, time remaining: 1m 23s
Rendered 5789/14425, time remaining: 1m 23s
Rendered 5790/14425, time remaining: 1m 23s
Rendered 5791/14425, time remaining: 1m 24s
Rendered 5792/14425, time remaining: 1m 23s
Rendered 5793/14425, time remaining: 1m 23s
Rendered 5794/14425, time remaining: 1m 23s
Rendered 5795/14425, time remaining: 1m 24s
Rendered 5796/14425, time remaining: 1m 23s
Rendered 5797/14425, time remaining: 1m 23s
Rendered 5798/14425, time remaining: 1m 23s
Rendered 5799/14425, time remaining: 1m 24s
Rendered 5800/14425, time remaining: 1m 23s
Rendered 5801/14425, time remaining: 1m 23s
Rendered 5802/14425, time remaining: 1m 23s
Rendered 5803/14425, time remaining: 1m 24s
Rendered 5804/14425, time remaining: 1m 23s
Rendered 5805/14425, time remaining: 1m 23s
Rendered 5806/14425, time remaining: 1m 23s
Rendered 5807/14425, time remaining: 1m 24s
Rendered 5808/14425, time remaining: 1m 23s
Rendered 5809/14425, time remaining: 1m 23s
Rendered 5810/14425, time remaining: 1m 23s
Rendered 5810/14425, time remaining: 1m 23s
Rendered 5811/14425, time remaining: 1m 24s
Rendered 5812/14425, time remaining: 1m 23s
Rendered 5813/14425, time remaining: 1m 23s
Rendered 5814/14425, time remaining: 1m 23s
Rendered 5815/14425, time remaining: 1m 24s
Rendered 5816/14425, time remaining: 1m 23s
Rendered 5817/14425, time remaining: 1m 23s
Rendered 5818/14425, time remaining: 1m 23s
Rendered 5819/14425, time remaining: 1m 24s
Rendered 5820/14425, time remaining: 1m 23s
Rendered 5821/14425, time remaining: 1m 23s
Rendered 5822/14425, time remaining: 1m 23s
Rendered 5823/14425, time remaining: 1m 24s
Rendered 5824/14425, time remaining: 1m 23s
Rendered 5825/14425, time remaining: 1m 23s
Rendered 5826/14425, time remaining: 1m 23s
Rendered 5827/14425, time remaining: 1m 24s
Rendered 5828/14425, time remaining: 1m 23s
Rendered 5829/14425, time remaining: 1m 23s
Rendered 5830/14425, time remaining: 1m 23s
Rendered 5831/14425, time remaining: 1m 24s
Rendered 5832/14425, time remaining: 1m 23s
Rendered 5833/14425, time remaining: 1m 23s
Rendered 5834/14425, time remaining: 1m 23s
Rendered 5835/14425, time remaining: 1m 24s
Rendered 5836/14425, time remaining: 1m 23s
Rendered 5837/14425, time remaining: 1m 23s
Rendered 5838/14425, time remaining: 1m 23s
Rendered 5839/14425, time remaining: 1m 24s
Rendered 5840/14425, time remaining: 1m 23s
Rendered 5841/14425, time remaining: 1m 23s
Rendered 5842/14425, time remaining: 1m 23s
Rendered 5843/14425, time remaining: 1m 24s
Rendered 5844/14425, time remaining: 1m 23s
Rendered 5845/14425, time remaining: 1m 23s
Rendered 5846/14425, time remaining: 1m 23s
Rendered 5847/14425, time remaining: 1m 24s
Rendered 5848/14425, time remaining: 1m 23s
Rendered 5849/14425, time remaining: 1m 23s
Rendered 5850/14425, time remaining: 1m 23s
Rendered 5851/14425, time remaining: 1m 24s
Rendered 5852/14425, time remaining: 1m 23s
Rendered 5853/14425, time remaining: 1m 23s
Rendered 5854/14425, time remaining: 1m 23s
Rendered 5855/14425, time remaining: 1m 24s
Rendered 5856/14425, time remaining: 1m 23s
Rendered 5857/14425, time remaining: 1m 23s
Rendered 5858/14425, time remaining: 1m 23s
Rendered 5858/14425, time remaining: 1m 23s
Rendered 5859/14425, time remaining: 1m 24s
Rendered 5860/14425, time remaining: 1m 23s
Rendered 5861/14425, time remaining: 1m 23s
Rendered 5862/14425, time remaining: 1m 23s
Rendered 5863/14425, time remaining: 1m 24s
Rendered 5864/14425, time remaining: 1m 22s
Rendered 5865/14425, time remaining: 1m 22s
Rendered 5866/14425, time remaining: 1m 22s
Rendered 5867/14425, time remaining: 1m 24s
Rendered 5868/14425, time remaining: 1m 22s
Rendered 5869/14425, time remaining: 1m 22s
Rendered 5870/14425, time remaining: 1m 22s
Rendered 5871/14425, time remaining: 1m 23s
Rendered 5872/14425, time remaining: 1m 22s
Rendered 5873/14425, time remaining: 1m 22s
Rendered 5874/14425, time remaining: 1m 22s
Rendered 5875/14425, time remaining: 1m 23s
Rendered 5876/14425, time remaining: 1m 22s
Rendered 5877/14425, time remaining: 1m 22s
Rendered 5878/14425, time remaining: 1m 22s
Rendered 5879/14425, time remaining: 1m 23s
Rendered 5880/14425, time remaining: 1m 22s
Rendered 5881/14425, time remaining: 1m 22s
Rendered 5882/14425, time remaining: 1m 22s
Rendered 5883/14425, time remaining: 1m 23s
Rendered 5884/14425, time remaining: 1m 23s
Rendered 5885/14425, time remaining: 1m 23s
Rendered 5886/14425, time remaining: 1m 22s
Rendered 5887/14425, time remaining: 1m 23s
Rendered 5888/14425, time remaining: 1m 23s
Rendered 5889/14425, time remaining: 1m 23s
Rendered 5890/14425, time remaining: 1m 23s
Rendered 5891/14425, time remaining: 1m 24s
Rendered 5892/14425, time remaining: 1m 24s
Rendered 5893/14425, time remaining: 1m 23s
Rendered 5894/14425, time remaining: 1m 23s
Rendered 5895/14425, time remaining: 1m 24s
Rendered 5896/14425, time remaining: 1m 24s
Rendered 5897/14425, time remaining: 1m 24s
Rendered 5898/14425, time remaining: 1m 24s
Rendered 5899/14425, time remaining: 1m 25s
Rendered 5900/14425, time remaining: 1m 24s
Rendered 5901/14425, time remaining: 1m 24s
Rendered 5902/14425, time remaining: 1m 24s
Rendered 5903/14425, time remaining: 1m 25s
Rendered 5904/14425, time remaining: 1m 25s
Rendered 5905/14425, time remaining: 1m 25s
Rendered 5906/14425, time remaining: 1m 24s
Rendered 5906/14425, time remaining: 1m 24s
Rendered 5907/14425, time remaining: 1m 26s
Rendered 5908/14425, time remaining: 1m 25s
Rendered 5909/14425, time remaining: 1m 25s
Rendered 5910/14425, time remaining: 1m 25s
Rendered 5911/14425, time remaining: 1m 26s
Rendered 5912/14425, time remaining: 1m 26s
Rendered 5913/14425, time remaining: 1m 26s
Rendered 5914/14425, time remaining: 1m 26s
Rendered 5915/14425, time remaining: 1m 26s
Rendered 5916/14425, time remaining: 1m 26s
Rendered 5917/14425, time remaining: 1m 26s
Rendered 5918/14425, time remaining: 1m 26s
Rendered 5919/14425, time remaining: 1m 26s
Rendered 5920/14425, time remaining: 1m 26s
Rendered 5921/14425, time remaining: 1m 26s
Rendered 5922/14425, time remaining: 1m 26s
Rendered 5923/14425, time remaining: 1m 27s
Rendered 5924/14425, time remaining: 1m 26s
Rendered 5925/14425, time remaining: 1m 26s
Rendered 5926/14425, time remaining: 1m 26s
Rendered 5927/14425, time remaining: 1m 27s
Rendered 5928/14425, time remaining: 1m 27s
Rendered 5929/14425, time remaining: 1m 26s
Rendered 5930/14425, time remaining: 1m 26s
Rendered 5931/14425, time remaining: 1m 27s
Rendered 5932/14425, time remaining: 1m 27s
Rendered 5933/14425, time remaining: 1m 27s
Rendered 5934/14425, time remaining: 1m 27s
Rendered 5935/14425, time remaining: 1m 28s
Rendered 5936/14425, time remaining: 1m 28s
Rendered 5937/14425, time remaining: 1m 27s
Rendered 5938/14425, time remaining: 1m 27s
Rendered 5939/14425, time remaining: 1m 28s
Rendered 5940/14425, time remaining: 1m 28s
Rendered 5941/14425, time remaining: 1m 27s
Rendered 5942/14425, time remaining: 1m 27s
Rendered 5943/14425, time remaining: 1m 28s
Rendered 5944/14425, time remaining: 1m 28s
Rendered 5945/14425, time remaining: 1m 27s
Rendered 5946/14425, time remaining: 1m 27s
Rendered 5947/14425, time remaining: 1m 28s
Rendered 5948/14425, time remaining: 1m 28s
Rendered 5949/14425, time remaining: 1m 27s
Rendered 5950/14425, time remaining: 1m 27s
Rendered 5951/14425, time remaining: 1m 28s
Rendered 5952/14425, time remaining: 1m 28s
Rendered 5953/14425, time remaining: 1m 27s
Rendered 5954/14425, time remaining: 1m 27s
Rendered 5955/14425, time remaining: 1m 28s
Rendered 5955/14425, time remaining: 1m 28s
Rendered 5956/14425, time remaining: 1m 29s
Rendered 5957/14425, time remaining: 1m 29s
Rendered 5958/14425, time remaining: 1m 29s
Rendered 5959/14425, time remaining: 1m 29s
Rendered 5960/14425, time remaining: 1m 30s
Rendered 5961/14425, time remaining: 1m 29s
Rendered 5962/14425, time remaining: 1m 29s
Rendered 5963/14425, time remaining: 1m 29s
Rendered 5964/14425, time remaining: 1m 30s
Rendered 5965/14425, time remaining: 1m 29s
Rendered 5966/14425, time remaining: 1m 29s
Rendered 5967/14425, time remaining: 1m 29s
Rendered 5968/14425, time remaining: 1m 30s
Rendered 5969/14425, time remaining: 1m 30s
Rendered 5970/14425, time remaining: 1m 30s
Rendered 5971/14425, time remaining: 1m 30s
Rendered 5972/14425, time remaining: 1m 31s
Rendered 5973/14425, time remaining: 1m 30s
Rendered 5974/14425, time remaining: 1m 30s
Rendered 5975/14425, time remaining: 1m 30s
Rendered 5976/14425, time remaining: 1m 31s
Rendered 5977/14425, time remaining: 1m 30s
Rendered 5978/14425, time remaining: 1m 30s
Rendered 5979/14425, time remaining: 1m 31s
Rendered 5980/14425, time remaining: 1m 32s
Rendered 5981/14425, time remaining: 1m 31s
Rendered 5982/14425, time remaining: 1m 31s
Rendered 5983/14425, time remaining: 1m 31s
Rendered 5984/14425, time remaining: 1m 32s
Rendered 5985/14425, time remaining: 1m 31s
Rendered 5986/14425, time remaining: 1m 31s
Rendered 5987/14425, time remaining: 1m 31s
Rendered 5988/14425, time remaining: 1m 33s
Rendered 5989/14425, time remaining: 1m 32s
Rendered 5990/14425, time remaining: 1m 32s
Rendered 5991/14425, time remaining: 1m 32s
Rendered 5992/14425, time remaining: 1m 33s
Rendered 5993/14425, time remaining: 1m 32s
Rendered 5994/14425, time remaining: 1m 32s
Rendered 5995/14425, time remaining: 1m 32s
Rendered 5995/14425, time remaining: 1m 32s
Rendered 5996/14425, time remaining: 1m 34s
Rendered 5997/14425, time remaining: 1m 32s
Rendered 5998/14425, time remaining: 1m 33s
Rendered 5999/14425, time remaining: 1m 33s
Rendered 6000/14425, time remaining: 1m 34s
Rendered 6001/14425, time remaining: 1m 33s
Rendered 6002/14425, time remaining: 1m 33s
Rendered 6003/14425, time remaining: 1m 33s
Rendered 6004/14425, time remaining: 1m 35s
Rendered 6005/14425, time remaining: 1m 34s
Rendered 6006/14425, time remaining: 1m 34s
Rendered 6007/14425, time remaining: 1m 34s
Rendered 6008/14425, time remaining: 1m 35s
Rendered 6009/14425, time remaining: 1m 34s
Rendered 6010/14425, time remaining: 1m 34s
Rendered 6011/14425, time remaining: 1m 34s
Rendered 6012/14425, time remaining: 1m 35s
Rendered 6013/14425, time remaining: 1m 35s
Rendered 6014/14425, time remaining: 1m 35s
Rendered 6015/14425, time remaining: 1m 35s
Rendered 6016/14425, time remaining: 1m 36s
Rendered 6017/14425, time remaining: 1m 35s
Rendered 6018/14425, time remaining: 1m 35s
Rendered 6019/14425, time remaining: 1m 35s
Rendered 6020/14425, time remaining: 1m 36s
Rendered 6021/14425, time remaining: 1m 35s
Rendered 6022/14425, time remaining: 1m 35s
Rendered 6023/14425, time remaining: 1m 35s
Rendered 6024/14425, time remaining: 1m 36s
Rendered 6025/14425, time remaining: 1m 35s
Rendered 6026/14425, time remaining: 1m 36s
Rendered 6027/14425, time remaining: 1m 36s
Rendered 6028/14425, time remaining: 1m 37s
Rendered 6029/14425, time remaining: 1m 36s
Rendered 6030/14425, time remaining: 1m 36s
Rendered 6031/14425, time remaining: 1m 36s
Rendered 6032/14425, time remaining: 1m 37s
Rendered 6033/14425, time remaining: 1m 36s
Rendered 6034/14425, time remaining: 1m 37s
Rendered 6035/14425, time remaining: 1m 37s
Rendered 6035/14425, time remaining: 1m 37s
Rendered 6036/14425, time remaining: 1m 38s
Rendered 6037/14425, time remaining: 1m 37s
Rendered 6038/14425, time remaining: 1m 37s
Rendered 6039/14425, time remaining: 1m 37s
Rendered 6040/14425, time remaining: 1m 38s
Rendered 6041/14425, time remaining: 1m 37s
Rendered 6042/14425, time remaining: 1m 37s
Rendered 6043/14425, time remaining: 1m 37s
Rendered 6044/14425, time remaining: 1m 38s
Rendered 6045/14425, time remaining: 1m 37s
Rendered 6046/14425, time remaining: 1m 37s
Rendered 6047/14425, time remaining: 1m 37s
Rendered 6048/14425, time remaining: 1m 38s
Rendered 6049/14425, time remaining: 1m 37s
Rendered 6050/14425, time remaining: 1m 38s
Rendered 6051/14425, time remaining: 1m 38s
Rendered 6052/14425, time remaining: 1m 39s
Rendered 6053/14425, time remaining: 1m 38s
Rendered 6054/14425, time remaining: 1m 38s
Rendered 6055/14425, time remaining: 1m 38s
Rendered 6056/14425, time remaining: 1m 39s
Rendered 6057/14425, time remaining: 1m 38s
Rendered 6058/14425, time remaining: 1m 38s
Rendered 6059/14425, time remaining: 1m 38s
Rendered 6060/14425, time remaining: 1m 40s
Rendered 6061/14425, time remaining: 1m 39s
Rendered 6062/14425, time remaining: 1m 39s
Rendered 6063/14425, time remaining: 1m 39s
Rendered 6064/14425, time remaining: 1m 40s
Rendered 6065/14425, time remaining: 1m 40s
Rendered 6066/14425, time remaining: 1m 40s
Rendered 6067/14425, time remaining: 1m 40s
Rendered 6068/14425, time remaining: 1m 41s
Rendered 6069/14425, time remaining: 1m 40s
Rendered 6070/14425, time remaining: 1m 40s
Rendered 6071/14425, time remaining: 1m 40s
Rendered 6072/14425, time remaining: 1m 41s
Rendered 6073/14425, time remaining: 1m 41s
Rendered 6074/14425, time remaining: 1m 41s
Rendered 6075/14425, time remaining: 1m 41s
Rendered 6076/14425, time remaining: 1m 42s
Rendered 6076/14425, time remaining: 1m 42s
Rendered 6077/14425, time remaining: 1m 41s
Rendered 6078/14425, time remaining: 1m 41s
Rendered 6079/14425, time remaining: 1m 41s
Rendered 6080/14425, time remaining: 1m 42s
Rendered 6081/14425, time remaining: 1m 41s
Rendered 6082/14425, time remaining: 1m 41s
Rendered 6083/14425, time remaining: 1m 41s
Rendered 6084/14425, time remaining: 1m 42s
Rendered 6085/14425, time remaining: 1m 41s
Rendered 6086/14425, time remaining: 1m 42s
Rendered 6087/14425, time remaining: 1m 42s
Rendered 6088/14425, time remaining: 1m 43s
Rendered 6089/14425, time remaining: 1m 42s
Rendered 6090/14425, time remaining: 1m 42s
Rendered 6091/14425, time remaining: 1m 42s
Rendered 6092/14425, time remaining: 1m 43s
Rendered 6093/14425, time remaining: 1m 42s
Rendered 6094/14425, time remaining: 1m 42s
Rendered 6095/14425, time remaining: 1m 42s
Rendered 6096/14425, time remaining: 1m 43s
Rendered 6097/14425, time remaining: 1m 42s
Rendered 6098/14425, time remaining: 1m 42s
Rendered 6099/14425, time remaining: 1m 42s
Rendered 6100/14425, time remaining: 1m 44s
Rendered 6101/14425, time remaining: 1m 43s
Rendered 6102/14425, time remaining: 1m 43s
Rendered 6103/14425, time remaining: 1m 43s
Rendered 6104/14425, time remaining: 1m 44s
Rendered 6105/14425, time remaining: 1m 44s
Rendered 6106/14425, time remaining: 1m 42s
Rendered 6107/14425, time remaining: 1m 42s
Rendered 6108/14425, time remaining: 1m 43s
Rendered 6109/14425, time remaining: 1m 43s
Rendered 6110/14425, time remaining: 1m 42s
Rendered 6111/14425, time remaining: 1m 42s
Rendered 6112/14425, time remaining: 1m 43s
Rendered 6113/14425, time remaining: 1m 43s
Rendered 6114/14425, time remaining: 1m 42s
Rendered 6115/14425, time remaining: 1m 42s
Rendered 6116/14425, time remaining: 1m 43s
Rendered 6117/14425, time remaining: 1m 43s
Rendered 6117/14425, time remaining: 1m 43s
Rendered 6118/14425, time remaining: 1m 42s
Rendered 6119/14425, time remaining: 1m 42s
Rendered 6120/14425, time remaining: 1m 43s
Rendered 6121/14425, time remaining: 1m 43s
Rendered 6122/14425, time remaining: 1m 42s
Rendered 6123/14425, time remaining: 1m 42s
Rendered 6124/14425, time remaining: 1m 43s
Rendered 6125/14425, time remaining: 1m 43s
Rendered 6126/14425, time remaining: 1m 42s
Rendered 6127/14425, time remaining: 1m 42s
Rendered 6128/14425, time remaining: 1m 43s
Rendered 6129/14425, time remaining: 1m 43s
Rendered 6130/14425, time remaining: 1m 42s
Rendered 6131/14425, time remaining: 1m 42s
Rendered 6132/14425, time remaining: 1m 43s
Rendered 6133/14425, time remaining: 1m 43s
Rendered 6134/14425, time remaining: 1m 42s
Rendered 6135/14425, time remaining: 1m 42s
Rendered 6136/14425, time remaining: 1m 43s
Rendered 6137/14425, time remaining: 1m 43s
Rendered 6138/14425, time remaining: 1m 41s
Rendered 6139/14425, time remaining: 1m 41s
Rendered 6140/14425, time remaining: 1m 42s
Rendered 6141/14425, time remaining: 1m 42s
Rendered 6142/14425, time remaining: 1m 42s
Rendered 6143/14425, time remaining: 1m 42s
Rendered 6144/14425, time remaining: 1m 43s
Rendered 6145/14425, time remaining: 1m 43s
Rendered 6146/14425, time remaining: 1m 41s
Rendered 6147/14425, time remaining: 1m 41s
Rendered 6148/14425, time remaining: 1m 43s
Rendered 6149/14425, time remaining: 1m 43s
Rendered 6150/14425, time remaining: 1m 41s
Rendered 6151/14425, time remaining: 1m 41s
Rendered 6152/14425, time remaining: 1m 42s
Rendered 6153/14425, time remaining: 1m 42s
Rendered 6154/14425, time remaining: 1m 41s
Rendered 6155/14425, time remaining: 1m 41s
Rendered 6156/14425, time remaining: 1m 42s
Rendered 6157/14425, time remaining: 1m 42s
Rendered 6158/14425, time remaining: 1m 41s
Rendered 6158/14425, time remaining: 1m 41s
Rendered 6159/14425, time remaining: 1m 41s
Rendered 6160/14425, time remaining: 1m 42s
Rendered 6161/14425, time remaining: 1m 42s
Rendered 6162/14425, time remaining: 1m 41s
Rendered 6163/14425, time remaining: 1m 41s
Rendered 6164/14425, time remaining: 1m 42s
Rendered 6165/14425, time remaining: 1m 42s
Rendered 6166/14425, time remaining: 1m 41s
Rendered 6167/14425, time remaining: 1m 41s
Rendered 6168/14425, time remaining: 1m 42s
Rendered 6169/14425, time remaining: 1m 42s
Rendered 6170/14425, time remaining: 1m 41s
Rendered 6171/14425, time remaining: 1m 41s
Rendered 6172/14425, time remaining: 1m 42s
Rendered 6173/14425, time remaining: 1m 42s
Rendered 6174/14425, time remaining: 1m 41s
Rendered 6175/14425, time remaining: 1m 41s
Rendered 6176/14425, time remaining: 1m 42s
Rendered 6177/14425, time remaining: 1m 42s
Rendered 6178/14425, time remaining: 1m 40s
Rendered 6179/14425, time remaining: 1m 40s
Rendered 6180/14425, time remaining: 1m 41s
Rendered 6181/14425, time remaining: 1m 41s
Rendered 6182/14425, time remaining: 1m 40s
Rendered 6183/14425, time remaining: 1m 40s
Rendered 6184/14425, time remaining: 1m 42s
Rendered 6185/14425, time remaining: 1m 42s
Rendered 6186/14425, time remaining: 1m 41s
Rendered 6187/14425, time remaining: 1m 40s
Rendered 6188/14425, time remaining: 1m 42s
Rendered 6189/14425, time remaining: 1m 42s
Rendered 6190/14425, time remaining: 1m 41s
Rendered 6191/14425, time remaining: 1m 41s
Rendered 6192/14425, time remaining: 1m 42s
Rendered 6193/14425, time remaining: 1m 42s
Rendered 6194/14425, time remaining: 1m 41s
Rendered 6195/14425, time remaining: 1m 41s
Rendered 6196/14425, time remaining: 1m 42s
Rendered 6197/14425, time remaining: 1m 42s
Rendered 6198/14425, time remaining: 1m 41s
Rendered 6199/14425, time remaining: 1m 41s
Rendered 6199/14425, time remaining: 1m 41s
Rendered 6200/14425, time remaining: 1m 42s
Rendered 6201/14425, time remaining: 1m 42s
Rendered 6202/14425, time remaining: 1m 41s
Rendered 6203/14425, time remaining: 1m 41s
Rendered 6204/14425, time remaining: 1m 42s
Rendered 6205/14425, time remaining: 1m 42s
Rendered 6206/14425, time remaining: 1m 41s
Rendered 6207/14425, time remaining: 1m 41s
Rendered 6208/14425, time remaining: 1m 42s
Rendered 6209/14425, time remaining: 1m 42s
Rendered 6210/14425, time remaining: 1m 41s
Rendered 6211/14425, time remaining: 1m 41s
Rendered 6212/14425, time remaining: 1m 42s
Rendered 6213/14425, time remaining: 1m 42s
Rendered 6214/14425, time remaining: 1m 40s
Rendered 6215/14425, time remaining: 1m 40s
Rendered 6216/14425, time remaining: 1m 42s
Rendered 6217/14425, time remaining: 1m 42s
Rendered 6218/14425, time remaining: 1m 40s
Rendered 6219/14425, time remaining: 1m 40s
Rendered 6220/14425, time remaining: 1m 42s
Rendered 6221/14425, time remaining: 1m 42s
Rendered 6222/14425, time remaining: 1m 40s
Rendered 6223/14425, time remaining: 1m 40s
Rendered 6224/14425, time remaining: 1m 42s
Rendered 6225/14425, time remaining: 1m 42s
Rendered 6226/14425, time remaining: 1m 40s
Rendered 6227/14425, time remaining: 1m 40s
Rendered 6228/14425, time remaining: 1m 41s
Rendered 6229/14425, time remaining: 1m 42s
Rendered 6230/14425, time remaining: 1m 40s
Rendered 6231/14425, time remaining: 1m 41s
Rendered 6232/14425, time remaining: 1m 42s
Rendered 6233/14425, time remaining: 1m 42s
Rendered 6234/14425, time remaining: 1m 41s
Rendered 6235/14425, time remaining: 1m 41s
Rendered 6236/14425, time remaining: 1m 42s
Rendered 6237/14425, time remaining: 1m 42s
Rendered 6238/14425, time remaining: 1m 41s
Rendered 6239/14425, time remaining: 1m 41s
Rendered 6239/14425, time remaining: 1m 41s
Rendered 6240/14425, time remaining: 1m 42s
Rendered 6241/14425, time remaining: 1m 42s
Rendered 6242/14425, time remaining: 1m 41s
Rendered 6243/14425, time remaining: 1m 41s
Rendered 6244/14425, time remaining: 1m 42s
Rendered 6245/14425, time remaining: 1m 42s
Rendered 6246/14425, time remaining: 1m 41s
Rendered 6247/14425, time remaining: 1m 41s
Rendered 6248/14425, time remaining: 1m 42s
Rendered 6249/14425, time remaining: 1m 42s
Rendered 6250/14425, time remaining: 1m 40s
Rendered 6251/14425, time remaining: 1m 40s
Rendered 6252/14425, time remaining: 1m 41s
Rendered 6253/14425, time remaining: 1m 41s
Rendered 6254/14425, time remaining: 1m 40s
Rendered 6255/14425, time remaining: 1m 40s
Rendered 6256/14425, time remaining: 1m 42s
Rendered 6257/14425, time remaining: 1m 41s
Rendered 6258/14425, time remaining: 1m 40s
Rendered 6259/14425, time remaining: 1m 40s
Rendered 6260/14425, time remaining: 1m 41s
Rendered 6261/14425, time remaining: 1m 41s
Rendered 6262/14425, time remaining: 1m 40s
Rendered 6263/14425, time remaining: 1m 40s
Rendered 6264/14425, time remaining: 1m 41s
Rendered 6265/14425, time remaining: 1m 41s
Rendered 6266/14425, time remaining: 1m 40s
Rendered 6267/14425, time remaining: 1m 40s
Rendered 6268/14425, time remaining: 1m 41s
Rendered 6269/14425, time remaining: 1m 41s
Rendered 6270/14425, time remaining: 1m 40s
Rendered 6271/14425, time remaining: 1m 40s
Rendered 6272/14425, time remaining: 1m 41s
Rendered 6273/14425, time remaining: 1m 41s
Rendered 6274/14425, time remaining: 1m 40s
Rendered 6275/14425, time remaining: 1m 40s
Rendered 6276/14425, time remaining: 1m 41s
Rendered 6277/14425, time remaining: 1m 41s
Rendered 6278/14425, time remaining: 1m 39s
Rendered 6279/14425, time remaining: 1m 39s
Rendered 6280/14425, time remaining: 1m 40s
Rendered 6280/14425, time remaining: 1m 40s
Rendered 6281/14425, time remaining: 1m 41s
Rendered 6282/14425, time remaining: 1m 39s
Rendered 6283/14425, time remaining: 1m 39s
Rendered 6284/14425, time remaining: 1m 41s
Rendered 6285/14425, time remaining: 1m 41s
Rendered 6286/14425, time remaining: 1m 39s
Rendered 6287/14425, time remaining: 1m 39s
Rendered 6288/14425, time remaining: 1m 40s
Rendered 6289/14425, time remaining: 1m 40s
Rendered 6290/14425, time remaining: 1m 39s
Rendered 6291/14425, time remaining: 1m 39s
Rendered 6292/14425, time remaining: 1m 40s
Rendered 6293/14425, time remaining: 1m 40s
Rendered 6294/14425, time remaining: 1m 39s
Rendered 6295/14425, time remaining: 1m 39s
Rendered 6296/14425, time remaining: 1m 40s
Rendered 6297/14425, time remaining: 1m 40s
Rendered 6298/14425, time remaining: 1m 39s
Rendered 6299/14425, time remaining: 1m 39s
Rendered 6300/14425, time remaining: 1m 40s
Rendered 6301/14425, time remaining: 1m 40s
Rendered 6302/14425, time remaining: 1m 39s
Rendered 6303/14425, time remaining: 1m 39s
Rendered 6304/14425, time remaining: 1m 40s
Rendered 6305/14425, time remaining: 1m 40s
Rendered 6306/14425, time remaining: 1m 39s
Rendered 6307/14425, time remaining: 1m 39s
Rendered 6308/14425, time remaining: 1m 40s
Rendered 6309/14425, time remaining: 1m 40s
Rendered 6310/14425, time remaining: 1m 39s
Rendered 6311/14425, time remaining: 1m 39s
Rendered 6312/14425, time remaining: 1m 40s
Rendered 6313/14425, time remaining: 1m 40s
Rendered 6314/14425, time remaining: 1m 39s
Rendered 6315/14425, time remaining: 1m 39s
Rendered 6316/14425, time remaining: 1m 40s
Rendered 6317/14425, time remaining: 1m 40s
Rendered 6318/14425, time remaining: 1m 39s
Rendered 6319/14425, time remaining: 1m 39s
Rendered 6320/14425, time remaining: 1m 41s
Rendered 6320/14425, time remaining: 1m 41s
Rendered 6321/14425, time remaining: 1m 41s
Rendered 6322/14425, time remaining: 1m 39s
Rendered 6323/14425, time remaining: 1m 39s
Rendered 6324/14425, time remaining: 1m 41s
Rendered 6325/14425, time remaining: 1m 41s
Rendered 6326/14425, time remaining: 1m 39s
Rendered 6327/14425, time remaining: 1m 39s
Rendered 6328/14425, time remaining: 1m 41s
Rendered 6329/14425, time remaining: 1m 41s
Rendered 6330/14425, time remaining: 1m 39s
Rendered 6331/14425, time remaining: 1m 39s
Rendered 6332/14425, time remaining: 1m 41s
Rendered 6333/14425, time remaining: 1m 40s
Rendered 6334/14425, time remaining: 1m 39s
Rendered 6335/14425, time remaining: 1m 39s
Rendered 6336/14425, time remaining: 1m 40s
Rendered 6337/14425, time remaining: 1m 40s
Rendered 6338/14425, time remaining: 1m 39s
Rendered 6339/14425, time remaining: 1m 39s
Rendered 6340/14425, time remaining: 1m 40s
Rendered 6341/14425, time remaining: 1m 40s
Rendered 6342/14425, time remaining: 1m 39s
Rendered 6343/14425, time remaining: 1m 39s
Rendered 6344/14425, time remaining: 1m 40s
Rendered 6345/14425, time remaining: 1m 40s
Rendered 6346/14425, time remaining: 1m 39s
Rendered 6347/14425, time remaining: 1m 39s
Rendered 6348/14425, time remaining: 1m 40s
Rendered 6349/14425, time remaining: 1m 40s
Rendered 6350/14425, time remaining: 1m 39s
Rendered 6351/14425, time remaining: 1m 39s
Rendered 6352/14425, time remaining: 1m 40s
Rendered 6353/14425, time remaining: 1m 40s
Rendered 6354/14425, time remaining: 1m 39s
Rendered 6355/14425, time remaining: 1m 39s
Rendered 6356/14425, time remaining: 1m 40s
Rendered 6357/14425, time remaining: 1m 40s
Rendered 6358/14425, time remaining: 1m 39s
Rendered 6359/14425, time remaining: 1m 39s
Rendered 6360/14425, time remaining: 1m 40s
Rendered 6360/14425, time remaining: 1m 40s
Rendered 6361/14425, time remaining: 1m 40s
Rendered 6362/14425, time remaining: 1m 39s
Rendered 6363/14425, time remaining: 1m 39s
Rendered 6364/14425, time remaining: 1m 40s
Rendered 6365/14425, time remaining: 1m 40s
Rendered 6366/14425, time remaining: 1m 39s
Rendered 6367/14425, time remaining: 1m 39s
Rendered 6368/14425, time remaining: 1m 40s
Rendered 6369/14425, time remaining: 1m 40s
Rendered 6370/14425, time remaining: 1m 39s
Rendered 6371/14425, time remaining: 1m 39s
Rendered 6372/14425, time remaining: 1m 40s
Rendered 6373/14425, time remaining: 1m 40s
Rendered 6374/14425, time remaining: 1m 39s
Rendered 6375/14425, time remaining: 1m 39s
Rendered 6376/14425, time remaining: 1m 40s
Rendered 6377/14425, time remaining: 1m 40s
Rendered 6378/14425, time remaining: 1m 39s
Rendered 6379/14425, time remaining: 1m 39s
Rendered 6380/14425, time remaining: 1m 40s
Rendered 6381/14425, time remaining: 1m 40s
Rendered 6382/14425, time remaining: 1m 39s
Rendered 6383/14425, time remaining: 1m 39s
Rendered 6384/14425, time remaining: 1m 40s
Rendered 6385/14425, time remaining: 1m 40s
Rendered 6386/14425, time remaining: 1m 39s
Rendered 6387/14425, time remaining: 1m 39s
Rendered 6388/14425, time remaining: 1m 40s
Rendered 6389/14425, time remaining: 1m 40s
Rendered 6390/14425, time remaining: 1m 39s
Rendered 6391/14425, time remaining: 1m 39s
Rendered 6392/14425, time remaining: 1m 40s
Rendered 6393/14425, time remaining: 1m 40s
Rendered 6394/14425, time remaining: 1m 39s
Rendered 6395/14425, time remaining: 1m 39s
Rendered 6396/14425, time remaining: 1m 40s
Rendered 6397/14425, time remaining: 1m 40s
Rendered 6398/14425, time remaining: 1m 39s
Rendered 6399/14425, time remaining: 1m 39s
Rendered 6400/14425, time remaining: 1m 39s
Rendered 6401/14425, time remaining: 1m 39s
Rendered 6401/14425, time remaining: 1m 39s
Rendered 6402/14425, time remaining: 1m 39s
Rendered 6403/14425, time remaining: 1m 39s
Rendered 6404/14425, time remaining: 1m 39s
Rendered 6405/14425, time remaining: 1m 39s
Rendered 6406/14425, time remaining: 1m 38s
Rendered 6407/14425, time remaining: 1m 38s
Rendered 6408/14425, time remaining: 1m 38s
Rendered 6409/14425, time remaining: 1m 38s
Rendered 6410/14425, time remaining: 1m 38s
Rendered 6411/14425, time remaining: 1m 38s
Rendered 6412/14425, time remaining: 1m 38s
Rendered 6413/14425, time remaining: 1m 38s
Rendered 6414/14425, time remaining: 1m 38s
Rendered 6415/14425, time remaining: 1m 38s
Rendered 6416/14425, time remaining: 1m 38s
Rendered 6417/14425, time remaining: 1m 38s
Rendered 6418/14425, time remaining: 1m 38s
Rendered 6419/14425, time remaining: 1m 38s
Rendered 6420/14425, time remaining: 1m 38s
Rendered 6421/14425, time remaining: 1m 38s
Rendered 6422/14425, time remaining: 1m 39s
Rendered 6423/14425, time remaining: 1m 39s
Rendered 6424/14425, time remaining: 1m 38s
Rendered 6425/14425, time remaining: 1m 38s
Rendered 6426/14425, time remaining: 1m 39s
Rendered 6427/14425, time remaining: 1m 39s
Rendered 6428/14425, time remaining: 1m 39s
Rendered 6429/14425, time remaining: 1m 39s
Rendered 6430/14425, time remaining: 1m 39s
Rendered 6431/14425, time remaining: 1m 39s
Rendered 6432/14425, time remaining: 1m 39s
Rendered 6433/14425, time remaining: 1m 39s
Rendered 6434/14425, time remaining: 1m 39s
Rendered 6435/14425, time remaining: 1m 39s
Rendered 6436/14425, time remaining: 1m 39s
Rendered 6437/14425, time remaining: 1m 38s
Rendered 6438/14425, time remaining: 1m 38s
Rendered 6439/14425, time remaining: 1m 38s
Rendered 6440/14425, time remaining: 1m 38s
Rendered 6441/14425, time remaining: 1m 38s
Rendered 6441/14425, time remaining: 1m 38s
Rendered 6442/14425, time remaining: 1m 38s
Rendered 6443/14425, time remaining: 1m 38s
Rendered 6444/14425, time remaining: 1m 38s
Rendered 6445/14425, time remaining: 1m 38s
Rendered 6446/14425, time remaining: 1m 38s
Rendered 6447/14425, time remaining: 1m 38s
Rendered 6448/14425, time remaining: 1m 38s
Rendered 6449/14425, time remaining: 1m 38s
Rendered 6450/14425, time remaining: 1m 38s
Rendered 6451/14425, time remaining: 1m 38s
Rendered 6452/14425, time remaining: 1m 38s
Rendered 6453/14425, time remaining: 1m 38s
Rendered 6454/14425, time remaining: 1m 38s
Rendered 6455/14425, time remaining: 1m 38s
Rendered 6456/14425, time remaining: 1m 38s
Rendered 6457/14425, time remaining: 1m 38s
Rendered 6458/14425, time remaining: 1m 38s
Rendered 6459/14425, time remaining: 1m 38s
Rendered 6460/14425, time remaining: 1m 38s
Rendered 6461/14425, time remaining: 1m 38s
Rendered 6462/14425, time remaining: 1m 38s
Rendered 6463/14425, time remaining: 1m 38s
Rendered 6464/14425, time remaining: 1m 38s
Rendered 6465/14425, time remaining: 1m 38s
Rendered 6466/14425, time remaining: 1m 38s
Rendered 6467/14425, time remaining: 1m 39s
Rendered 6468/14425, time remaining: 1m 39s
Rendered 6469/14425, time remaining: 1m 39s
Rendered 6470/14425, time remaining: 1m 38s
Rendered 6471/14425, time remaining: 1m 38s
Rendered 6472/14425, time remaining: 1m 38s
Rendered 6473/14425, time remaining: 1m 38s
Rendered 6474/14425, time remaining: 1m 37s
Rendered 6475/14425, time remaining: 1m 38s
Rendered 6476/14425, time remaining: 1m 38s
Rendered 6477/14425, time remaining: 1m 38s
Rendered 6478/14425, time remaining: 1m 37s
Rendered 6479/14425, time remaining: 1m 38s
Rendered 6480/14425, time remaining: 1m 38s
Rendered 6481/14425, time remaining: 1m 38s
Rendered 6482/14425, time remaining: 1m 37s
Rendered 6482/14425, time remaining: 1m 37s
Rendered 6483/14425, time remaining: 1m 38s
Rendered 6484/14425, time remaining: 1m 38s
Rendered 6485/14425, time remaining: 1m 38s
Rendered 6486/14425, time remaining: 1m 37s
Rendered 6487/14425, time remaining: 1m 38s
Rendered 6488/14425, time remaining: 1m 38s
Rendered 6489/14425, time remaining: 1m 38s
Rendered 6490/14425, time remaining: 1m 37s
Rendered 6491/14425, time remaining: 1m 38s
Rendered 6492/14425, time remaining: 1m 38s
Rendered 6493/14425, time remaining: 1m 38s
Rendered 6494/14425, time remaining: 1m 37s
Rendered 6495/14425, time remaining: 1m 38s
Rendered 6496/14425, time remaining: 1m 38s
Rendered 6497/14425, time remaining: 1m 38s
Rendered 6498/14425, time remaining: 1m 37s
Rendered 6499/14425, time remaining: 1m 38s
Rendered 6500/14425, time remaining: 1m 38s
Rendered 6501/14425, time remaining: 1m 38s
Rendered 6502/14425, time remaining: 1m 37s
Rendered 6503/14425, time remaining: 1m 38s
Rendered 6504/14425, time remaining: 1m 38s
Rendered 6505/14425, time remaining: 1m 38s
Rendered 6506/14425, time remaining: 1m 37s
Rendered 6507/14425, time remaining: 1m 38s
Rendered 6508/14425, time remaining: 1m 38s
Rendered 6509/14425, time remaining: 1m 38s
Rendered 6510/14425, time remaining: 1m 36s
Rendered 6511/14425, time remaining: 1m 38s
Rendered 6512/14425, time remaining: 1m 38s
Rendered 6513/14425, time remaining: 1m 38s
Rendered 6514/14425, time remaining: 1m 36s
Rendered 6515/14425, time remaining: 1m 37s
Rendered 6516/14425, time remaining: 1m 37s
Rendered 6517/14425, time remaining: 1m 37s
Rendered 6518/14425, time remaining: 1m 36s
Rendered 6519/14425, time remaining: 1m 37s
Rendered 6520/14425, time remaining: 1m 37s
Rendered 6521/14425, time remaining: 1m 37s
Rendered 6522/14425, time remaining: 1m 35s
Rendered 6523/14425, time remaining: 1m 36s
Rendered 6524/14425, time remaining: 1m 36s
Rendered 6525/14425, time remaining: 1m 36s
Rendered 6526/14425, time remaining: 1m 35s
Rendered 6526/14425, time remaining: 1m 35s
Rendered 6527/14425, time remaining: 1m 36s
Rendered 6528/14425, time remaining: 1m 35s
Rendered 6529/14425, time remaining: 1m 35s
Rendered 6530/14425, time remaining: 1m 34s
Rendered 6531/14425, time remaining: 1m 35s
Rendered 6532/14425, time remaining: 1m 35s
Rendered 6533/14425, time remaining: 1m 35s
Rendered 6534/14425, time remaining: 1m 34s
Rendered 6535/14425, time remaining: 1m 35s
Rendered 6536/14425, time remaining: 1m 34s
Rendered 6537/14425, time remaining: 1m 35s
Rendered 6538/14425, time remaining: 1m 33s
Rendered 6539/14425, time remaining: 1m 34s
Rendered 6540/14425, time remaining: 1m 34s
Rendered 6541/14425, time remaining: 1m 34s
Rendered 6542/14425, time remaining: 1m 32s
Rendered 6543/14425, time remaining: 1m 33s
Rendered 6544/14425, time remaining: 1m 33s
Rendered 6545/14425, time remaining: 1m 33s
Rendered 6546/14425, time remaining: 1m 32s
Rendered 6547/14425, time remaining: 1m 32s
Rendered 6548/14425, time remaining: 1m 32s
Rendered 6549/14425, time remaining: 1m 32s
Rendered 6550/14425, time remaining: 1m 32s
Rendered 6551/14425, time remaining: 1m 33s
Rendered 6552/14425, time remaining: 1m 32s
Rendered 6553/14425, time remaining: 1m 32s
Rendered 6554/14425, time remaining: 1m 32s
Rendered 6555/14425, time remaining: 1m 33s
Rendered 6556/14425, time remaining: 1m 32s
Rendered 6557/14425, time remaining: 1m 32s
Rendered 6558/14425, time remaining: 1m 32s
Rendered 6559/14425, time remaining: 1m 33s
Rendered 6560/14425, time remaining: 1m 32s
Rendered 6561/14425, time remaining: 1m 31s
Rendered 6562/14425, time remaining: 1m 31s
Rendered 6563/14425, time remaining: 1m 32s
Rendered 6564/14425, time remaining: 1m 31s
Rendered 6565/14425, time remaining: 1m 31s
Rendered 6566/14425, time remaining: 1m 31s
Rendered 6567/14425, time remaining: 1m 32s
Rendered 6568/14425, time remaining: 1m 31s
Rendered 6569/14425, time remaining: 1m 30s
Rendered 6570/14425, time remaining: 1m 30s
Rendered 6571/14425, time remaining: 1m 31s
Rendered 6572/14425, time remaining: 1m 30s
Rendered 6573/14425, time remaining: 1m 30s
Rendered 6574/14425, time remaining: 1m 30s
Rendered 6574/14425, time remaining: 1m 30s
Rendered 6575/14425, time remaining: 1m 31s
Rendered 6576/14425, time remaining: 1m 29s
Rendered 6577/14425, time remaining: 1m 29s
Rendered 6578/14425, time remaining: 1m 29s
Rendered 6579/14425, time remaining: 1m 30s
Rendered 6580/14425, time remaining: 1m 29s
Rendered 6581/14425, time remaining: 1m 29s
Rendered 6582/14425, time remaining: 1m 29s
Rendered 6583/14425, time remaining: 1m 30s
Rendered 6584/14425, time remaining: 1m 28s
Rendered 6585/14425, time remaining: 1m 28s
Rendered 6586/14425, time remaining: 1m 28s
Rendered 6587/14425, time remaining: 1m 29s
Rendered 6588/14425, time remaining: 1m 28s
Rendered 6589/14425, time remaining: 1m 28s
Rendered 6590/14425, time remaining: 1m 28s
Rendered 6591/14425, time remaining: 1m 29s
Rendered 6592/14425, time remaining: 1m 28s
Rendered 6593/14425, time remaining: 1m 28s
Rendered 6594/14425, time remaining: 1m 27s
Rendered 6595/14425, time remaining: 1m 28s
Rendered 6596/14425, time remaining: 1m 27s
Rendered 6597/14425, time remaining: 1m 27s
Rendered 6598/14425, time remaining: 1m 27s
Rendered 6599/14425, time remaining: 1m 28s
Rendered 6600/14425, time remaining: 1m 27s
Rendered 6601/14425, time remaining: 1m 27s
Rendered 6602/14425, time remaining: 1m 27s
Rendered 6603/14425, time remaining: 1m 27s
Rendered 6604/14425, time remaining: 1m 26s
Rendered 6605/14425, time remaining: 1m 26s
Rendered 6606/14425, time remaining: 1m 26s
Rendered 6607/14425, time remaining: 1m 27s
Rendered 6608/14425, time remaining: 1m 26s
Rendered 6609/14425, time remaining: 1m 26s
Rendered 6610/14425, time remaining: 1m 26s
Rendered 6611/14425, time remaining: 1m 26s
Rendered 6612/14425, time remaining: 1m 25s
Rendered 6613/14425, time remaining: 1m 25s
Rendered 6614/14425, time remaining: 1m 25s
Rendered 6615/14425, time remaining: 1m 26s
Rendered 6616/14425, time remaining: 1m 25s
Rendered 6617/14425, time remaining: 1m 24s
Rendered 6618/14425, time remaining: 1m 24s
Rendered 6619/14425, time remaining: 1m 25s
Rendered 6620/14425, time remaining: 1m 25s
Rendered 6621/14425, time remaining: 1m 24s
Rendered 6622/14425, time remaining: 1m 24s
Rendered 6622/14425, time remaining: 1m 24s
Rendered 6623/14425, time remaining: 1m 25s
Rendered 6624/14425, time remaining: 1m 25s
Rendered 6625/14425, time remaining: 1m 24s
Rendered 6626/14425, time remaining: 1m 24s
Rendered 6627/14425, time remaining: 1m 24s
Rendered 6628/14425, time remaining: 1m 24s
Rendered 6629/14425, time remaining: 1m 23s
Rendered 6630/14425, time remaining: 1m 23s
Rendered 6631/14425, time remaining: 1m 24s
Rendered 6632/14425, time remaining: 1m 24s
Rendered 6633/14425, time remaining: 1m 23s
Rendered 6634/14425, time remaining: 1m 23s
Rendered 6635/14425, time remaining: 1m 23s
Rendered 6636/14425, time remaining: 1m 23s
Rendered 6637/14425, time remaining: 1m 22s
Rendered 6638/14425, time remaining: 1m 22s
Rendered 6639/14425, time remaining: 1m 23s
Rendered 6640/14425, time remaining: 1m 23s
Rendered 6641/14425, time remaining: 1m 21s
Rendered 6642/14425, time remaining: 1m 21s
Rendered 6643/14425, time remaining: 1m 22s
Rendered 6644/14425, time remaining: 1m 22s
Rendered 6645/14425, time remaining: 1m 21s
Rendered 6646/14425, time remaining: 1m 21s
Rendered 6647/14425, time remaining: 1m 22s
Rendered 6648/14425, time remaining: 1m 22s
Rendered 6649/14425, time remaining: 1m 21s
Rendered 6650/14425, time remaining: 1m 21s
Rendered 6651/14425, time remaining: 1m 22s
Rendered 6652/14425, time remaining: 1m 21s
Rendered 6653/14425, time remaining: 1m 20s
Rendered 6654/14425, time remaining: 1m 20s
Rendered 6655/14425, time remaining: 1m 21s
Rendered 6656/14425, time remaining: 1m 21s
Rendered 6657/14425, time remaining: 1m 20s
Rendered 6658/14425, time remaining: 1m 20s
Rendered 6659/14425, time remaining: 1m 21s
Rendered 6660/14425, time remaining: 1m 21s
Rendered 6661/14425, time remaining: 1m 19s
Rendered 6662/14425, time remaining: 1m 19s
Rendered 6663/14425, time remaining: 1m 20s
Rendered 6664/14425, time remaining: 1m 20s
Rendered 6665/14425, time remaining: 1m 19s
Rendered 6666/14425, time remaining: 1m 19s
Rendered 6667/14425, time remaining: 1m 20s
Rendered 6668/14425, time remaining: 1m 20s
Rendered 6669/14425, time remaining: 1m 19s
Rendered 6670/14425, time remaining: 1m 19s
Rendered 6671/14425, time remaining: 1m 20s
Rendered 6671/14425, time remaining: 1m 20s
Rendered 6672/14425, time remaining: 1m 20s
Rendered 6673/14425, time remaining: 1m 19s
Rendered 6674/14425, time remaining: 1m 19s
Rendered 6675/14425, time remaining: 1m 20s
Rendered 6676/14425, time remaining: 1m 20s
Rendered 6677/14425, time remaining: 1m 19s
Rendered 6678/14425, time remaining: 1m 19s
Rendered 6679/14425, time remaining: 1m 20s
Rendered 6680/14425, time remaining: 1m 20s
Rendered 6681/14425, time remaining: 1m 19s
Rendered 6682/14425, time remaining: 1m 19s
Rendered 6683/14425, time remaining: 1m 20s
Rendered 6684/14425, time remaining: 1m 20s
Rendered 6685/14425, time remaining: 1m 19s
Rendered 6686/14425, time remaining: 1m 19s
Rendered 6687/14425, time remaining: 1m 20s
Rendered 6688/14425, time remaining: 1m 20s
Rendered 6689/14425, time remaining: 1m 19s
Rendered 6690/14425, time remaining: 1m 19s
Rendered 6691/14425, time remaining: 1m 20s
Rendered 6692/14425, time remaining: 1m 20s
Rendered 6693/14425, time remaining: 1m 20s
Rendered 6694/14425, time remaining: 1m 20s
Rendered 6695/14425, time remaining: 1m 20s
Rendered 6696/14425, time remaining: 1m 20s
Rendered 6697/14425, time remaining: 1m 20s
Rendered 6698/14425, time remaining: 1m 20s
Rendered 6699/14425, time remaining: 1m 21s
Rendered 6700/14425, time remaining: 1m 21s
Rendered 6701/14425, time remaining: 1m 19s
Rendered 6702/14425, time remaining: 1m 19s
Rendered 6703/14425, time remaining: 1m 20s
Rendered 6704/14425, time remaining: 1m 20s
Rendered 6705/14425, time remaining: 1m 19s
Rendered 6706/14425, time remaining: 1m 19s
Rendered 6707/14425, time remaining: 1m 20s
Rendered 6708/14425, time remaining: 1m 20s
Rendered 6709/14425, time remaining: 1m 19s
Rendered 6710/14425, time remaining: 1m 19s
Rendered 6711/14425, time remaining: 1m 20s
Rendered 6712/14425, time remaining: 1m 20s
Rendered 6713/14425, time remaining: 1m 19s
Rendered 6714/14425, time remaining: 1m 19s
Rendered 6715/14425, time remaining: 1m 20s
Rendered 6716/14425, time remaining: 1m 20s
Rendered 6717/14425, time remaining: 1m 19s
Rendered 6718/14425, time remaining: 1m 19s
Rendered 6719/14425, time remaining: 1m 20s
Rendered 6720/14425, time remaining: 1m 20s
Rendered 6721/14425, time remaining: 1m 19s
Rendered 6721/14425, time remaining: 1m 19s
Rendered 6722/14425, time remaining: 1m 19s
Rendered 6723/14425, time remaining: 1m 20s
Rendered 6724/14425, time remaining: 1m 20s
Rendered 6725/14425, time remaining: 1m 19s
Rendered 6726/14425, time remaining: 1m 19s
Rendered 6727/14425, time remaining: 1m 20s
Rendered 6728/14425, time remaining: 1m 20s
Rendered 6729/14425, time remaining: 1m 19s
Rendered 6730/14425, time remaining: 1m 19s
Rendered 6731/14425, time remaining: 1m 20s
Rendered 6732/14425, time remaining: 1m 20s
Rendered 6733/14425, time remaining: 1m 19s
Rendered 6734/14425, time remaining: 1m 19s
Rendered 6735/14425, time remaining: 1m 20s
Rendered 6736/14425, time remaining: 1m 20s
Rendered 6737/14425, time remaining: 1m 19s
Rendered 6738/14425, time remaining: 1m 19s
Rendered 6739/14425, time remaining: 1m 20s
Rendered 6740/14425, time remaining: 1m 20s
Rendered 6741/14425, time remaining: 1m 19s
Rendered 6742/14425, time remaining: 1m 19s
Rendered 6743/14425, time remaining: 1m 20s
Rendered 6744/14425, time remaining: 1m 20s
Rendered 6745/14425, time remaining: 1m 19s
Rendered 6746/14425, time remaining: 1m 19s
Rendered 6747/14425, time remaining: 1m 20s
Rendered 6748/14425, time remaining: 1m 19s
Rendered 6749/14425, time remaining: 1m 18s
Rendered 6750/14425, time remaining: 1m 18s
Rendered 6751/14425, time remaining: 1m 19s
Rendered 6752/14425, time remaining: 1m 19s
Rendered 6753/14425, time remaining: 1m 18s
Rendered 6754/14425, time remaining: 1m 18s
Rendered 6755/14425, time remaining: 1m 19s
Rendered 6756/14425, time remaining: 1m 19s
Rendered 6757/14425, time remaining: 1m 18s
Rendered 6758/14425, time remaining: 1m 18s
Rendered 6759/14425, time remaining: 1m 19s
Rendered 6760/14425, time remaining: 1m 19s
Rendered 6761/14425, time remaining: 1m 18s
Rendered 6762/14425, time remaining: 1m 18s
Rendered 6763/14425, time remaining: 1m 19s
Rendered 6764/14425, time remaining: 1m 19s
Rendered 6765/14425, time remaining: 1m 18s
Rendered 6766/14425, time remaining: 1m 18s
Rendered 6767/14425, time remaining: 1m 19s
Rendered 6768/14425, time remaining: 1m 19s
Rendered 6769/14425, time remaining: 1m 18s
Rendered 6769/14425, time remaining: 1m 18s
Rendered 6770/14425, time remaining: 1m 18s
Rendered 6771/14425, time remaining: 1m 19s
Rendered 6772/14425, time remaining: 1m 19s
Rendered 6773/14425, time remaining: 1m 18s
Rendered 6774/14425, time remaining: 1m 18s
Rendered 6775/14425, time remaining: 1m 19s
Rendered 6776/14425, time remaining: 1m 19s
Rendered 6777/14425, time remaining: 1m 18s
Rendered 6778/14425, time remaining: 1m 18s
Rendered 6779/14425, time remaining: 1m 19s
Rendered 6780/14425, time remaining: 1m 19s
Rendered 6781/14425, time remaining: 1m 18s
Rendered 6782/14425, time remaining: 1m 18s
Rendered 6783/14425, time remaining: 1m 19s
Rendered 6784/14425, time remaining: 1m 19s
Rendered 6785/14425, time remaining: 1m 18s
Rendered 6786/14425, time remaining: 1m 18s
Rendered 6787/14425, time remaining: 1m 19s
Rendered 6788/14425, time remaining: 1m 19s
Rendered 6789/14425, time remaining: 1m 18s
Rendered 6790/14425, time remaining: 1m 18s
Rendered 6791/14425, time remaining: 1m 19s
Rendered 6792/14425, time remaining: 1m 19s
Rendered 6793/14425, time remaining: 1m 18s
Rendered 6794/14425, time remaining: 1m 18s
Rendered 6795/14425, time remaining: 1m 19s
Rendered 6796/14425, time remaining: 1m 19s
Rendered 6797/14425, time remaining: 1m 18s
Rendered 6798/14425, time remaining: 1m 18s
Rendered 6799/14425, time remaining: 1m 19s
Rendered 6800/14425, time remaining: 1m 19s
Rendered 6801/14425, time remaining: 1m 18s
Rendered 6802/14425, time remaining: 1m 18s
Rendered 6803/14425, time remaining: 1m 19s
Rendered 6804/14425, time remaining: 1m 19s
Rendered 6805/14425, time remaining: 1m 18s
Rendered 6806/14425, time remaining: 1m 18s
Rendered 6807/14425, time remaining: 1m 19s
Rendered 6808/14425, time remaining: 1m 19s
Rendered 6809/14425, time remaining: 1m 18s
Rendered 6810/14425, time remaining: 1m 18s
Rendered 6811/14425, time remaining: 1m 19s
Rendered 6812/14425, time remaining: 1m 19s
Rendered 6813/14425, time remaining: 1m 18s
Rendered 6814/14425, time remaining: 1m 18s
Rendered 6815/14425, time remaining: 1m 19s
Rendered 6816/14425, time remaining: 1m 19s
Rendered 6817/14425, time remaining: 1m 18s
Rendered 6818/14425, time remaining: 1m 18s
Rendered 6818/14425, time remaining: 1m 18s
Rendered 6819/14425, time remaining: 1m 19s
Rendered 6820/14425, time remaining: 1m 19s
Rendered 6821/14425, time remaining: 1m 18s
Rendered 6822/14425, time remaining: 1m 18s
Rendered 6823/14425, time remaining: 1m 19s
Rendered 6824/14425, time remaining: 1m 19s
Rendered 6825/14425, time remaining: 1m 18s
Rendered 6826/14425, time remaining: 1m 18s
Rendered 6827/14425, time remaining: 1m 19s
Rendered 6828/14425, time remaining: 1m 19s
Rendered 6829/14425, time remaining: 1m 17s
Rendered 6830/14425, time remaining: 1m 17s
Rendered 6831/14425, time remaining: 1m 18s
Rendered 6832/14425, time remaining: 1m 18s
Rendered 6833/14425, time remaining: 1m 17s
Rendered 6834/14425, time remaining: 1m 17s
Rendered 6835/14425, time remaining: 1m 17s
Rendered 6836/14425, time remaining: 1m 18s
Rendered 6837/14425, time remaining: 1m 17s
Rendered 6838/14425, time remaining: 1m 17s
Rendered 6839/14425, time remaining: 1m 17s
Rendered 6840/14425, time remaining: 1m 18s
Rendered 6841/14425, time remaining: 1m 17s
Rendered 6842/14425, time remaining: 1m 17s
Rendered 6843/14425, time remaining: 1m 17s
Rendered 6844/14425, time remaining: 1m 17s
Rendered 6845/14425, time remaining: 1m 16s
Rendered 6846/14425, time remaining: 1m 16s
Rendered 6847/14425, time remaining: 1m 16s
Rendered 6848/14425, time remaining: 1m 17s
Rendered 6849/14425, time remaining: 1m 16s
Rendered 6850/14425, time remaining: 1m 16s
Rendered 6851/14425, time remaining: 1m 16s
Rendered 6852/14425, time remaining: 1m 16s
Rendered 6853/14425, time remaining: 1m 16s
Rendered 6854/14425, time remaining: 1m 16s
Rendered 6855/14425, time remaining: 1m 16s
Rendered 6856/14425, time remaining: 1m 16s
Rendered 6857/14425, time remaining: 1m 15s
Rendered 6858/14425, time remaining: 1m 15s
Rendered 6859/14425, time remaining: 1m 15s
Rendered 6860/14425, time remaining: 1m 16s
Rendered 6861/14425, time remaining: 1m 16s
Rendered 6862/14425, time remaining: 1m 16s
Rendered 6863/14425, time remaining: 1m 16s
Rendered 6864/14425, time remaining: 1m 17s
Rendered 6865/14425, time remaining: 1m 16s
Rendered 6866/14425, time remaining: 1m 16s
Rendered 6867/14425, time remaining: 1m 16s
Rendered 6868/14425, time remaining: 1m 17s
Rendered 6869/14425, time remaining: 1m 16s
Rendered 6869/14425, time remaining: 1m 16s
Rendered 6870/14425, time remaining: 1m 16s
Rendered 6871/14425, time remaining: 1m 16s
Rendered 6872/14425, time remaining: 1m 17s
Rendered 6873/14425, time remaining: 1m 16s
Rendered 6874/14425, time remaining: 1m 16s
Rendered 6875/14425, time remaining: 1m 16s
Rendered 6876/14425, time remaining: 1m 17s
Rendered 6877/14425, time remaining: 1m 16s
Rendered 6878/14425, time remaining: 1m 16s
Rendered 6879/14425, time remaining: 1m 16s
Rendered 6880/14425, time remaining: 1m 17s
Rendered 6881/14425, time remaining: 1m 16s
Rendered 6882/14425, time remaining: 1m 16s
Rendered 6883/14425, time remaining: 1m 16s
Rendered 6884/14425, time remaining: 1m 16s
Rendered 6885/14425, time remaining: 1m 15s
Rendered 6886/14425, time remaining: 1m 15s
Rendered 6887/14425, time remaining: 1m 15s
Rendered 6888/14425, time remaining: 1m 16s
Rendered 6889/14425, time remaining: 1m 15s
Rendered 6890/14425, time remaining: 1m 15s
Rendered 6891/14425, time remaining: 1m 15s
Rendered 6892/14425, time remaining: 1m 16s
Rendered 6893/14425, time remaining: 1m 15s
Rendered 6894/14425, time remaining: 1m 15s
Rendered 6895/14425, time remaining: 1m 15s
Rendered 6896/14425, time remaining: 1m 16s
Rendered 6897/14425, time remaining: 1m 15s
Rendered 6898/14425, time remaining: 1m 15s
Rendered 6899/14425, time remaining: 1m 15s
Rendered 6900/14425, time remaining: 1m 16s
Rendered 6901/14425, time remaining: 1m 15s
Rendered 6902/14425, time remaining: 1m 15s
Rendered 6903/14425, time remaining: 1m 15s
Rendered 6904/14425, time remaining: 1m 16s
Rendered 6905/14425, time remaining: 1m 15s
Rendered 6906/14425, time remaining: 1m 15s
Rendered 6907/14425, time remaining: 1m 15s
Rendered 6908/14425, time remaining: 1m 16s
Rendered 6909/14425, time remaining: 1m 15s
Rendered 6910/14425, time remaining: 1m 15s
Rendered 6911/14425, time remaining: 1m 15s
Rendered 6912/14425, time remaining: 1m 16s
Rendered 6913/14425, time remaining: 1m 15s
Rendered 6914/14425, time remaining: 1m 15s
Rendered 6915/14425, time remaining: 1m 15s
Rendered 6916/14425, time remaining: 1m 16s
Rendered 6917/14425, time remaining: 1m 15s
Rendered 6918/14425, time remaining: 1m 15s
Rendered 6919/14425, time remaining: 1m 15s
Rendered 6919/14425, time remaining: 1m 15s
Rendered 6920/14425, time remaining: 1m 16s
Rendered 6921/14425, time remaining: 1m 15s
Rendered 6922/14425, time remaining: 1m 15s
Rendered 6923/14425, time remaining: 1m 15s
Rendered 6924/14425, time remaining: 1m 16s
Rendered 6925/14425, time remaining: 1m 15s
Rendered 6926/14425, time remaining: 1m 15s
Rendered 6927/14425, time remaining: 1m 15s
Rendered 6928/14425, time remaining: 1m 16s
Rendered 6929/14425, time remaining: 1m 15s
Rendered 6930/14425, time remaining: 1m 15s
Rendered 6931/14425, time remaining: 1m 15s
Rendered 6932/14425, time remaining: 1m 16s
Rendered 6933/14425, time remaining: 1m 15s
Rendered 6934/14425, time remaining: 1m 15s
Rendered 6935/14425, time remaining: 1m 15s
Rendered 6936/14425, time remaining: 1m 16s
Rendered 6937/14425, time remaining: 1m 15s
Rendered 6938/14425, time remaining: 1m 15s
Rendered 6939/14425, time remaining: 1m 15s
Rendered 6940/14425, time remaining: 1m 16s
Rendered 6941/14425, time remaining: 1m 15s
Rendered 6942/14425, time remaining: 1m 15s
Rendered 6943/14425, time remaining: 1m 15s
Rendered 6944/14425, time remaining: 1m 16s
Rendered 6945/14425, time remaining: 1m 15s
Rendered 6946/14425, time remaining: 1m 15s
Rendered 6947/14425, time remaining: 1m 14s
Rendered 6948/14425, time remaining: 1m 15s
Rendered 6949/14425, time remaining: 1m 14s
Rendered 6950/14425, time remaining: 1m 14s
Rendered 6951/14425, time remaining: 1m 14s
Rendered 6952/14425, time remaining: 1m 15s
Rendered 6953/14425, time remaining: 1m 14s
Rendered 6954/14425, time remaining: 1m 14s
Rendered 6955/14425, time remaining: 1m 14s
Rendered 6956/14425, time remaining: 1m 15s
Rendered 6957/14425, time remaining: 1m 14s
Rendered 6958/14425, time remaining: 1m 14s
Rendered 6959/14425, time remaining: 1m 14s
Rendered 6960/14425, time remaining: 1m 15s
Rendered 6961/14425, time remaining: 1m 14s
Rendered 6962/14425, time remaining: 1m 15s
Rendered 6963/14425, time remaining: 1m 15s
Rendered 6964/14425, time remaining: 1m 15s
Rendered 6965/14425, time remaining: 1m 14s
Rendered 6966/14425, time remaining: 1m 14s
Rendered 6967/14425, time remaining: 1m 14s
Rendered 6967/14425, time remaining: 1m 14s
Rendered 6968/14425, time remaining: 1m 15s
Rendered 6969/14425, time remaining: 1m 14s
Rendered 6970/14425, time remaining: 1m 14s
Rendered 6971/14425, time remaining: 1m 14s
Rendered 6972/14425, time remaining: 1m 15s
Rendered 6973/14425, time remaining: 1m 14s
Rendered 6974/14425, time remaining: 1m 14s
Rendered 6975/14425, time remaining: 1m 14s
Rendered 6976/14425, time remaining: 1m 15s
Rendered 6977/14425, time remaining: 1m 14s
Rendered 6978/14425, time remaining: 1m 14s
Rendered 6979/14425, time remaining: 1m 14s
Rendered 6980/14425, time remaining: 1m 15s
Rendered 6981/14425, time remaining: 1m 15s
Rendered 6982/14425, time remaining: 1m 14s
Rendered 6983/14425, time remaining: 1m 14s
Rendered 6984/14425, time remaining: 1m 15s
Rendered 6985/14425, time remaining: 1m 15s
Rendered 6986/14425, time remaining: 1m 15s
Rendered 6987/14425, time remaining: 1m 15s
Rendered 6988/14425, time remaining: 1m 16s
Rendered 6989/14425, time remaining: 1m 15s
Rendered 6990/14425, time remaining: 1m 15s
Rendered 6991/14425, time remaining: 1m 15s
Rendered 6992/14425, time remaining: 1m 16s
Rendered 6993/14425, time remaining: 1m 16s
Rendered 6994/14425, time remaining: 1m 16s
Rendered 6995/14425, time remaining: 1m 15s
Rendered 6996/14425, time remaining: 1m 16s
Rendered 6997/14425, time remaining: 1m 16s
Rendered 6998/14425, time remaining: 1m 16s
Rendered 6999/14425, time remaining: 1m 16s
Rendered 7000/14425, time remaining: 1m 17s
Rendered 7001/14425, time remaining: 1m 17s
Rendered 7002/14425, time remaining: 1m 16s
Rendered 7003/14425, time remaining: 1m 16s
Rendered 7004/14425, time remaining: 1m 17s
Rendered 7005/14425, time remaining: 1m 17s
Rendered 7006/14425, time remaining: 1m 16s
Rendered 7007/14425, time remaining: 1m 16s
Rendered 7008/14425, time remaining: 1m 17s
Rendered 7009/14425, time remaining: 1m 17s
Rendered 7010/14425, time remaining: 1m 16s
Rendered 7011/14425, time remaining: 1m 16s
Rendered 7012/14425, time remaining: 1m 17s
Rendered 7013/14425, time remaining: 1m 17s
Rendered 7014/14425, time remaining: 1m 16s
Rendered 7015/14425, time remaining: 1m 16s
Rendered 7015/14425, time remaining: 1m 16s
Rendered 7016/14425, time remaining: 1m 17s
Rendered 7017/14425, time remaining: 1m 17s
Rendered 7018/14425, time remaining: 1m 16s
Rendered 7019/14425, time remaining: 1m 16s
Rendered 7020/14425, time remaining: 1m 17s
Rendered 7021/14425, time remaining: 1m 17s
Rendered 7022/14425, time remaining: 1m 16s
Rendered 7023/14425, time remaining: 1m 16s
Rendered 7024/14425, time remaining: 1m 17s
Rendered 7025/14425, time remaining: 1m 17s
Rendered 7026/14425, time remaining: 1m 16s
Rendered 7027/14425, time remaining: 1m 16s
Rendered 7028/14425, time remaining: 1m 17s
Rendered 7029/14425, time remaining: 1m 17s
Rendered 7030/14425, time remaining: 1m 16s
Rendered 7031/14425, time remaining: 1m 16s
Rendered 7032/14425, time remaining: 1m 17s
Rendered 7033/14425, time remaining: 1m 16s
Rendered 7034/14425, time remaining: 1m 16s
Rendered 7035/14425, time remaining: 1m 16s
Rendered 7036/14425, time remaining: 1m 17s
Rendered 7037/14425, time remaining: 1m 17s
Rendered 7038/14425, time remaining: 1m 16s
Rendered 7039/14425, time remaining: 1m 16s
Rendered 7040/14425, time remaining: 1m 17s
Rendered 7041/14425, time remaining: 1m 17s
Rendered 7042/14425, time remaining: 1m 16s
Rendered 7043/14425, time remaining: 1m 16s
Rendered 7044/14425, time remaining: 1m 17s
Rendered 7045/14425, time remaining: 1m 17s
Rendered 7046/14425, time remaining: 1m 16s
Rendered 7047/14425, time remaining: 1m 16s
Rendered 7048/14425, time remaining: 1m 17s
Rendered 7049/14425, time remaining: 1m 17s
Rendered 7050/14425, time remaining: 1m 16s
Rendered 7051/14425, time remaining: 1m 16s
Rendered 7052/14425, time remaining: 1m 17s
Rendered 7053/14425, time remaining: 1m 17s
Rendered 7054/14425, time remaining: 1m 16s
Rendered 7055/14425, time remaining: 1m 16s
Rendered 7056/14425, time remaining: 1m 17s
Rendered 7057/14425, time remaining: 1m 17s
Rendered 7058/14425, time remaining: 1m 16s
Rendered 7059/14425, time remaining: 1m 16s
Rendered 7060/14425, time remaining: 1m 17s
Rendered 7061/14425, time remaining: 1m 17s
Rendered 7062/14425, time remaining: 1m 16s
Rendered 7063/14425, time remaining: 1m 16s
Rendered 7063/14425, time remaining: 1m 16s
Rendered 7064/14425, time remaining: 1m 17s
Rendered 7065/14425, time remaining: 1m 16s
Rendered 7066/14425, time remaining: 1m 16s
Rendered 7067/14425, time remaining: 1m 16s
Rendered 7068/14425, time remaining: 1m 17s
Rendered 7069/14425, time remaining: 1m 16s
Rendered 7070/14425, time remaining: 1m 16s
Rendered 7071/14425, time remaining: 1m 16s
Rendered 7072/14425, time remaining: 1m 17s
Rendered 7073/14425, time remaining: 1m 17s
Rendered 7074/14425, time remaining: 1m 16s
Rendered 7075/14425, time remaining: 1m 16s
Rendered 7076/14425, time remaining: 1m 17s
Rendered 7077/14425, time remaining: 1m 17s
Rendered 7078/14425, time remaining: 1m 16s
Rendered 7079/14425, time remaining: 1m 16s
Rendered 7080/14425, time remaining: 1m 17s
Rendered 7081/14425, time remaining: 1m 17s
Rendered 7082/14425, time remaining: 1m 16s
Rendered 7083/14425, time remaining: 1m 16s
Rendered 7084/14425, time remaining: 1m 17s
Rendered 7085/14425, time remaining: 1m 17s
Rendered 7086/14425, time remaining: 1m 16s
Rendered 7087/14425, time remaining: 1m 16s
Rendered 7088/14425, time remaining: 1m 17s
Rendered 7089/14425, time remaining: 1m 17s
Rendered 7090/14425, time remaining: 1m 16s
Rendered 7091/14425, time remaining: 1m 16s
Rendered 7092/14425, time remaining: 1m 17s
Rendered 7093/14425, time remaining: 1m 17s
Rendered 7094/14425, time remaining: 1m 16s
Rendered 7095/14425, time remaining: 1m 16s
Rendered 7096/14425, time remaining: 1m 17s
Rendered 7097/14425, time remaining: 1m 17s
Rendered 7098/14425, time remaining: 1m 16s
Rendered 7099/14425, time remaining: 1m 16s
Rendered 7100/14425, time remaining: 1m 17s
Rendered 7101/14425, time remaining: 1m 17s
Rendered 7102/14425, time remaining: 1m 16s
Rendered 7103/14425, time remaining: 1m 16s
Rendered 7104/14425, time remaining: 1m 17s
Rendered 7105/14425, time remaining: 1m 17s
Rendered 7106/14425, time remaining: 1m 16s
Rendered 7107/14425, time remaining: 1m 16s
Rendered 7108/14425, time remaining: 1m 17s
Rendered 7109/14425, time remaining: 1m 17s
Rendered 7110/14425, time remaining: 1m 15s
Rendered 7111/14425, time remaining: 1m 16s
Rendered 7111/14425, time remaining: 1m 16s
Rendered 7112/14425, time remaining: 1m 16s
Rendered 7113/14425, time remaining: 1m 16s
Rendered 7114/14425, time remaining: 1m 16s
Rendered 7115/14425, time remaining: 1m 16s
Rendered 7116/14425, time remaining: 1m 16s
Rendered 7117/14425, time remaining: 1m 16s
Rendered 7118/14425, time remaining: 1m 16s
Rendered 7119/14425, time remaining: 1m 16s
Rendered 7120/14425, time remaining: 1m 16s
Rendered 7121/14425, time remaining: 1m 16s
Rendered 7122/14425, time remaining: 1m 16s
Rendered 7123/14425, time remaining: 1m 16s
Rendered 7124/14425, time remaining: 1m 17s
Rendered 7125/14425, time remaining: 1m 16s
Rendered 7126/14425, time remaining: 1m 16s
Rendered 7127/14425, time remaining: 1m 16s
Rendered 7128/14425, time remaining: 1m 16s
Rendered 7129/14425, time remaining: 1m 16s
Rendered 7130/14425, time remaining: 1m 15s
Rendered 7131/14425, time remaining: 1m 15s
Rendered 7132/14425, time remaining: 1m 16s
Rendered 7133/14425, time remaining: 1m 16s
Rendered 7134/14425, time remaining: 1m 15s
Rendered 7135/14425, time remaining: 1m 15s
Rendered 7136/14425, time remaining: 1m 16s
Rendered 7137/14425, time remaining: 1m 16s
Rendered 7138/14425, time remaining: 1m 15s
Rendered 7139/14425, time remaining: 1m 15s
Rendered 7140/14425, time remaining: 1m 16s
Rendered 7141/14425, time remaining: 1m 16s
Rendered 7142/14425, time remaining: 1m 15s
Rendered 7143/14425, time remaining: 1m 15s
Rendered 7144/14425, time remaining: 1m 16s
Rendered 7145/14425, time remaining: 1m 16s
Rendered 7146/14425, time remaining: 1m 15s
Rendered 7147/14425, time remaining: 1m 15s
Rendered 7148/14425, time remaining: 1m 16s
Rendered 7149/14425, time remaining: 1m 16s
Rendered 7150/14425, time remaining: 1m 15s
Rendered 7151/14425, time remaining: 1m 15s
Rendered 7152/14425, time remaining: 1m 16s
Rendered 7153/14425, time remaining: 1m 16s
Rendered 7154/14425, time remaining: 1m 15s
Rendered 7155/14425, time remaining: 1m 15s
Rendered 7156/14425, time remaining: 1m 16s
Rendered 7157/14425, time remaining: 1m 16s
Rendered 7158/14425, time remaining: 1m 15s
Rendered 7159/14425, time remaining: 1m 15s
Rendered 7159/14425, time remaining: 1m 15s
Rendered 7160/14425, time remaining: 1m 16s
Rendered 7161/14425, time remaining: 1m 16s
Rendered 7162/14425, time remaining: 1m 15s
Rendered 7163/14425, time remaining: 1m 15s
Rendered 7164/14425, time remaining: 1m 16s
Rendered 7165/14425, time remaining: 1m 16s
Rendered 7166/14425, time remaining: 1m 15s
Rendered 7167/14425, time remaining: 1m 15s
Rendered 7168/14425, time remaining: 1m 16s
Rendered 7169/14425, time remaining: 1m 16s
Rendered 7170/14425, time remaining: 1m 15s
Rendered 7171/14425, time remaining: 1m 15s
Rendered 7172/14425, time remaining: 1m 16s
Rendered 7173/14425, time remaining: 1m 16s
Rendered 7174/14425, time remaining: 1m 15s
Rendered 7175/14425, time remaining: 1m 15s
Rendered 7176/14425, time remaining: 1m 16s
Rendered 7177/14425, time remaining: 1m 16s
Rendered 7178/14425, time remaining: 1m 15s
Rendered 7179/14425, time remaining: 1m 15s
Rendered 7180/14425, time remaining: 1m 16s
Rendered 7181/14425, time remaining: 1m 16s
Rendered 7182/14425, time remaining: 1m 15s
Rendered 7183/14425, time remaining: 1m 15s
Rendered 7184/14425, time remaining: 1m 16s
Rendered 7185/14425, time remaining: 1m 16s
Rendered 7186/14425, time remaining: 1m 15s
Rendered 7187/14425, time remaining: 1m 15s
Rendered 7188/14425, time remaining: 1m 16s
Rendered 7189/14425, time remaining: 1m 16s
Rendered 7190/14425, time remaining: 1m 15s
Rendered 7191/14425, time remaining: 1m 15s
Rendered 7192/14425, time remaining: 1m 16s
Rendered 7193/14425, time remaining: 1m 16s
Rendered 7194/14425, time remaining: 1m 15s
Rendered 7195/14425, time remaining: 1m 15s
Rendered 7196/14425, time remaining: 1m 16s
Rendered 7197/14425, time remaining: 1m 16s
Rendered 7198/14425, time remaining: 1m 15s
Rendered 7199/14425, time remaining: 1m 15s
Rendered 7200/14425, time remaining: 1m 16s
Rendered 7201/14425, time remaining: 1m 16s
Rendered 7202/14425, time remaining: 1m 15s
Rendered 7203/14425, time remaining: 1m 15s
Rendered 7204/14425, time remaining: 1m 16s
Rendered 7205/14425, time remaining: 1m 16s
Rendered 7206/14425, time remaining: 1m 15s
Rendered 7207/14425, time remaining: 1m 15s
Rendered 7207/14425, time remaining: 1m 15s
Rendered 7208/14425, time remaining: 1m 15s
Rendered 7209/14425, time remaining: 1m 15s
Rendered 7210/14425, time remaining: 1m 15s
Rendered 7211/14425, time remaining: 1m 15s
Rendered 7212/14425, time remaining: 1m 15s
Rendered 7213/14425, time remaining: 1m 15s
Rendered 7214/14425, time remaining: 1m 14s
Rendered 7215/14425, time remaining: 1m 15s
Rendered 7216/14425, time remaining: 1m 15s
Rendered 7217/14425, time remaining: 1m 15s
Rendered 7218/14425, time remaining: 1m 14s
Rendered 7219/14425, time remaining: 1m 14s
Rendered 7220/14425, time remaining: 1m 15s
Rendered 7221/14425, time remaining: 1m 15s
Rendered 7222/14425, time remaining: 1m 14s
Rendered 7223/14425, time remaining: 1m 14s
Rendered 7224/14425, time remaining: 1m 15s
Rendered 7225/14425, time remaining: 1m 15s
Rendered 7226/14425, time remaining: 1m 14s
Rendered 7227/14425, time remaining: 1m 14s
Rendered 7228/14425, time remaining: 1m 15s
Rendered 7229/14425, time remaining: 1m 15s
Rendered 7230/14425, time remaining: 1m 14s
Rendered 7231/14425, time remaining: 1m 14s
Rendered 7232/14425, time remaining: 1m 15s
Rendered 7233/14425, time remaining: 1m 15s
Rendered 7234/14425, time remaining: 1m 14s
Rendered 7235/14425, time remaining: 1m 14s
Rendered 7236/14425, time remaining: 1m 15s
Rendered 7237/14425, time remaining: 1m 15s
Rendered 7238/14425, time remaining: 1m 14s
Rendered 7239/14425, time remaining: 1m 14s
Rendered 7240/14425, time remaining: 1m 15s
Rendered 7241/14425, time remaining: 1m 15s
Rendered 7242/14425, time remaining: 1m 14s
Rendered 7243/14425, time remaining: 1m 14s
Rendered 7244/14425, time remaining: 1m 15s
Rendered 7245/14425, time remaining: 1m 15s
Rendered 7246/14425, time remaining: 1m 14s
Rendered 7247/14425, time remaining: 1m 14s
Rendered 7248/14425, time remaining: 1m 15s
Rendered 7249/14425, time remaining: 1m 15s
Rendered 7250/14425, time remaining: 1m 14s
Rendered 7251/14425, time remaining: 1m 14s
Rendered 7252/14425, time remaining: 1m 15s
Rendered 7253/14425, time remaining: 1m 15s
Rendered 7254/14425, time remaining: 1m 14s
Rendered 7255/14425, time remaining: 1m 14s
Rendered 7255/14425, time remaining: 1m 14s
Rendered 7256/14425, time remaining: 1m 15s
Rendered 7257/14425, time remaining: 1m 15s
Rendered 7258/14425, time remaining: 1m 14s
Rendered 7259/14425, time remaining: 1m 14s
Rendered 7260/14425, time remaining: 1m 15s
Rendered 7261/14425, time remaining: 1m 15s
Rendered 7262/14425, time remaining: 1m 14s
Rendered 7263/14425, time remaining: 1m 14s
Rendered 7264/14425, time remaining: 1m 15s
Rendered 7265/14425, time remaining: 1m 14s
Rendered 7266/14425, time remaining: 1m 14s
Rendered 7267/14425, time remaining: 1m 14s
Rendered 7268/14425, time remaining: 1m 15s
Rendered 7269/14425, time remaining: 1m 15s
Rendered 7270/14425, time remaining: 1m 14s
Rendered 7271/14425, time remaining: 1m 14s
Rendered 7272/14425, time remaining: 1m 14s
Rendered 7273/14425, time remaining: 1m 14s
Rendered 7274/14425, time remaining: 1m 13s
Rendered 7275/14425, time remaining: 1m 14s
Rendered 7276/14425, time remaining: 1m 14s
Rendered 7277/14425, time remaining: 1m 14s
Rendered 7278/14425, time remaining: 1m 13s
Rendered 7279/14425, time remaining: 1m 13s
Rendered 7280/14425, time remaining: 1m 14s
Rendered 7281/14425, time remaining: 1m 14s
Rendered 7282/14425, time remaining: 1m 13s
Rendered 7283/14425, time remaining: 1m 13s
Rendered 7284/14425, time remaining: 1m 14s
Rendered 7285/14425, time remaining: 1m 14s
Rendered 7286/14425, time remaining: 1m 13s
Rendered 7287/14425, time remaining: 1m 13s
Rendered 7288/14425, time remaining: 1m 14s
Rendered 7289/14425, time remaining: 1m 14s
Rendered 7290/14425, time remaining: 1m 13s
Rendered 7291/14425, time remaining: 1m 13s
Rendered 7292/14425, time remaining: 1m 14s
Rendered 7293/14425, time remaining: 1m 14s
Rendered 7294/14425, time remaining: 1m 13s
Rendered 7295/14425, time remaining: 1m 13s
Rendered 7296/14425, time remaining: 1m 14s
Rendered 7297/14425, time remaining: 1m 14s
Rendered 7298/14425, time remaining: 1m 13s
Rendered 7299/14425, time remaining: 1m 13s
Rendered 7300/14425, time remaining: 1m 14s
Rendered 7301/14425, time remaining: 1m 14s
Rendered 7302/14425, time remaining: 1m 13s
Rendered 7303/14425, time remaining: 1m 13s
Rendered 7303/14425, time remaining: 1m 13s
Rendered 7304/14425, time remaining: 1m 14s
Rendered 7305/14425, time remaining: 1m 14s
Rendered 7306/14425, time remaining: 1m 13s
Rendered 7307/14425, time remaining: 1m 13s
Rendered 7308/14425, time remaining: 1m 14s
Rendered 7309/14425, time remaining: 1m 14s
Rendered 7310/14425, time remaining: 1m 13s
Rendered 7311/14425, time remaining: 1m 13s
Rendered 7312/14425, time remaining: 1m 14s
Rendered 7313/14425, time remaining: 1m 14s
Rendered 7314/14425, time remaining: 1m 13s
Rendered 7315/14425, time remaining: 1m 13s
Rendered 7316/14425, time remaining: 1m 14s
Rendered 7317/14425, time remaining: 1m 14s
Rendered 7318/14425, time remaining: 1m 13s
Rendered 7319/14425, time remaining: 1m 13s
Rendered 7320/14425, time remaining: 1m 14s
Rendered 7321/14425, time remaining: 1m 14s
Rendered 7322/14425, time remaining: 1m 13s
Rendered 7323/14425, time remaining: 1m 13s
Rendered 7324/14425, time remaining: 1m 14s
Rendered 7325/14425, time remaining: 1m 14s
Rendered 7326/14425, time remaining: 1m 13s
Rendered 7327/14425, time remaining: 1m 13s
Rendered 7328/14425, time remaining: 1m 14s
Rendered 7329/14425, time remaining: 1m 14s
Rendered 7330/14425, time remaining: 1m 13s
Rendered 7331/14425, time remaining: 1m 13s
Rendered 7332/14425, time remaining: 1m 14s
Rendered 7333/14425, time remaining: 1m 14s
Rendered 7334/14425, time remaining: 1m 13s
Rendered 7335/14425, time remaining: 1m 13s
Rendered 7336/14425, time remaining: 1m 14s
Rendered 7337/14425, time remaining: 1m 14s
Rendered 7338/14425, time remaining: 1m 13s
Rendered 7339/14425, time remaining: 1m 13s
Rendered 7340/14425, time remaining: 1m 14s
Rendered 7341/14425, time remaining: 1m 14s
Rendered 7342/14425, time remaining: 1m 13s
Rendered 7343/14425, time remaining: 1m 13s
Rendered 7344/14425, time remaining: 1m 14s
Rendered 7345/14425, time remaining: 1m 14s
Rendered 7346/14425, time remaining: 1m 13s
Rendered 7347/14425, time remaining: 1m 13s
Rendered 7348/14425, time remaining: 1m 14s
Rendered 7349/14425, time remaining: 1m 14s
Rendered 7350/14425, time remaining: 1m 13s
Rendered 7351/14425, time remaining: 1m 13s
Rendered 7352/14425, time remaining: 1m 14s
Rendered 7352/14425, time remaining: 1m 14s
Rendered 7353/14425, time remaining: 1m 14s
Rendered 7354/14425, time remaining: 1m 13s
Rendered 7355/14425, time remaining: 1m 13s
Rendered 7356/14425, time remaining: 1m 13s
Rendered 7357/14425, time remaining: 1m 13s
Rendered 7358/14425, time remaining: 1m 13s
Rendered 7359/14425, time remaining: 1m 13s
Rendered 7360/14425, time remaining: 1m 13s
Rendered 7361/14425, time remaining: 1m 13s
Rendered 7362/14425, time remaining: 1m 12s
Rendered 7363/14425, time remaining: 1m 12s
Rendered 7364/14425, time remaining: 1m 13s
Rendered 7365/14425, time remaining: 1m 13s
Rendered 7366/14425, time remaining: 1m 12s
Rendered 7367/14425, time remaining: 1m 13s
Rendered 7368/14425, time remaining: 1m 14s
Rendered 7369/14425, time remaining: 1m 14s
Rendered 7370/14425, time remaining: 1m 13s
Rendered 7371/14425, time remaining: 1m 13s
Rendered 7372/14425, time remaining: 1m 14s
Rendered 7373/14425, time remaining: 1m 14s
Rendered 7374/14425, time remaining: 1m 13s
Rendered 7375/14425, time remaining: 1m 13s
Rendered 7376/14425, time remaining: 1m 14s
Rendered 7377/14425, time remaining: 1m 14s
Rendered 7378/14425, time remaining: 1m 13s
Rendered 7379/14425, time remaining: 1m 13s
Rendered 7380/14425, time remaining: 1m 14s
Rendered 7381/14425, time remaining: 1m 14s
Rendered 7382/14425, time remaining: 1m 13s
Rendered 7383/14425, time remaining: 1m 13s
Rendered 7384/14425, time remaining: 1m 14s
Rendered 7385/14425, time remaining: 1m 14s
Rendered 7386/14425, time remaining: 1m 13s
Rendered 7387/14425, time remaining: 1m 13s
Rendered 7388/14425, time remaining: 1m 14s
Rendered 7389/14425, time remaining: 1m 14s
Rendered 7390/14425, time remaining: 1m 13s
Rendered 7391/14425, time remaining: 1m 13s
Rendered 7392/14425, time remaining: 1m 14s
Rendered 7393/14425, time remaining: 1m 14s
Rendered 7394/14425, time remaining: 1m 13s
Rendered 7395/14425, time remaining: 1m 13s
Rendered 7396/14425, time remaining: 1m 14s
Rendered 7397/14425, time remaining: 1m 14s
Rendered 7398/14425, time remaining: 1m 13s
Rendered 7399/14425, time remaining: 1m 13s
Rendered 7399/14425, time remaining: 1m 13s
Rendered 7400/14425, time remaining: 1m 14s
Rendered 7401/14425, time remaining: 1m 14s
Rendered 7402/14425, time remaining: 1m 13s
Rendered 7403/14425, time remaining: 1m 13s
Rendered 7404/14425, time remaining: 1m 14s
Rendered 7405/14425, time remaining: 1m 14s
Rendered 7406/14425, time remaining: 1m 13s
Rendered 7407/14425, time remaining: 1m 13s
Rendered 7408/14425, time remaining: 1m 14s
Rendered 7409/14425, time remaining: 1m 14s
Rendered 7410/14425, time remaining: 1m 13s
Rendered 7411/14425, time remaining: 1m 13s
Rendered 7412/14425, time remaining: 1m 14s
Rendered 7413/14425, time remaining: 1m 14s
Rendered 7414/14425, time remaining: 1m 13s
Rendered 7415/14425, time remaining: 1m 13s
Rendered 7416/14425, time remaining: 1m 14s
Rendered 7417/14425, time remaining: 1m 14s
Rendered 7418/14425, time remaining: 1m 13s
Rendered 7419/14425, time remaining: 1m 13s
Rendered 7420/14425, time remaining: 1m 13s
Rendered 7421/14425, time remaining: 1m 14s
Rendered 7422/14425, time remaining: 1m 13s
Rendered 7423/14425, time remaining: 1m 13s
Rendered 7424/14425, time remaining: 1m 13s
Rendered 7425/14425, time remaining: 1m 14s
Rendered 7426/14425, time remaining: 1m 13s
Rendered 7427/14425, time remaining: 1m 13s
Rendered 7428/14425, time remaining: 1m 13s
Rendered 7429/14425, time remaining: 1m 14s
Rendered 7430/14425, time remaining: 1m 13s
Rendered 7431/14425, time remaining: 1m 13s
Rendered 7432/14425, time remaining: 1m 13s
Rendered 7433/14425, time remaining: 1m 14s
Rendered 7434/14425, time remaining: 1m 13s
Rendered 7435/14425, time remaining: 1m 13s
Rendered 7436/14425, time remaining: 1m 13s
Rendered 7437/14425, time remaining: 1m 14s
Rendered 7438/14425, time remaining: 1m 13s
Rendered 7439/14425, time remaining: 1m 13s
Rendered 7440/14425, time remaining: 1m 13s
Rendered 7441/14425, time remaining: 1m 14s
Rendered 7442/14425, time remaining: 1m 13s
Rendered 7443/14425, time remaining: 1m 14s
Rendered 7444/14425, time remaining: 1m 14s
Rendered 7445/14425, time remaining: 1m 14s
Rendered 7446/14425, time remaining: 1m 13s
Rendered 7446/14425, time remaining: 1m 13s
Rendered 7447/14425, time remaining: 1m 13s
Rendered 7448/14425, time remaining: 1m 14s
Rendered 7449/14425, time remaining: 1m 14s
Rendered 7450/14425, time remaining: 1m 13s
Rendered 7451/14425, time remaining: 1m 13s
Rendered 7452/14425, time remaining: 1m 14s
Rendered 7453/14425, time remaining: 1m 14s
Rendered 7454/14425, time remaining: 1m 13s
Rendered 7455/14425, time remaining: 1m 14s
Rendered 7456/14425, time remaining: 1m 14s
Rendered 7457/14425, time remaining: 1m 14s
Rendered 7458/14425, time remaining: 1m 13s
Rendered 7459/14425, time remaining: 1m 14s
Rendered 7460/14425, time remaining: 1m 14s
Rendered 7461/14425, time remaining: 1m 15s
Rendered 7462/14425, time remaining: 1m 14s
Rendered 7463/14425, time remaining: 1m 14s
Rendered 7464/14425, time remaining: 1m 14s
Rendered 7465/14425, time remaining: 1m 15s
Rendered 7466/14425, time remaining: 1m 14s
Rendered 7467/14425, time remaining: 1m 14s
Rendered 7468/14425, time remaining: 1m 14s
Rendered 7469/14425, time remaining: 1m 15s
Rendered 7470/14425, time remaining: 1m 14s
Rendered 7471/14425, time remaining: 1m 14s
Rendered 7472/14425, time remaining: 1m 14s
Rendered 7473/14425, time remaining: 1m 15s
Rendered 7474/14425, time remaining: 1m 14s
Rendered 7475/14425, time remaining: 1m 14s
Rendered 7476/14425, time remaining: 1m 14s
Rendered 7477/14425, time remaining: 1m 15s
Rendered 7478/14425, time remaining: 1m 14s
Rendered 7479/14425, time remaining: 1m 14s
Rendered 7480/14425, time remaining: 1m 14s
Rendered 7481/14425, time remaining: 1m 15s
Rendered 7482/14425, time remaining: 1m 14s
Rendered 7483/14425, time remaining: 1m 15s
Rendered 7484/14425, time remaining: 1m 15s
Rendered 7485/14425, time remaining: 1m 15s
Rendered 7486/14425, time remaining: 1m 14s
Rendered 7487/14425, time remaining: 1m 15s
Rendered 7488/14425, time remaining: 1m 15s
Rendered 7489/14425, time remaining: 1m 15s
Rendered 7490/14425, time remaining: 1m 14s
Rendered 7491/14425, time remaining: 1m 15s
Rendered 7491/14425, time remaining: 1m 15s
Rendered 7492/14425, time remaining: 1m 15s
Rendered 7493/14425, time remaining: 1m 15s
Rendered 7494/14425, time remaining: 1m 14s
Rendered 7495/14425, time remaining: 1m 15s
Rendered 7496/14425, time remaining: 1m 15s
Rendered 7497/14425, time remaining: 1m 15s
Rendered 7498/14425, time remaining: 1m 14s
Rendered 7499/14425, time remaining: 1m 15s
Rendered 7500/14425, time remaining: 1m 15s
Rendered 7501/14425, time remaining: 1m 15s
Rendered 7502/14425, time remaining: 1m 14s
Rendered 7503/14425, time remaining: 1m 15s
Rendered 7504/14425, time remaining: 1m 15s
Rendered 7505/14425, time remaining: 1m 16s
Rendered 7506/14425, time remaining: 1m 15s
Rendered 7507/14425, time remaining: 1m 16s
Rendered 7508/14425, time remaining: 1m 16s
Rendered 7509/14425, time remaining: 1m 16s
Rendered 7510/14425, time remaining: 1m 15s
Rendered 7511/14425, time remaining: 1m 16s
Rendered 7512/14425, time remaining: 1m 16s
Rendered 7513/14425, time remaining: 1m 16s
Rendered 7514/14425, time remaining: 1m 15s
Rendered 7515/14425, time remaining: 1m 16s
Rendered 7516/14425, time remaining: 1m 16s
Rendered 7517/14425, time remaining: 1m 16s
Rendered 7518/14425, time remaining: 1m 15s
Rendered 7519/14425, time remaining: 1m 16s
Rendered 7520/14425, time remaining: 1m 16s
Rendered 7521/14425, time remaining: 1m 16s
Rendered 7522/14425, time remaining: 1m 15s
Rendered 7523/14425, time remaining: 1m 16s
Rendered 7524/14425, time remaining: 1m 16s
Rendered 7525/14425, time remaining: 1m 16s
Rendered 7526/14425, time remaining: 1m 15s
Rendered 7527/14425, time remaining: 1m 16s
Rendered 7528/14425, time remaining: 1m 16s
Rendered 7529/14425, time remaining: 1m 16s
Rendered 7530/14425, time remaining: 1m 15s
Rendered 7531/14425, time remaining: 1m 15s
Rendered 7532/14425, time remaining: 1m 16s
Rendered 7533/14425, time remaining: 1m 16s
Rendered 7534/14425, time remaining: 1m 16s
Rendered 7535/14425, time remaining: 1m 16s
Rendered 7535/14425, time remaining: 1m 16s
Rendered 7536/14425, time remaining: 1m 16s
Rendered 7537/14425, time remaining: 1m 16s
Rendered 7538/14425, time remaining: 1m 16s
Rendered 7539/14425, time remaining: 1m 16s
Rendered 7540/14425, time remaining: 1m 17s
Rendered 7541/14425, time remaining: 1m 17s
Rendered 7542/14425, time remaining: 1m 16s
Rendered 7543/14425, time remaining: 1m 16s
Rendered 7544/14425, time remaining: 1m 17s
Rendered 7545/14425, time remaining: 1m 17s
Rendered 7546/14425, time remaining: 1m 16s
Rendered 7547/14425, time remaining: 1m 16s
Rendered 7548/14425, time remaining: 1m 17s
Rendered 7549/14425, time remaining: 1m 17s
Rendered 7550/14425, time remaining: 1m 16s
Rendered 7551/14425, time remaining: 1m 16s
Rendered 7552/14425, time remaining: 1m 16s
Rendered 7553/14425, time remaining: 1m 17s
Rendered 7554/14425, time remaining: 1m 16s
Rendered 7555/14425, time remaining: 1m 16s
Rendered 7556/14425, time remaining: 1m 16s
Rendered 7557/14425, time remaining: 1m 17s
Rendered 7558/14425, time remaining: 1m 16s
Rendered 7559/14425, time remaining: 1m 16s
Rendered 7560/14425, time remaining: 1m 16s
Rendered 7561/14425, time remaining: 1m 17s
Rendered 7562/14425, time remaining: 1m 16s
Rendered 7563/14425, time remaining: 1m 16s
Rendered 7564/14425, time remaining: 1m 16s
Rendered 7565/14425, time remaining: 1m 17s
Rendered 7566/14425, time remaining: 1m 16s
Rendered 7567/14425, time remaining: 1m 16s
Rendered 7568/14425, time remaining: 1m 16s
Rendered 7569/14425, time remaining: 1m 17s
Rendered 7570/14425, time remaining: 1m 17s
Rendered 7571/14425, time remaining: 1m 16s
Rendered 7572/14425, time remaining: 1m 16s
Rendered 7573/14425, time remaining: 1m 17s
Rendered 7574/14425, time remaining: 1m 17s
Rendered 7575/14425, time remaining: 1m 16s
Rendered 7576/14425, time remaining: 1m 16s
Rendered 7577/14425, time remaining: 1m 17s
Rendered 7578/14425, time remaining: 1m 17s
Rendered 7579/14425, time remaining: 1m 16s
Rendered 7580/14425, time remaining: 1m 16s
Rendered 7580/14425, time remaining: 1m 16s
Rendered 7581/14425, time remaining: 1m 17s
Rendered 7582/14425, time remaining: 1m 17s
Rendered 7583/14425, time remaining: 1m 16s
Rendered 7584/14425, time remaining: 1m 16s
Rendered 7585/14425, time remaining: 1m 17s
Rendered 7586/14425, time remaining: 1m 17s
Rendered 7587/14425, time remaining: 1m 16s
Rendered 7588/14425, time remaining: 1m 16s
Rendered 7589/14425, time remaining: 1m 17s
Rendered 7590/14425, time remaining: 1m 17s
Rendered 7591/14425, time remaining: 1m 16s
Rendered 7592/14425, time remaining: 1m 16s
Rendered 7593/14425, time remaining: 1m 17s
Rendered 7594/14425, time remaining: 1m 17s
Rendered 7595/14425, time remaining: 1m 16s
Rendered 7596/14425, time remaining: 1m 16s
Rendered 7597/14425, time remaining: 1m 17s
Rendered 7598/14425, time remaining: 1m 17s
Rendered 7599/14425, time remaining: 1m 16s
Rendered 7600/14425, time remaining: 1m 16s
Rendered 7601/14425, time remaining: 1m 17s
Rendered 7602/14425, time remaining: 1m 17s
Rendered 7603/14425, time remaining: 1m 16s
Rendered 7604/14425, time remaining: 1m 16s
Rendered 7605/14425, time remaining: 1m 17s
Rendered 7606/14425, time remaining: 1m 17s
Rendered 7607/14425, time remaining: 1m 16s
Rendered 7608/14425, time remaining: 1m 16s
Rendered 7609/14425, time remaining: 1m 17s
Rendered 7610/14425, time remaining: 1m 17s
Rendered 7611/14425, time remaining: 1m 16s
Rendered 7612/14425, time remaining: 1m 16s
Rendered 7613/14425, time remaining: 1m 17s
Rendered 7614/14425, time remaining: 1m 17s
Rendered 7615/14425, time remaining: 1m 16s
Rendered 7616/14425, time remaining: 1m 16s
Rendered 7617/14425, time remaining: 1m 17s
Rendered 7618/14425, time remaining: 1m 17s
Rendered 7619/14425, time remaining: 1m 16s
Rendered 7620/14425, time remaining: 1m 16s
Rendered 7621/14425, time remaining: 1m 17s
Rendered 7622/14425, time remaining: 1m 17s
Rendered 7623/14425, time remaining: 1m 16s
Rendered 7624/14425, time remaining: 1m 16s
Rendered 7624/14425, time remaining: 1m 16s
Rendered 7625/14425, time remaining: 1m 17s
Rendered 7626/14425, time remaining: 1m 17s
Rendered 7627/14425, time remaining: 1m 16s
Rendered 7628/14425, time remaining: 1m 16s
Rendered 7629/14425, time remaining: 1m 16s
Rendered 7630/14425, time remaining: 1m 16s
Rendered 7631/14425, time remaining: 1m 16s
Rendered 7632/14425, time remaining: 1m 16s
Rendered 7633/14425, time remaining: 1m 16s
Rendered 7634/14425, time remaining: 1m 16s
Rendered 7635/14425, time remaining: 1m 16s
Rendered 7636/14425, time remaining: 1m 16s
Rendered 7637/14425, time remaining: 1m 16s
Rendered 7638/14425, time remaining: 1m 16s
Rendered 7639/14425, time remaining: 1m 16s
Rendered 7640/14425, time remaining: 1m 16s
Rendered 7641/14425, time remaining: 1m 16s
Rendered 7642/14425, time remaining: 1m 16s
Rendered 7643/14425, time remaining: 1m 16s
Rendered 7644/14425, time remaining: 1m 16s
Rendered 7645/14425, time remaining: 1m 16s
Rendered 7646/14425, time remaining: 1m 16s
Rendered 7647/14425, time remaining: 1m 16s
Rendered 7648/14425, time remaining: 1m 16s
Rendered 7649/14425, time remaining: 1m 16s
Rendered 7650/14425, time remaining: 1m 16s
Rendered 7651/14425, time remaining: 1m 16s
Rendered 7652/14425, time remaining: 1m 16s
Rendered 7653/14425, time remaining: 1m 16s
Rendered 7654/14425, time remaining: 1m 16s
Rendered 7655/14425, time remaining: 1m 16s
Rendered 7656/14425, time remaining: 1m 16s
Rendered 7657/14425, time remaining: 1m 16s
Rendered 7658/14425, time remaining: 1m 16s
Rendered 7659/14425, time remaining: 1m 16s
Rendered 7660/14425, time remaining: 1m 16s
Rendered 7661/14425, time remaining: 1m 16s
Rendered 7662/14425, time remaining: 1m 16s
Rendered 7663/14425, time remaining: 1m 16s
Rendered 7664/14425, time remaining: 1m 16s
Rendered 7665/14425, time remaining: 1m 16s
Rendered 7666/14425, time remaining: 1m 16s
Rendered 7667/14425, time remaining: 1m 16s
Rendered 7668/14425, time remaining: 1m 16s
Rendered 7668/14425, time remaining: 1m 16s
Rendered 7669/14425, time remaining: 1m 16s
Rendered 7670/14425, time remaining: 1m 16s
Rendered 7671/14425, time remaining: 1m 16s
Rendered 7672/14425, time remaining: 1m 16s
Rendered 7673/14425, time remaining: 1m 16s
Rendered 7674/14425, time remaining: 1m 16s
Rendered 7675/14425, time remaining: 1m 16s
Rendered 7676/14425, time remaining: 1m 16s
Rendered 7677/14425, time remaining: 1m 16s
Rendered 7678/14425, time remaining: 1m 16s
Rendered 7679/14425, time remaining: 1m 16s
Rendered 7680/14425, time remaining: 1m 16s
Rendered 7681/14425, time remaining: 1m 16s
Rendered 7682/14425, time remaining: 1m 15s
Rendered 7683/14425, time remaining: 1m 15s
Rendered 7684/14425, time remaining: 1m 15s
Rendered 7685/14425, time remaining: 1m 16s
Rendered 7686/14425, time remaining: 1m 15s
Rendered 7687/14425, time remaining: 1m 15s
Rendered 7688/14425, time remaining: 1m 15s
Rendered 7689/14425, time remaining: 1m 16s
Rendered 7690/14425, time remaining: 1m 15s
Rendered 7691/14425, time remaining: 1m 15s
Rendered 7692/14425, time remaining: 1m 15s
Rendered 7693/14425, time remaining: 1m 16s
Rendered 7694/14425, time remaining: 1m 15s
Rendered 7695/14425, time remaining: 1m 15s
Rendered 7696/14425, time remaining: 1m 15s
Rendered 7697/14425, time remaining: 1m 16s
Rendered 7698/14425, time remaining: 1m 15s
Rendered 7699/14425, time remaining: 1m 15s
Rendered 7700/14425, time remaining: 1m 15s
Rendered 7701/14425, time remaining: 1m 16s
Rendered 7702/14425, time remaining: 1m 15s
Rendered 7703/14425, time remaining: 1m 15s
Rendered 7704/14425, time remaining: 1m 15s
Rendered 7705/14425, time remaining: 1m 15s
Rendered 7706/14425, time remaining: 1m 15s
Rendered 7707/14425, time remaining: 1m 15s
Rendered 7708/14425, time remaining: 1m 15s
Rendered 7709/14425, time remaining: 1m 16s
Rendered 7710/14425, time remaining: 1m 16s
Rendered 7711/14425, time remaining: 1m 15s
Rendered 7712/14425, time remaining: 1m 15s
Rendered 7713/14425, time remaining: 1m 16s
Rendered 7713/14425, time remaining: 1m 16s
Rendered 7714/14425, time remaining: 1m 16s
Rendered 7715/14425, time remaining: 1m 15s
Rendered 7716/14425, time remaining: 1m 15s
Rendered 7717/14425, time remaining: 1m 16s
Rendered 7718/14425, time remaining: 1m 16s
Rendered 7719/14425, time remaining: 1m 15s
Rendered 7720/14425, time remaining: 1m 15s
Rendered 7721/14425, time remaining: 1m 16s
Rendered 7722/14425, time remaining: 1m 16s
Rendered 7723/14425, time remaining: 1m 15s
Rendered 7724/14425, time remaining: 1m 15s
Rendered 7725/14425, time remaining: 1m 16s
Rendered 7726/14425, time remaining: 1m 16s
Rendered 7727/14425, time remaining: 1m 15s
Rendered 7728/14425, time remaining: 1m 15s
Rendered 7729/14425, time remaining: 1m 16s
Rendered 7730/14425, time remaining: 1m 16s
Rendered 7731/14425, time remaining: 1m 15s
Rendered 7732/14425, time remaining: 1m 15s
Rendered 7733/14425, time remaining: 1m 16s
Rendered 7734/14425, time remaining: 1m 16s
Rendered 7735/14425, time remaining: 1m 15s
Rendered 7736/14425, time remaining: 1m 15s
Rendered 7737/14425, time remaining: 1m 15s
Rendered 7738/14425, time remaining: 1m 15s
Rendered 7739/14425, time remaining: 1m 14s
Rendered 7740/14425, time remaining: 1m 14s
Rendered 7741/14425, time remaining: 1m 15s
Rendered 7742/14425, time remaining: 1m 15s
Rendered 7743/14425, time remaining: 1m 14s
Rendered 7744/14425, time remaining: 1m 14s
Rendered 7745/14425, time remaining: 1m 15s
Rendered 7746/14425, time remaining: 1m 15s
Rendered 7747/14425, time remaining: 1m 14s
Rendered 7748/14425, time remaining: 1m 14s
Rendered 7749/14425, time remaining: 1m 15s
Rendered 7750/14425, time remaining: 1m 15s
Rendered 7751/14425, time remaining: 1m 14s
Rendered 7752/14425, time remaining: 1m 14s
Rendered 7753/14425, time remaining: 1m 14s
Rendered 7754/14425, time remaining: 1m 14s
Rendered 7755/14425, time remaining: 1m 13s
Rendered 7756/14425, time remaining: 1m 13s
Rendered 7757/14425, time remaining: 1m 14s
Rendered 7758/14425, time remaining: 1m 14s
Rendered 7759/14425, time remaining: 1m 13s
Rendered 7760/14425, time remaining: 1m 13s
Rendered 7760/14425, time remaining: 1m 13s
Rendered 7761/14425, time remaining: 1m 14s
Rendered 7762/14425, time remaining: 1m 14s
Rendered 7763/14425, time remaining: 1m 13s
Rendered 7764/14425, time remaining: 1m 13s
Rendered 7765/14425, time remaining: 1m 14s
Rendered 7766/14425, time remaining: 1m 14s
Rendered 7767/14425, time remaining: 1m 13s
Rendered 7768/14425, time remaining: 1m 13s
Rendered 7769/14425, time remaining: 1m 14s
Rendered 7770/14425, time remaining: 1m 14s
Rendered 7771/14425, time remaining: 1m 13s
Rendered 7772/14425, time remaining: 1m 13s
Rendered 7773/14425, time remaining: 1m 14s
Rendered 7774/14425, time remaining: 1m 14s
Rendered 7775/14425, time remaining: 1m 13s
Rendered 7776/14425, time remaining: 1m 13s
Rendered 7777/14425, time remaining: 1m 14s
Rendered 7778/14425, time remaining: 1m 13s
Rendered 7779/14425, time remaining: 1m 13s
Rendered 7780/14425, time remaining: 1m 13s
Rendered 7781/14425, time remaining: 1m 13s
Rendered 7782/14425, time remaining: 1m 13s
Rendered 7783/14425, time remaining: 1m 13s
Rendered 7784/14425, time remaining: 1m 13s
Rendered 7785/14425, time remaining: 1m 13s
Rendered 7786/14425, time remaining: 1m 13s
Rendered 7787/14425, time remaining: 1m 12s
Rendered 7788/14425, time remaining: 1m 12s
Rendered 7789/14425, time remaining: 1m 13s
Rendered 7790/14425, time remaining: 1m 13s
Rendered 7791/14425, time remaining: 1m 12s
Rendered 7792/14425, time remaining: 1m 12s
Rendered 7793/14425, time remaining: 1m 13s
Rendered 7794/14425, time remaining: 1m 13s
Rendered 7795/14425, time remaining: 1m 12s
Rendered 7796/14425, time remaining: 1m 12s
Rendered 7797/14425, time remaining: 1m 13s
Rendered 7798/14425, time remaining: 1m 12s
Rendered 7799/14425, time remaining: 1m 12s
Rendered 7800/14425, time remaining: 1m 12s
Rendered 7801/14425, time remaining: 1m 12s
Rendered 7802/14425, time remaining: 1m 12s
Rendered 7803/14425, time remaining: 1m 11s
Rendered 7804/14425, time remaining: 1m 11s
Rendered 7805/14425, time remaining: 1m 12s
Rendered 7806/14425, time remaining: 1m 12s
Rendered 7807/14425, time remaining: 1m 11s
Rendered 7808/14425, time remaining: 1m 11s
Rendered 7808/14425, time remaining: 1m 11s
Rendered 7809/14425, time remaining: 1m 12s
Rendered 7810/14425, time remaining: 1m 12s
Rendered 7811/14425, time remaining: 1m 10s
Rendered 7812/14425, time remaining: 1m 10s
Rendered 7813/14425, time remaining: 1m 11s
Rendered 7814/14425, time remaining: 1m 11s
Rendered 7815/14425, time remaining: 1m 10s
Rendered 7816/14425, time remaining: 1m 10s
Rendered 7817/14425, time remaining: 1m 11s
Rendered 7818/14425, time remaining: 1m 11s
Rendered 7819/14425, time remaining: 1m 10s
Rendered 7820/14425, time remaining: 1m 10s
Rendered 7821/14425, time remaining: 1m 11s
Rendered 7822/14425, time remaining: 1m 11s
Rendered 7823/14425, time remaining: 1m 10s
Rendered 7824/14425, time remaining: 1m 10s
Rendered 7825/14425, time remaining: 1m 10s
Rendered 7826/14425, time remaining: 1m 10s
Rendered 7827/14425, time remaining: 1m 10s
Rendered 7828/14425, time remaining: 1m 10s
Rendered 7829/14425, time remaining: 1m 11s
Rendered 7830/14425, time remaining: 1m 11s
Rendered 7831/14425, time remaining: 1m 10s
Rendered 7832/14425, time remaining: 1m 10s
Rendered 7833/14425, time remaining: 1m 11s
Rendered 7834/14425, time remaining: 1m 11s
Rendered 7835/14425, time remaining: 1m 10s
Rendered 7836/14425, time remaining: 1m 10s
Rendered 7837/14425, time remaining: 1m 10s
Rendered 7838/14425, time remaining: 1m 10s
Rendered 7839/14425, time remaining: 1m 9s
Rendered 7840/14425, time remaining: 1m 9s
Rendered 7841/14425, time remaining: 1m 10s
Rendered 7842/14425, time remaining: 1m 10s
Rendered 7843/14425, time remaining: 1m 9s
Rendered 7844/14425, time remaining: 1m 9s
Rendered 7845/14425, time remaining: 1m 10s
Rendered 7846/14425, time remaining: 1m 10s
Rendered 7847/14425, time remaining: 1m 9s
Rendered 7848/14425, time remaining: 1m 9s
Rendered 7849/14425, time remaining: 1m 10s
Rendered 7850/14425, time remaining: 1m 10s
Rendered 7851/14425, time remaining: 1m 9s
Rendered 7852/14425, time remaining: 1m 9s
Rendered 7853/14425, time remaining: 1m 10s
Rendered 7854/14425, time remaining: 1m 10s
Rendered 7855/14425, time remaining: 1m 9s
Rendered 7856/14425, time remaining: 1m 9s
Rendered 7856/14425, time remaining: 1m 9s
Rendered 7857/14425, time remaining: 1m 10s
Rendered 7858/14425, time remaining: 1m 10s
Rendered 7859/14425, time remaining: 1m 8s
Rendered 7860/14425, time remaining: 1m 8s
Rendered 7861/14425, time remaining: 1m 9s
Rendered 7862/14425, time remaining: 1m 9s
Rendered 7863/14425, time remaining: 1m 8s
Rendered 7864/14425, time remaining: 1m 8s
Rendered 7865/14425, time remaining: 1m 9s
Rendered 7866/14425, time remaining: 1m 9s
Rendered 7867/14425, time remaining: 1m 8s
Rendered 7868/14425, time remaining: 1m 8s
Rendered 7869/14425, time remaining: 1m 9s
Rendered 7870/14425, time remaining: 1m 9s
Rendered 7871/14425, time remaining: 1m 8s
Rendered 7872/14425, time remaining: 1m 8s
Rendered 7873/14425, time remaining: 1m 9s
Rendered 7874/14425, time remaining: 1m 9s
Rendered 7875/14425, time remaining: 1m 8s
Rendered 7876/14425, time remaining: 1m 8s
Rendered 7877/14425, time remaining: 1m 8s
Rendered 7878/14425, time remaining: 1m 8s
Rendered 7879/14425, time remaining: 1m 7s
Rendered 7880/14425, time remaining: 1m 7s
Rendered 7881/14425, time remaining: 1m 8s
Rendered 7882/14425, time remaining: 1m 8s
Rendered 7883/14425, time remaining: 1m 7s
Rendered 7884/14425, time remaining: 1m 7s
Rendered 7885/14425, time remaining: 1m 8s
Rendered 7886/14425, time remaining: 1m 8s
Rendered 7887/14425, time remaining: 1m 8s
Rendered 7888/14425, time remaining: 1m 8s
Rendered 7889/14425, time remaining: 1m 8s
Rendered 7890/14425, time remaining: 1m 8s
Rendered 7891/14425, time remaining: 1m 7s
Rendered 7892/14425, time remaining: 1m 7s
Rendered 7893/14425, time remaining: 1m 8s
Rendered 7894/14425, time remaining: 1m 8s
Rendered 7895/14425, time remaining: 1m 7s
Rendered 7896/14425, time remaining: 1m 7s
Rendered 7897/14425, time remaining: 1m 8s
Rendered 7898/14425, time remaining: 1m 8s
Rendered 7899/14425, time remaining: 1m 7s
Rendered 7900/14425, time remaining: 1m 7s
Rendered 7901/14425, time remaining: 1m 8s
Rendered 7902/14425, time remaining: 1m 8s
Rendered 7903/14425, time remaining: 1m 7s
Rendered 7904/14425, time remaining: 1m 7s
Rendered 7904/14425, time remaining: 1m 7s
Rendered 7905/14425, time remaining: 1m 8s
Rendered 7906/14425, time remaining: 1m 8s
Rendered 7907/14425, time remaining: 1m 8s
Rendered 7908/14425, time remaining: 1m 7s
Rendered 7909/14425, time remaining: 1m 8s
Rendered 7910/14425, time remaining: 1m 8s
Rendered 7911/14425, time remaining: 1m 7s
Rendered 7912/14425, time remaining: 1m 7s
Rendered 7913/14425, time remaining: 1m 8s
Rendered 7914/14425, time remaining: 1m 8s
Rendered 7915/14425, time remaining: 1m 7s
Rendered 7916/14425, time remaining: 1m 7s
Rendered 7917/14425, time remaining: 1m 8s
Rendered 7918/14425, time remaining: 1m 8s
Rendered 7919/14425, time remaining: 1m 7s
Rendered 7920/14425, time remaining: 1m 7s
Rendered 7921/14425, time remaining: 1m 8s
Rendered 7922/14425, time remaining: 1m 8s
Rendered 7923/14425, time remaining: 1m 7s
Rendered 7924/14425, time remaining: 1m 7s
Rendered 7925/14425, time remaining: 1m 8s
Rendered 7926/14425, time remaining: 1m 8s
Rendered 7927/14425, time remaining: 1m 7s
Rendered 7928/14425, time remaining: 1m 7s
Rendered 7929/14425, time remaining: 1m 8s
Rendered 7930/14425, time remaining: 1m 8s
Rendered 7931/14425, time remaining: 1m 7s
Rendered 7932/14425, time remaining: 1m 7s
Rendered 7933/14425, time remaining: 1m 8s
Rendered 7934/14425, time remaining: 1m 8s
Rendered 7935/14425, time remaining: 1m 7s
Rendered 7936/14425, time remaining: 1m 7s
Rendered 7937/14425, time remaining: 1m 8s
Rendered 7938/14425, time remaining: 1m 8s
Rendered 7939/14425, time remaining: 1m 7s
Rendered 7940/14425, time remaining: 1m 7s
Rendered 7941/14425, time remaining: 1m 8s
Rendered 7942/14425, time remaining: 1m 8s
Rendered 7943/14425, time remaining: 1m 7s
Rendered 7944/14425, time remaining: 1m 7s
Rendered 7945/14425, time remaining: 1m 8s
Rendered 7946/14425, time remaining: 1m 8s
Rendered 7947/14425, time remaining: 1m 7s
Rendered 7948/14425, time remaining: 1m 7s
Rendered 7949/14425, time remaining: 1m 8s
Rendered 7950/14425, time remaining: 1m 8s
Rendered 7951/14425, time remaining: 1m 7s
Rendered 7952/14425, time remaining: 1m 7s
Rendered 7952/14425, time remaining: 1m 7s
Rendered 7953/14425, time remaining: 1m 8s
Rendered 7954/14425, time remaining: 1m 8s
Rendered 7955/14425, time remaining: 1m 7s
Rendered 7956/14425, time remaining: 1m 7s
Rendered 7957/14425, time remaining: 1m 8s
Rendered 7958/14425, time remaining: 1m 8s
Rendered 7959/14425, time remaining: 1m 7s
Rendered 7960/14425, time remaining: 1m 7s
Rendered 7961/14425, time remaining: 1m 8s
Rendered 7962/14425, time remaining: 1m 7s
Rendered 7963/14425, time remaining: 1m 7s
Rendered 7964/14425, time remaining: 1m 7s
Rendered 7965/14425, time remaining: 1m 8s
Rendered 7966/14425, time remaining: 1m 8s
Rendered 7967/14425, time remaining: 1m 7s
Rendered 7968/14425, time remaining: 1m 7s
Rendered 7969/14425, time remaining: 1m 7s
Rendered 7970/14425, time remaining: 1m 7s
Rendered 7971/14425, time remaining: 1m 7s
Rendered 7972/14425, time remaining: 1m 7s
Rendered 7973/14425, time remaining: 1m 7s
Rendered 7974/14425, time remaining: 1m 7s
Rendered 7975/14425, time remaining: 1m 6s
Rendered 7976/14425, time remaining: 1m 6s
Rendered 7977/14425, time remaining: 1m 7s
Rendered 7978/14425, time remaining: 1m 7s
Rendered 7979/14425, time remaining: 1m 6s
Rendered 7980/14425, time remaining: 1m 6s
Rendered 7981/14425, time remaining: 1m 7s
Rendered 7982/14425, time remaining: 1m 7s
Rendered 7983/14425, time remaining: 1m 6s
Rendered 7984/14425, time remaining: 1m 6s
Rendered 7985/14425, time remaining: 1m 7s
Rendered 7986/14425, time remaining: 1m 7s
Rendered 7987/14425, time remaining: 1m 6s
Rendered 7988/14425, time remaining: 1m 6s
Rendered 7989/14425, time remaining: 1m 7s
Rendered 7990/14425, time remaining: 1m 7s
Rendered 7991/14425, time remaining: 1m 6s
Rendered 7992/14425, time remaining: 1m 6s
Rendered 7993/14425, time remaining: 1m 7s
Rendered 7994/14425, time remaining: 1m 7s
Rendered 7995/14425, time remaining: 1m 6s
Rendered 7996/14425, time remaining: 1m 6s
Rendered 7997/14425, time remaining: 1m 7s
Rendered 7998/14425, time remaining: 1m 7s
Rendered 7999/14425, time remaining: 1m 6s
Rendered 8000/14425, time remaining: 1m 6s
Rendered 8001/14425, time remaining: 1m 7s
Rendered 8001/14425, time remaining: 1m 7s
Rendered 8002/14425, time remaining: 1m 7s
Rendered 8003/14425, time remaining: 1m 6s
Rendered 8004/14425, time remaining: 1m 6s
Rendered 8005/14425, time remaining: 1m 7s
Rendered 8006/14425, time remaining: 1m 7s
Rendered 8007/14425, time remaining: 1m 6s
Rendered 8008/14425, time remaining: 1m 6s
Rendered 8009/14425, time remaining: 1m 7s
Rendered 8010/14425, time remaining: 1m 7s
Rendered 8011/14425, time remaining: 1m 6s
Rendered 8012/14425, time remaining: 1m 6s
Rendered 8013/14425, time remaining: 1m 7s
Rendered 8014/14425, time remaining: 1m 7s
Rendered 8015/14425, time remaining: 1m 6s
Rendered 8016/14425, time remaining: 1m 6s
Rendered 8017/14425, time remaining: 1m 7s
Rendered 8018/14425, time remaining: 1m 6s
Rendered 8019/14425, time remaining: 1m 6s
Rendered 8020/14425, time remaining: 1m 6s
Rendered 8021/14425, time remaining: 1m 7s
Rendered 8022/14425, time remaining: 1m 6s
Rendered 8023/14425, time remaining: 1m 6s
Rendered 8024/14425, time remaining: 1m 6s
Rendered 8025/14425, time remaining: 1m 6s
Rendered 8026/14425, time remaining: 1m 6s
Rendered 8027/14425, time remaining: 1m 6s
Rendered 8028/14425, time remaining: 1m 6s
Rendered 8029/14425, time remaining: 1m 6s
Rendered 8030/14425, time remaining: 1m 6s
Rendered 8031/14425, time remaining: 1m 6s
Rendered 8032/14425, time remaining: 1m 6s
Rendered 8033/14425, time remaining: 1m 6s
Rendered 8034/14425, time remaining: 1m 6s
Rendered 8035/14425, time remaining: 1m 6s
Rendered 8036/14425, time remaining: 1m 5s
Rendered 8037/14425, time remaining: 1m 6s
Rendered 8038/14425, time remaining: 1m 6s
Rendered 8039/14425, time remaining: 1m 5s
Rendered 8040/14425, time remaining: 1m 5s
Rendered 8041/14425, time remaining: 1m 6s
Rendered 8042/14425, time remaining: 1m 6s
Rendered 8043/14425, time remaining: 1m 5s
Rendered 8044/14425, time remaining: 1m 5s
Rendered 8045/14425, time remaining: 1m 6s
Rendered 8046/14425, time remaining: 1m 6s
Rendered 8047/14425, time remaining: 1m 5s
Rendered 8048/14425, time remaining: 1m 5s
Rendered 8049/14425, time remaining: 1m 6s
Rendered 8050/14425, time remaining: 1m 6s
Rendered 8050/14425, time remaining: 1m 6s
Rendered 8051/14425, time remaining: 1m 5s
Rendered 8052/14425, time remaining: 1m 5s
Rendered 8053/14425, time remaining: 1m 6s
Rendered 8054/14425, time remaining: 1m 6s
Rendered 8055/14425, time remaining: 1m 5s
Rendered 8056/14425, time remaining: 1m 5s
Rendered 8057/14425, time remaining: 1m 6s
Rendered 8058/14425, time remaining: 1m 6s
Rendered 8059/14425, time remaining: 1m 5s
Rendered 8060/14425, time remaining: 1m 5s
Rendered 8061/14425, time remaining: 1m 6s
Rendered 8062/14425, time remaining: 1m 6s
Rendered 8063/14425, time remaining: 1m 5s
Rendered 8064/14425, time remaining: 1m 5s
Rendered 8065/14425, time remaining: 1m 6s
Rendered 8066/14425, time remaining: 1m 6s
Rendered 8067/14425, time remaining: 1m 6s
Rendered 8068/14425, time remaining: 1m 6s
Rendered 8069/14425, time remaining: 1m 6s
Rendered 8070/14425, time remaining: 1m 6s
Rendered 8071/14425, time remaining: 1m 6s
Rendered 8072/14425, time remaining: 1m 6s
Rendered 8073/14425, time remaining: 1m 6s
Rendered 8074/14425, time remaining: 1m 6s
Rendered 8075/14425, time remaining: 1m 6s
Rendered 8076/14425, time remaining: 1m 6s
Rendered 8077/14425, time remaining: 1m 6s
Rendered 8078/14425, time remaining: 1m 6s
Rendered 8079/14425, time remaining: 1m 5s
Rendered 8080/14425, time remaining: 1m 6s
Rendered 8081/14425, time remaining: 1m 6s
Rendered 8082/14425, time remaining: 1m 6s
Rendered 8083/14425, time remaining: 1m 5s
Rendered 8084/14425, time remaining: 1m 5s
Rendered 8085/14425, time remaining: 1m 6s
Rendered 8086/14425, time remaining: 1m 6s
Rendered 8087/14425, time remaining: 1m 5s
Rendered 8088/14425, time remaining: 1m 5s
Rendered 8089/14425, time remaining: 1m 6s
Rendered 8090/14425, time remaining: 1m 6s
Rendered 8091/14425, time remaining: 1m 5s
Rendered 8092/14425, time remaining: 1m 5s
Rendered 8093/14425, time remaining: 1m 6s
Rendered 8094/14425, time remaining: 1m 6s
Rendered 8095/14425, time remaining: 1m 5s
Rendered 8096/14425, time remaining: 1m 5s
Rendered 8097/14425, time remaining: 1m 6s
Rendered 8097/14425, time remaining: 1m 6s
Rendered 8098/14425, time remaining: 1m 6s
Rendered 8099/14425, time remaining: 1m 5s
Rendered 8100/14425, time remaining: 1m 5s
Rendered 8101/14425, time remaining: 1m 6s
Rendered 8102/14425, time remaining: 1m 6s
Rendered 8103/14425, time remaining: 1m 5s
Rendered 8104/14425, time remaining: 1m 5s
Rendered 8105/14425, time remaining: 1m 6s
Rendered 8106/14425, time remaining: 1m 6s
Rendered 8107/14425, time remaining: 1m 5s
Rendered 8108/14425, time remaining: 1m 5s
Rendered 8109/14425, time remaining: 1m 6s
Rendered 8110/14425, time remaining: 1m 6s
Rendered 8111/14425, time remaining: 1m 5s
Rendered 8112/14425, time remaining: 1m 5s
Rendered 8113/14425, time remaining: 1m 6s
Rendered 8114/14425, time remaining: 1m 6s
Rendered 8115/14425, time remaining: 1m 5s
Rendered 8116/14425, time remaining: 1m 5s
Rendered 8117/14425, time remaining: 1m 6s
Rendered 8118/14425, time remaining: 1m 6s
Rendered 8119/14425, time remaining: 1m 5s
Rendered 8120/14425, time remaining: 1m 5s
Rendered 8121/14425, time remaining: 1m 6s
Rendered 8122/14425, time remaining: 1m 6s
Rendered 8123/14425, time remaining: 1m 5s
Rendered 8124/14425, time remaining: 1m 5s
Rendered 8125/14425, time remaining: 1m 6s
Rendered 8126/14425, time remaining: 1m 6s
Rendered 8127/14425, time remaining: 1m 5s
Rendered 8128/14425, time remaining: 1m 5s
Rendered 8129/14425, time remaining: 1m 6s
Rendered 8130/14425, time remaining: 1m 6s
Rendered 8131/14425, time remaining: 1m 5s
Rendered 8132/14425, time remaining: 1m 5s
Rendered 8133/14425, time remaining: 1m 5s
Rendered 8134/14425, time remaining: 1m 5s
Rendered 8135/14425, time remaining: 1m 5s
Rendered 8136/14425, time remaining: 1m 5s
Rendered 8137/14425, time remaining: 1m 5s
Rendered 8138/14425, time remaining: 1m 5s
Rendered 8139/14425, time remaining: 1m 4s
Rendered 8140/14425, time remaining: 1m 4s
Rendered 8141/14425, time remaining: 1m 4s
Rendered 8142/14425, time remaining: 1m 5s
Rendered 8143/14425, time remaining: 1m 4s
Rendered 8144/14425, time remaining: 1m 4s
Rendered 8145/14425, time remaining: 1m 4s
Rendered 8146/14425, time remaining: 1m 5s
Rendered 8147/14425, time remaining: 1m 4s
Rendered 8148/14425, time remaining: 1m 4s
Rendered 8149/14425, time remaining: 1m 4s
Rendered 8149/14425, time remaining: 1m 4s
Rendered 8150/14425, time remaining: 1m 5s
Rendered 8151/14425, time remaining: 1m 4s
Rendered 8152/14425, time remaining: 1m 4s
Rendered 8153/14425, time remaining: 1m 4s
Rendered 8154/14425, time remaining: 1m 5s
Rendered 8155/14425, time remaining: 1m 4s
Rendered 8156/14425, time remaining: 1m 4s
Rendered 8157/14425, time remaining: 1m 4s
Rendered 8158/14425, time remaining: 1m 5s
Rendered 8159/14425, time remaining: 1m 4s
Rendered 8160/14425, time remaining: 1m 4s
Rendered 8161/14425, time remaining: 1m 4s
Rendered 8162/14425, time remaining: 1m 5s
Rendered 8163/14425, time remaining: 1m 4s
Rendered 8164/14425, time remaining: 1m 4s
Rendered 8165/14425, time remaining: 1m 4s
Rendered 8166/14425, time remaining: 1m 5s
Rendered 8167/14425, time remaining: 1m 4s
Rendered 8168/14425, time remaining: 1m 4s
Rendered 8169/14425, time remaining: 1m 4s
Rendered 8170/14425, time remaining: 1m 4s
Rendered 8171/14425, time remaining: 1m 4s
Rendered 8172/14425, time remaining: 1m 4s
Rendered 8173/14425, time remaining: 1m 4s
Rendered 8174/14425, time remaining: 1m 5s
Rendered 8175/14425, time remaining: 1m 4s
Rendered 8176/14425, time remaining: 1m 4s
Rendered 8177/14425, time remaining: 1m 4s
Rendered 8178/14425, time remaining: 1m 4s
Rendered 8179/14425, time remaining: 1m 4s
Rendered 8180/14425, time remaining: 1m 4s
Rendered 8181/14425, time remaining: 1m 4s
Rendered 8182/14425, time remaining: 1m 4s
Rendered 8183/14425, time remaining: 1m 4s
Rendered 8184/14425, time remaining: 1m 4s
Rendered 8185/14425, time remaining: 1m 3s
Rendered 8186/14425, time remaining: 1m 4s
Rendered 8187/14425, time remaining: 1m 4s
Rendered 8188/14425, time remaining: 1m 3s
Rendered 8189/14425, time remaining: 1m 3s
Rendered 8190/14425, time remaining: 1m 4s
Rendered 8191/14425, time remaining: 1m 4s
Rendered 8192/14425, time remaining: 1m 3s
Rendered 8193/14425, time remaining: 1m 3s
Rendered 8194/14425, time remaining: 1m 4s
Rendered 8195/14425, time remaining: 1m 3s
Rendered 8196/14425, time remaining: 1m 3s
Rendered 8197/14425, time remaining: 1m 3s
Rendered 8197/14425, time remaining: 1m 3s
Rendered 8198/14425, time remaining: 1m 4s
Rendered 8199/14425, time remaining: 1m 3s
Rendered 8200/14425, time remaining: 1m 3s
Rendered 8201/14425, time remaining: 1m 3s
Rendered 8202/14425, time remaining: 1m 4s
Rendered 8203/14425, time remaining: 1m 3s
Rendered 8204/14425, time remaining: 1m 3s
Rendered 8205/14425, time remaining: 1m 3s
Rendered 8206/14425, time remaining: 1m 4s
Rendered 8207/14425, time remaining: 1m 3s
Rendered 8208/14425, time remaining: 1m 3s
Rendered 8209/14425, time remaining: 1m 3s
Rendered 8210/14425, time remaining: 1m 4s
Rendered 8211/14425, time remaining: 1m 3s
Rendered 8212/14425, time remaining: 1m 3s
Rendered 8213/14425, time remaining: 1m 3s
Rendered 8214/14425, time remaining: 1m 4s
Rendered 8215/14425, time remaining: 1m 3s
Rendered 8216/14425, time remaining: 1m 3s
Rendered 8217/14425, time remaining: 1m 3s
Rendered 8218/14425, time remaining: 1m 4s
Rendered 8219/14425, time remaining: 1m 3s
Rendered 8220/14425, time remaining: 1m 3s
Rendered 8221/14425, time remaining: 1m 3s
Rendered 8222/14425, time remaining: 1m 4s
Rendered 8223/14425, time remaining: 1m 3s
Rendered 8224/14425, time remaining: 1m 3s
Rendered 8225/14425, time remaining: 1m 3s
Rendered 8226/14425, time remaining: 1m 3s
Rendered 8227/14425, time remaining: 1m 3s
Rendered 8228/14425, time remaining: 1m 3s
Rendered 8229/14425, time remaining: 1m 3s
Rendered 8230/14425, time remaining: 1m 3s
Rendered 8231/14425, time remaining: 1m 3s
Rendered 8232/14425, time remaining: 1m 3s
Rendered 8233/14425, time remaining: 1m 3s
Rendered 8234/14425, time remaining: 1m 3s
Rendered 8235/14425, time remaining: 1m 3s
Rendered 8236/14425, time remaining: 1m 3s
Rendered 8237/14425, time remaining: 1m 3s
Rendered 8238/14425, time remaining: 1m 3s
Rendered 8239/14425, time remaining: 1m 3s
Rendered 8240/14425, time remaining: 1m 3s
Rendered 8241/14425, time remaining: 1m 3s
Rendered 8242/14425, time remaining: 1m 3s
Rendered 8243/14425, time remaining: 1m 3s
Rendered 8244/14425, time remaining: 1m 3s
Rendered 8245/14425, time remaining: 1m 3s
Rendered 8246/14425, time remaining: 1m 3s
Rendered 8246/14425, time remaining: 1m 3s
Rendered 8247/14425, time remaining: 1m 3s
Rendered 8248/14425, time remaining: 1m 3s
Rendered 8249/14425, time remaining: 1m 3s
Rendered 8250/14425, time remaining: 1m 3s
Rendered 8251/14425, time remaining: 1m 3s
Rendered 8252/14425, time remaining: 1m 3s
Rendered 8253/14425, time remaining: 1m 3s
Rendered 8254/14425, time remaining: 1m 3s
Rendered 8255/14425, time remaining: 1m 3s
Rendered 8256/14425, time remaining: 1m 3s
Rendered 8257/14425, time remaining: 1m 3s
Rendered 8258/14425, time remaining: 1m 2s
Rendered 8259/14425, time remaining: 1m 3s
Rendered 8260/14425, time remaining: 1m 3s
Rendered 8261/14425, time remaining: 1m 2s
Rendered 8262/14425, time remaining: 1m 2s
Rendered 8263/14425, time remaining: 1m 2s
Rendered 8264/14425, time remaining: 1m 2s
Rendered 8265/14425, time remaining: 1m 2s
Rendered 8266/14425, time remaining: 1m 2s
Rendered 8267/14425, time remaining: 1m 2s
Rendered 8268/14425, time remaining: 1m 2s
Rendered 8269/14425, time remaining: 1m 2s
Rendered 8270/14425, time remaining: 1m 2s
Rendered 8271/14425, time remaining: 1m 2s
Rendered 8272/14425, time remaining: 1m 2s
Rendered 8273/14425, time remaining: 1m 2s
Rendered 8274/14425, time remaining: 1m 2s
Rendered 8275/14425, time remaining: 1m 2s
Rendered 8276/14425, time remaining: 1m 2s
Rendered 8277/14425, time remaining: 1m 2s
Rendered 8278/14425, time remaining: 1m 2s
Rendered 8279/14425, time remaining: 1m 3s
Rendered 8280/14425, time remaining: 1m 3s
Rendered 8281/14425, time remaining: 1m 2s
Rendered 8282/14425, time remaining: 1m 2s
Rendered 8283/14425, time remaining: 1m 3s
Rendered 8284/14425, time remaining: 1m 3s
Rendered 8285/14425, time remaining: 1m 3s
Rendered 8286/14425, time remaining: 1m 3s
Rendered 8287/14425, time remaining: 1m 3s
Rendered 8288/14425, time remaining: 1m 3s
Rendered 8289/14425, time remaining: 1m 3s
Rendered 8290/14425, time remaining: 1m 3s
Rendered 8291/14425, time remaining: 1m 3s
Rendered 8292/14425, time remaining: 1m 3s
Rendered 8293/14425, time remaining: 1m 3s
Rendered 8294/14425, time remaining: 1m 3s
Rendered 8294/14425, time remaining: 1m 3s
Rendered 8295/14425, time remaining: 1m 4s
Rendered 8296/14425, time remaining: 1m 3s
Rendered 8297/14425, time remaining: 1m 3s
Rendered 8298/14425, time remaining: 1m 3s
Rendered 8299/14425, time remaining: 1m 4s
Rendered 8300/14425, time remaining: 1m 3s
Rendered 8301/14425, time remaining: 1m 3s
Rendered 8302/14425, time remaining: 1m 3s
Rendered 8303/14425, time remaining: 1m 4s
Rendered 8304/14425, time remaining: 1m 3s
Rendered 8305/14425, time remaining: 1m 3s
Rendered 8306/14425, time remaining: 1m 3s
Rendered 8307/14425, time remaining: 1m 4s
Rendered 8308/14425, time remaining: 1m 3s
Rendered 8309/14425, time remaining: 1m 3s
Rendered 8310/14425, time remaining: 1m 3s
Rendered 8311/14425, time remaining: 1m 4s
Rendered 8312/14425, time remaining: 1m 3s
Rendered 8313/14425, time remaining: 1m 3s
Rendered 8314/14425, time remaining: 1m 3s
Rendered 8315/14425, time remaining: 1m 4s
Rendered 8316/14425, time remaining: 1m 3s
Rendered 8317/14425, time remaining: 1m 3s
Rendered 8318/14425, time remaining: 1m 3s
Rendered 8319/14425, time remaining: 1m 4s
Rendered 8320/14425, time remaining: 1m 3s
Rendered 8321/14425, time remaining: 1m 3s
Rendered 8322/14425, time remaining: 1m 3s
Rendered 8323/14425, time remaining: 1m 4s
Rendered 8324/14425, time remaining: 1m 3s
Rendered 8325/14425, time remaining: 1m 3s
Rendered 8326/14425, time remaining: 1m 3s
Rendered 8327/14425, time remaining: 1m 4s
Rendered 8328/14425, time remaining: 1m 3s
Rendered 8329/14425, time remaining: 1m 3s
Rendered 8330/14425, time remaining: 1m 3s
Rendered 8331/14425, time remaining: 1m 3s
Rendered 8332/14425, time remaining: 1m 3s
Rendered 8333/14425, time remaining: 1m 3s
Rendered 8334/14425, time remaining: 1m 3s
Rendered 8335/14425, time remaining: 1m 3s
Rendered 8336/14425, time remaining: 1m 3s
Rendered 8337/14425, time remaining: 1m 3s
Rendered 8338/14425, time remaining: 1m 3s
Rendered 8339/14425, time remaining: 1m 3s
Rendered 8340/14425, time remaining: 1m 3s
Rendered 8341/14425, time remaining: 1m 3s
Rendered 8342/14425, time remaining: 1m 3s
Rendered 8342/14425, time remaining: 1m 3s
Rendered 8343/14425, time remaining: 1m 3s
Rendered 8344/14425, time remaining: 1m 3s
Rendered 8345/14425, time remaining: 1m 3s
Rendered 8346/14425, time remaining: 1m 3s
Rendered 8347/14425, time remaining: 1m 3s
Rendered 8348/14425, time remaining: 1m 2s
Rendered 8349/14425, time remaining: 1m 2s
Rendered 8350/14425, time remaining: 1m 2s
Rendered 8351/14425, time remaining: 1m 3s
Rendered 8352/14425, time remaining: 1m 2s
Rendered 8353/14425, time remaining: 1m 2s
Rendered 8354/14425, time remaining: 1m 2s
Rendered 8355/14425, time remaining: 1m 3s
Rendered 8356/14425, time remaining: 1m 2s
Rendered 8357/14425, time remaining: 1m 2s
Rendered 8358/14425, time remaining: 1m 2s
Rendered 8359/14425, time remaining: 1m 3s
Rendered 8360/14425, time remaining: 1m 2s
Rendered 8361/14425, time remaining: 1m 2s
Rendered 8362/14425, time remaining: 1m 2s
Rendered 8363/14425, time remaining: 1m 3s
Rendered 8364/14425, time remaining: 1m 2s
Rendered 8365/14425, time remaining: 1m 2s
Rendered 8366/14425, time remaining: 1m 2s
Rendered 8367/14425, time remaining: 1m 3s
Rendered 8368/14425, time remaining: 1m 2s
Rendered 8369/14425, time remaining: 1m 2s
Rendered 8370/14425, time remaining: 1m 2s
Rendered 8371/14425, time remaining: 1m 3s
Rendered 8372/14425, time remaining: 1m 2s
Rendered 8373/14425, time remaining: 1m 2s
Rendered 8374/14425, time remaining: 1m 2s
Rendered 8375/14425, time remaining: 1m 3s
Rendered 8376/14425, time remaining: 1m 3s
Rendered 8377/14425, time remaining: 1m 2s
Rendered 8378/14425, time remaining: 1m 2s
Rendered 8379/14425, time remaining: 1m 3s
Rendered 8380/14425, time remaining: 1m 3s
Rendered 8381/14425, time remaining: 1m 2s
Rendered 8382/14425, time remaining: 1m 2s
Rendered 8383/14425, time remaining: 1m 3s
Rendered 8384/14425, time remaining: 1m 3s
Rendered 8385/14425, time remaining: 1m 2s
Rendered 8386/14425, time remaining: 1m 2s
Rendered 8387/14425, time remaining: 1m 3s
Rendered 8388/14425, time remaining: 1m 3s
Rendered 8389/14425, time remaining: 1m 2s
Rendered 8390/14425, time remaining: 1m 2s
Rendered 8390/14425, time remaining: 1m 2s
Rendered 8391/14425, time remaining: 1m 3s
Rendered 8392/14425, time remaining: 1m 3s
Rendered 8393/14425, time remaining: 1m 2s
Rendered 8394/14425, time remaining: 1m 2s
Rendered 8395/14425, time remaining: 1m 3s
Rendered 8396/14425, time remaining: 1m 3s
Rendered 8397/14425, time remaining: 1m 2s
Rendered 8398/14425, time remaining: 1m 2s
Rendered 8399/14425, time remaining: 1m 3s
Rendered 8400/14425, time remaining: 1m 3s
Rendered 8401/14425, time remaining: 1m 2s
Rendered 8402/14425, time remaining: 1m 2s
Rendered 8403/14425, time remaining: 1m 3s
Rendered 8404/14425, time remaining: 1m 3s
Rendered 8405/14425, time remaining: 1m 2s
Rendered 8406/14425, time remaining: 1m 2s
Rendered 8407/14425, time remaining: 1m 3s
Rendered 8408/14425, time remaining: 1m 3s
Rendered 8409/14425, time remaining: 1m 2s
Rendered 8410/14425, time remaining: 1m 2s
Rendered 8411/14425, time remaining: 1m 3s
Rendered 8412/14425, time remaining: 1m 3s
Rendered 8413/14425, time remaining: 1m 2s
Rendered 8414/14425, time remaining: 1m 2s
Rendered 8415/14425, time remaining: 1m 2s
Rendered 8416/14425, time remaining: 1m 2s
Rendered 8417/14425, time remaining: 1m 2s
Rendered 8418/14425, time remaining: 1m 2s
Rendered 8419/14425, time remaining: 1m 2s
Rendered 8420/14425, time remaining: 1m 2s
Rendered 8421/14425, time remaining: 1m 2s
Rendered 8422/14425, time remaining: 1m 2s
Rendered 8423/14425, time remaining: 1m 2s
Rendered 8424/14425, time remaining: 1m 2s
Rendered 8425/14425, time remaining: 1m 2s
Rendered 8426/14425, time remaining: 1m 2s
Rendered 8427/14425, time remaining: 1m 2s
Rendered 8428/14425, time remaining: 1m 2s
Rendered 8429/14425, time remaining: 1m 2s
Rendered 8430/14425, time remaining: 1m 2s
Rendered 8431/14425, time remaining: 1m 2s
Rendered 8432/14425, time remaining: 1m 2s
Rendered 8433/14425, time remaining: 1m 2s
Rendered 8434/14425, time remaining: 1m 2s
Rendered 8435/14425, time remaining: 1m 2s
Rendered 8436/14425, time remaining: 1m 2s
Rendered 8437/14425, time remaining: 1m 2s
Rendered 8438/14425, time remaining: 1m 2s
Rendered 8438/14425, time remaining: 1m 2s
Rendered 8439/14425, time remaining: 1m 2s
Rendered 8440/14425, time remaining: 1m 2s
Rendered 8441/14425, time remaining: 1m 1s
Rendered 8442/14425, time remaining: 1m 2s
Rendered 8443/14425, time remaining: 1m 2s
Rendered 8444/14425, time remaining: 1m 2s
Rendered 8445/14425, time remaining: 1m 1s
Rendered 8446/14425, time remaining: 1m 2s
Rendered 8447/14425, time remaining: 1m 2s
Rendered 8448/14425, time remaining: 1m 2s
Rendered 8449/14425, time remaining: 1m 1s
Rendered 8450/14425, time remaining: 1m 1s
Rendered 8451/14425, time remaining: 1m 2s
Rendered 8452/14425, time remaining: 1m 2s
Rendered 8453/14425, time remaining: 1m 1s
Rendered 8454/14425, time remaining: 1m 1s
Rendered 8455/14425, time remaining: 1m 2s
Rendered 8456/14425, time remaining: 1m 2s
Rendered 8457/14425, time remaining: 1m 1s
Rendered 8458/14425, time remaining: 1m 1s
Rendered 8459/14425, time remaining: 1m 2s
Rendered 8460/14425, time remaining: 1m 2s
Rendered 8461/14425, time remaining: 1m 1s
Rendered 8462/14425, time remaining: 1m 1s
Rendered 8463/14425, time remaining: 1m 2s
Rendered 8464/14425, time remaining: 1m 2s
Rendered 8465/14425, time remaining: 1m 1s
Rendered 8466/14425, time remaining: 1m 1s
Rendered 8467/14425, time remaining: 1m 2s
Rendered 8468/14425, time remaining: 1m 1s
Rendered 8469/14425, time remaining: 1m 1s
Rendered 8470/14425, time remaining: 1m 1s
Rendered 8471/14425, time remaining: 1m 2s
Rendered 8472/14425, time remaining: 1m 2s
Rendered 8473/14425, time remaining: 1m 1s
Rendered 8474/14425, time remaining: 1m 1s
Rendered 8475/14425, time remaining: 1m 1s
Rendered 8476/14425, time remaining: 1m 1s
Rendered 8477/14425, time remaining: 1m 1s
Rendered 8478/14425, time remaining: 1m 1s
Rendered 8479/14425, time remaining: 1m 1s
Rendered 8480/14425, time remaining: 1m 1s
Rendered 8481/14425, time remaining: 1m 1s
Rendered 8482/14425, time remaining: 1m 1s
Rendered 8483/14425, time remaining: 1m 1s
Rendered 8484/14425, time remaining: 1m 1s
Rendered 8485/14425, time remaining: 1m 1s
Rendered 8486/14425, time remaining: 1m 1s
Rendered 8487/14425, time remaining: 1m 1s
Rendered 8487/14425, time remaining: 1m 1s
Rendered 8488/14425, time remaining: 1m 1s
Rendered 8489/14425, time remaining: 1m 1s
Rendered 8490/14425, time remaining: 1m 1s
Rendered 8491/14425, time remaining: 1m 1s
Rendered 8492/14425, time remaining: 1m 1s
Rendered 8493/14425, time remaining: 1m 1s
Rendered 8494/14425, time remaining: 1m 1s
Rendered 8495/14425, time remaining: 1m 1s
Rendered 8496/14425, time remaining: 1m 1s
Rendered 8497/14425, time remaining: 1m 1s
Rendered 8498/14425, time remaining: 1m 1s
Rendered 8499/14425, time remaining: 1m 1s
Rendered 8500/14425, time remaining: 1m 1s
Rendered 8501/14425, time remaining: 1m 0s
Rendered 8502/14425, time remaining: 1m 0s
Rendered 8503/14425, time remaining: 1m 1s
Rendered 8504/14425, time remaining: 1m 1s
Rendered 8505/14425, time remaining: 1m 0s
Rendered 8506/14425, time remaining: 1m 0s
Rendered 8507/14425, time remaining: 1m 1s
Rendered 8508/14425, time remaining: 1m 1s
Rendered 8509/14425, time remaining: 1m 0s
Rendered 8510/14425, time remaining: 1m 0s
Rendered 8511/14425, time remaining: 1m 1s
Rendered 8512/14425, time remaining: 1m 1s
Rendered 8513/14425, time remaining: 1m 0s
Rendered 8514/14425, time remaining: 1m 0s
Rendered 8515/14425, time remaining: 1m 1s
Rendered 8516/14425, time remaining: 1m 1s
Rendered 8517/14425, time remaining: 1m 0s
Rendered 8518/14425, time remaining: 1m 0s
Rendered 8519/14425, time remaining: 1m 1s
Rendered 8520/14425, time remaining: 1m 1s
Rendered 8521/14425, time remaining: 1m 0s
Rendered 8522/14425, time remaining: 1m 0s
Rendered 8523/14425, time remaining: 1m 1s
Rendered 8524/14425, time remaining: 1m 1s
Rendered 8525/14425, time remaining: 1m 0s
Rendered 8526/14425, time remaining: 1m 0s
Rendered 8527/14425, time remaining: 1m 1s
Rendered 8528/14425, time remaining: 1m 1s
Rendered 8529/14425, time remaining: 1m 0s
Rendered 8530/14425, time remaining: 1m 0s
Rendered 8531/14425, time remaining: 1m 1s
Rendered 8532/14425, time remaining: 1m 1s
Rendered 8533/14425, time remaining: 1m 0s
Rendered 8534/14425, time remaining: 1m 0s
Rendered 8535/14425, time remaining: 1m 1s
Rendered 8536/14425, time remaining: 1m 1s
Rendered 8537/14425, time remaining: 1m 0s
Rendered 8537/14425, time remaining: 1m 0s
Rendered 8538/14425, time remaining: 1m 0s
Rendered 8539/14425, time remaining: 1m 1s
Rendered 8540/14425, time remaining: 1m 1s
Rendered 8541/14425, time remaining: 1m 0s
Rendered 8542/14425, time remaining: 1m 0s
Rendered 8543/14425, time remaining: 1m 1s
Rendered 8544/14425, time remaining: 1m 0s
Rendered 8545/14425, time remaining: 1m 0s
Rendered 8546/14425, time remaining: 1m 0s
Rendered 8547/14425, time remaining: 1m 0s
Rendered 8548/14425, time remaining: 1m 0s
Rendered 8549/14425, time remaining: 1m 0s
Rendered 8550/14425, time remaining: 1m 0s
Rendered 8551/14425, time remaining: 1m 0s
Rendered 8552/14425, time remaining: 1m 0s
Rendered 8553/14425, time remaining: 1m 0s
Rendered 8554/14425, time remaining: 1m 0s
Rendered 8555/14425, time remaining: 1m 0s
Rendered 8556/14425, time remaining: 1m 0s
Rendered 8557/14425, time remaining: 1m 0s
Rendered 8558/14425, time remaining: 1m 0s
Rendered 8559/14425, time remaining: 1m 0s
Rendered 8560/14425, time remaining: 1m 0s
Rendered 8561/14425, time remaining: 59s
Rendered 8562/14425, time remaining: 59s
Rendered 8563/14425, time remaining: 1m 0s
Rendered 8564/14425, time remaining: 1m 0s
Rendered 8565/14425, time remaining: 1m 0s
Rendered 8566/14425, time remaining: 1m 0s
Rendered 8567/14425, time remaining: 1m 0s
Rendered 8568/14425, time remaining: 1m 0s
Rendered 8569/14425, time remaining: 59s
Rendered 8570/14425, time remaining: 59s
Rendered 8571/14425, time remaining: 1m 0s
Rendered 8572/14425, time remaining: 1m 0s
Rendered 8573/14425, time remaining: 59s
Rendered 8574/14425, time remaining: 59s
Rendered 8575/14425, time remaining: 1m 0s
Rendered 8576/14425, time remaining: 1m 0s
Rendered 8577/14425, time remaining: 59s
Rendered 8578/14425, time remaining: 59s
Rendered 8579/14425, time remaining: 1m 0s
Rendered 8580/14425, time remaining: 1m 0s
Rendered 8581/14425, time remaining: 59s
Rendered 8582/14425, time remaining: 59s
Rendered 8583/14425, time remaining: 1m 0s
Rendered 8584/14425, time remaining: 1m 0s
Rendered 8585/14425, time remaining: 59s
Rendered 8586/14425, time remaining: 59s
Rendered 8586/14425, time remaining: 59s
Rendered 8587/14425, time remaining: 1m 0s
Rendered 8588/14425, time remaining: 1m 0s
Rendered 8589/14425, time remaining: 59s
Rendered 8590/14425, time remaining: 59s
Rendered 8591/14425, time remaining: 1m 0s
Rendered 8592/14425, time remaining: 1m 0s
Rendered 8593/14425, time remaining: 59s
Rendered 8594/14425, time remaining: 59s
Rendered 8595/14425, time remaining: 1m 0s
Rendered 8596/14425, time remaining: 1m 0s
Rendered 8597/14425, time remaining: 59s
Rendered 8598/14425, time remaining: 59s
Rendered 8599/14425, time remaining: 1m 0s
Rendered 8600/14425, time remaining: 1m 0s
Rendered 8601/14425, time remaining: 59s
Rendered 8602/14425, time remaining: 59s
Rendered 8603/14425, time remaining: 1m 0s
Rendered 8604/14425, time remaining: 1m 0s
Rendered 8605/14425, time remaining: 59s
Rendered 8606/14425, time remaining: 59s
Rendered 8607/14425, time remaining: 1m 0s
Rendered 8608/14425, time remaining: 1m 0s
Rendered 8609/14425, time remaining: 59s
Rendered 8610/14425, time remaining: 1m 0s
Rendered 8611/14425, time remaining: 1m 0s
Rendered 8612/14425, time remaining: 1m 0s
Rendered 8613/14425, time remaining: 59s
Rendered 8614/14425, time remaining: 1m 0s
Rendered 8615/14425, time remaining: 1m 0s
Rendered 8616/14425, time remaining: 1m 0s
Rendered 8617/14425, time remaining: 59s
Rendered 8618/14425, time remaining: 59s
Rendered 8619/14425, time remaining: 1m 0s
Rendered 8620/14425, time remaining: 1m 0s
Rendered 8621/14425, time remaining: 59s
Rendered 8622/14425, time remaining: 59s
Rendered 8623/14425, time remaining: 1m 0s
Rendered 8624/14425, time remaining: 1m 0s
Rendered 8625/14425, time remaining: 59s
Rendered 8626/14425, time remaining: 59s
Rendered 8627/14425, time remaining: 1m 0s
Rendered 8628/14425, time remaining: 1m 0s
Rendered 8629/14425, time remaining: 59s
Rendered 8630/14425, time remaining: 59s
Rendered 8631/14425, time remaining: 1m 0s
Rendered 8632/14425, time remaining: 1m 0s
Rendered 8633/14425, time remaining: 59s
Rendered 8634/14425, time remaining: 59s
Rendered 8634/14425, time remaining: 59s
Rendered 8635/14425, time remaining: 1m 0s
Rendered 8636/14425, time remaining: 1m 0s
Rendered 8637/14425, time remaining: 59s
Rendered 8638/14425, time remaining: 59s
Rendered 8639/14425, time remaining: 1m 0s
Rendered 8640/14425, time remaining: 59s
Rendered 8641/14425, time remaining: 59s
Rendered 8642/14425, time remaining: 59s
Rendered 8643/14425, time remaining: 59s
Rendered 8644/14425, time remaining: 59s
Rendered 8645/14425, time remaining: 59s
Rendered 8646/14425, time remaining: 59s
Rendered 8647/14425, time remaining: 59s
Rendered 8648/14425, time remaining: 59s
Rendered 8649/14425, time remaining: 59s
Rendered 8650/14425, time remaining: 59s
Rendered 8651/14425, time remaining: 59s
Rendered 8652/14425, time remaining: 59s
Rendered 8653/14425, time remaining: 59s
Rendered 8654/14425, time remaining: 59s
Rendered 8655/14425, time remaining: 59s
Rendered 8656/14425, time remaining: 59s
Rendered 8657/14425, time remaining: 59s
Rendered 8658/14425, time remaining: 59s
Rendered 8659/14425, time remaining: 59s
Rendered 8660/14425, time remaining: 59s
Rendered 8661/14425, time remaining: 59s
Rendered 8662/14425, time remaining: 59s
Rendered 8663/14425, time remaining: 59s
Rendered 8664/14425, time remaining: 59s
Rendered 8665/14425, time remaining: 58s
Rendered 8666/14425, time remaining: 58s
Rendered 8667/14425, time remaining: 59s
Rendered 8668/14425, time remaining: 59s
Rendered 8669/14425, time remaining: 59s
Rendered 8670/14425, time remaining: 59s
Rendered 8671/14425, time remaining: 59s
Rendered 8672/14425, time remaining: 59s
Rendered 8673/14425, time remaining: 59s
Rendered 8674/14425, time remaining: 59s
Rendered 8675/14425, time remaining: 59s
Rendered 8676/14425, time remaining: 1m 0s
Rendered 8677/14425, time remaining: 59s
Rendered 8678/14425, time remaining: 59s
Rendered 8679/14425, time remaining: 59s
Rendered 8680/14425, time remaining: 59s
Rendered 8681/14425, time remaining: 59s
Rendered 8682/14425, time remaining: 59s
Rendered 8682/14425, time remaining: 59s
Rendered 8683/14425, time remaining: 59s
Rendered 8684/14425, time remaining: 59s
Rendered 8685/14425, time remaining: 59s
Rendered 8686/14425, time remaining: 59s
Rendered 8687/14425, time remaining: 59s
Rendered 8688/14425, time remaining: 59s
Rendered 8689/14425, time remaining: 59s
Rendered 8690/14425, time remaining: 59s
Rendered 8691/14425, time remaining: 59s
Rendered 8692/14425, time remaining: 59s
Rendered 8693/14425, time remaining: 58s
Rendered 8694/14425, time remaining: 59s
Rendered 8695/14425, time remaining: 59s
Rendered 8696/14425, time remaining: 59s
Rendered 8697/14425, time remaining: 58s
Rendered 8698/14425, time remaining: 58s
Rendered 8699/14425, time remaining: 59s
Rendered 8700/14425, time remaining: 59s
Rendered 8701/14425, time remaining: 58s
Rendered 8702/14425, time remaining: 58s
Rendered 8703/14425, time remaining: 59s
Rendered 8704/14425, time remaining: 59s
Rendered 8705/14425, time remaining: 58s
Rendered 8706/14425, time remaining: 58s
Rendered 8707/14425, time remaining: 59s
Rendered 8708/14425, time remaining: 59s
Rendered 8709/14425, time remaining: 58s
Rendered 8710/14425, time remaining: 58s
Rendered 8711/14425, time remaining: 59s
Rendered 8712/14425, time remaining: 59s
Rendered 8713/14425, time remaining: 58s
Rendered 8714/14425, time remaining: 58s
Rendered 8715/14425, time remaining: 59s
Rendered 8716/14425, time remaining: 59s
Rendered 8717/14425, time remaining: 58s
Rendered 8718/14425, time remaining: 58s
Rendered 8719/14425, time remaining: 59s
Rendered 8720/14425, time remaining: 59s
Rendered 8721/14425, time remaining: 58s
Rendered 8722/14425, time remaining: 58s
Rendered 8723/14425, time remaining: 59s
Rendered 8724/14425, time remaining: 59s
Rendered 8725/14425, time remaining: 58s
Rendered 8726/14425, time remaining: 58s
Rendered 8727/14425, time remaining: 59s
Rendered 8728/14425, time remaining: 59s
Rendered 8729/14425, time remaining: 58s
Rendered 8730/14425, time remaining: 58s
Rendered 8730/14425, time remaining: 58s
Rendered 8731/14425, time remaining: 59s
Rendered 8732/14425, time remaining: 59s
Rendered 8733/14425, time remaining: 58s
Rendered 8734/14425, time remaining: 58s
Rendered 8735/14425, time remaining: 59s
Rendered 8736/14425, time remaining: 59s
Rendered 8737/14425, time remaining: 58s
Rendered 8738/14425, time remaining: 58s
Rendered 8739/14425, time remaining: 59s
Rendered 8740/14425, time remaining: 59s
Rendered 8741/14425, time remaining: 58s
Rendered 8742/14425, time remaining: 58s
Rendered 8743/14425, time remaining: 59s
Rendered 8744/14425, time remaining: 59s
Rendered 8745/14425, time remaining: 58s
Rendered 8746/14425, time remaining: 58s
Rendered 8747/14425, time remaining: 59s
Rendered 8748/14425, time remaining: 59s
Rendered 8749/14425, time remaining: 58s
Rendered 8750/14425, time remaining: 58s
Rendered 8751/14425, time remaining: 59s
Rendered 8752/14425, time remaining: 59s
Rendered 8753/14425, time remaining: 58s
Rendered 8754/14425, time remaining: 58s
Rendered 8755/14425, time remaining: 59s
Rendered 8756/14425, time remaining: 59s
Rendered 8757/14425, time remaining: 58s
Rendered 8758/14425, time remaining: 58s
Rendered 8759/14425, time remaining: 59s
Rendered 8760/14425, time remaining: 58s
Rendered 8761/14425, time remaining: 58s
Rendered 8762/14425, time remaining: 58s
Rendered 8763/14425, time remaining: 58s
Rendered 8764/14425, time remaining: 58s
Rendered 8765/14425, time remaining: 58s
Rendered 8766/14425, time remaining: 58s
Rendered 8767/14425, time remaining: 59s
Rendered 8768/14425, time remaining: 58s
Rendered 8769/14425, time remaining: 58s
Rendered 8770/14425, time remaining: 58s
Rendered 8771/14425, time remaining: 59s
Rendered 8772/14425, time remaining: 59s
Rendered 8773/14425, time remaining: 58s
Rendered 8774/14425, time remaining: 58s
Rendered 8775/14425, time remaining: 59s
Rendered 8776/14425, time remaining: 59s
Rendered 8777/14425, time remaining: 58s
Rendered 8778/14425, time remaining: 58s
Rendered 8778/14425, time remaining: 58s
Rendered 8779/14425, time remaining: 59s
Rendered 8780/14425, time remaining: 59s
Rendered 8781/14425, time remaining: 58s
Rendered 8782/14425, time remaining: 58s
Rendered 8783/14425, time remaining: 59s
Rendered 8784/14425, time remaining: 59s
Rendered 8785/14425, time remaining: 58s
Rendered 8786/14425, time remaining: 58s
Rendered 8787/14425, time remaining: 59s
Rendered 8788/14425, time remaining: 59s
Rendered 8789/14425, time remaining: 58s
Rendered 8790/14425, time remaining: 58s
Rendered 8791/14425, time remaining: 59s
Rendered 8792/14425, time remaining: 59s
Rendered 8793/14425, time remaining: 58s
Rendered 8794/14425, time remaining: 58s
Rendered 8795/14425, time remaining: 59s
Rendered 8796/14425, time remaining: 59s
Rendered 8797/14425, time remaining: 58s
Rendered 8798/14425, time remaining: 58s
Rendered 8799/14425, time remaining: 58s
Rendered 8800/14425, time remaining: 58s
Rendered 8801/14425, time remaining: 58s
Rendered 8802/14425, time remaining: 58s
Rendered 8803/14425, time remaining: 59s
Rendered 8804/14425, time remaining: 59s
Rendered 8805/14425, time remaining: 58s
Rendered 8806/14425, time remaining: 58s
Rendered 8807/14425, time remaining: 58s
Rendered 8808/14425, time remaining: 58s
Rendered 8809/14425, time remaining: 58s
Rendered 8810/14425, time remaining: 58s
Rendered 8811/14425, time remaining: 58s
Rendered 8812/14425, time remaining: 58s
Rendered 8813/14425, time remaining: 58s
Rendered 8814/14425, time remaining: 58s
Rendered 8815/14425, time remaining: 58s
Rendered 8816/14425, time remaining: 58s
Rendered 8817/14425, time remaining: 58s
Rendered 8818/14425, time remaining: 58s
Rendered 8819/14425, time remaining: 58s
Rendered 8820/14425, time remaining: 58s
Rendered 8821/14425, time remaining: 58s
Rendered 8822/14425, time remaining: 58s
Rendered 8823/14425, time remaining: 58s
Rendered 8824/14425, time remaining: 58s
Rendered 8825/14425, time remaining: 58s
Rendered 8826/14425, time remaining: 58s
Rendered 8826/14425, time remaining: 58s
Rendered 8827/14425, time remaining: 58s
Rendered 8828/14425, time remaining: 58s
Rendered 8829/14425, time remaining: 57s
Rendered 8830/14425, time remaining: 57s
Rendered 8831/14425, time remaining: 58s
Rendered 8832/14425, time remaining: 58s
Rendered 8833/14425, time remaining: 57s
Rendered 8834/14425, time remaining: 57s
Rendered 8835/14425, time remaining: 58s
Rendered 8836/14425, time remaining: 58s
Rendered 8837/14425, time remaining: 57s
Rendered 8838/14425, time remaining: 57s
Rendered 8839/14425, time remaining: 58s
Rendered 8840/14425, time remaining: 58s
Rendered 8841/14425, time remaining: 57s
Rendered 8842/14425, time remaining: 57s
Rendered 8843/14425, time remaining: 58s
Rendered 8844/14425, time remaining: 58s
Rendered 8845/14425, time remaining: 57s
Rendered 8846/14425, time remaining: 57s
Rendered 8847/14425, time remaining: 58s
Rendered 8848/14425, time remaining: 58s
Rendered 8849/14425, time remaining: 57s
Rendered 8850/14425, time remaining: 57s
Rendered 8851/14425, time remaining: 58s
Rendered 8852/14425, time remaining: 58s
Rendered 8853/14425, time remaining: 57s
Rendered 8854/14425, time remaining: 57s
Rendered 8855/14425, time remaining: 58s
Rendered 8856/14425, time remaining: 58s
Rendered 8857/14425, time remaining: 57s
Rendered 8858/14425, time remaining: 57s
Rendered 8859/14425, time remaining: 58s
Rendered 8860/14425, time remaining: 58s
Rendered 8861/14425, time remaining: 57s
Rendered 8862/14425, time remaining: 57s
Rendered 8863/14425, time remaining: 58s
Rendered 8864/14425, time remaining: 58s
Rendered 8865/14425, time remaining: 57s
Rendered 8866/14425, time remaining: 57s
Rendered 8867/14425, time remaining: 58s
Rendered 8868/14425, time remaining: 58s
Rendered 8869/14425, time remaining: 57s
Rendered 8870/14425, time remaining: 57s
Rendered 8871/14425, time remaining: 58s
Rendered 8872/14425, time remaining: 58s
Rendered 8873/14425, time remaining: 57s
Rendered 8874/14425, time remaining: 57s
Rendered 8875/14425, time remaining: 58s
Rendered 8875/14425, time remaining: 58s
Rendered 8876/14425, time remaining: 58s
Rendered 8877/14425, time remaining: 57s
Rendered 8878/14425, time remaining: 57s
Rendered 8879/14425, time remaining: 58s
Rendered 8880/14425, time remaining: 58s
Rendered 8881/14425, time remaining: 57s
Rendered 8882/14425, time remaining: 57s
Rendered 8883/14425, time remaining: 58s
Rendered 8884/14425, time remaining: 58s
Rendered 8885/14425, time remaining: 57s
Rendered 8886/14425, time remaining: 57s
Rendered 8887/14425, time remaining: 58s
Rendered 8888/14425, time remaining: 58s
Rendered 8889/14425, time remaining: 57s
Rendered 8890/14425, time remaining: 57s
Rendered 8891/14425, time remaining: 58s
Rendered 8892/14425, time remaining: 58s
Rendered 8893/14425, time remaining: 57s
Rendered 8894/14425, time remaining: 57s
Rendered 8895/14425, time remaining: 57s
Rendered 8896/14425, time remaining: 57s
Rendered 8897/14425, time remaining: 57s
Rendered 8898/14425, time remaining: 57s
Rendered 8899/14425, time remaining: 57s
Rendered 8900/14425, time remaining: 57s
Rendered 8901/14425, time remaining: 57s
Rendered 8902/14425, time remaining: 57s
Rendered 8903/14425, time remaining: 57s
Rendered 8904/14425, time remaining: 57s
Rendered 8905/14425, time remaining: 57s
Rendered 8906/14425, time remaining: 57s
Rendered 8907/14425, time remaining: 57s
Rendered 8908/14425, time remaining: 57s
Rendered 8909/14425, time remaining: 57s
Rendered 8910/14425, time remaining: 57s
Rendered 8911/14425, time remaining: 57s
Rendered 8912/14425, time remaining: 57s
Rendered 8913/14425, time remaining: 57s
Rendered 8914/14425, time remaining: 57s
Rendered 8915/14425, time remaining: 57s
Rendered 8916/14425, time remaining: 57s
Rendered 8917/14425, time remaining: 57s
Rendered 8918/14425, time remaining: 57s
Rendered 8919/14425, time remaining: 57s
Rendered 8920/14425, time remaining: 57s
Rendered 8921/14425, time remaining: 56s
Rendered 8922/14425, time remaining: 57s
Rendered 8922/14425, time remaining: 57s
Rendered 8923/14425, time remaining: 57s
Rendered 8924/14425, time remaining: 57s
Rendered 8925/14425, time remaining: 57s
Rendered 8926/14425, time remaining: 57s
Rendered 8927/14425, time remaining: 57s
Rendered 8928/14425, time remaining: 57s
Rendered 8929/14425, time remaining: 57s
Rendered 8930/14425, time remaining: 57s
Rendered 8931/14425, time remaining: 57s
Rendered 8932/14425, time remaining: 57s
Rendered 8933/14425, time remaining: 57s
Rendered 8934/14425, time remaining: 57s
Rendered 8935/14425, time remaining: 57s
Rendered 8936/14425, time remaining: 57s
Rendered 8937/14425, time remaining: 57s
Rendered 8938/14425, time remaining: 57s
Rendered 8939/14425, time remaining: 57s
Rendered 8940/14425, time remaining: 57s
Rendered 8941/14425, time remaining: 57s
Rendered 8942/14425, time remaining: 57s
Rendered 8943/14425, time remaining: 57s
Rendered 8944/14425, time remaining: 57s
Rendered 8945/14425, time remaining: 57s
Rendered 8946/14425, time remaining: 57s
Rendered 8947/14425, time remaining: 57s
Rendered 8948/14425, time remaining: 57s
Rendered 8949/14425, time remaining: 56s
Rendered 8950/14425, time remaining: 57s
Rendered 8951/14425, time remaining: 57s
Rendered 8952/14425, time remaining: 57s
Rendered 8953/14425, time remaining: 56s
Rendered 8954/14425, time remaining: 56s
Rendered 8955/14425, time remaining: 57s
Rendered 8956/14425, time remaining: 57s
Rendered 8957/14425, time remaining: 56s
Rendered 8958/14425, time remaining: 56s
Rendered 8959/14425, time remaining: 57s
Rendered 8960/14425, time remaining: 57s
Rendered 8961/14425, time remaining: 56s
Rendered 8962/14425, time remaining: 56s
Rendered 8963/14425, time remaining: 57s
Rendered 8964/14425, time remaining: 57s
Rendered 8965/14425, time remaining: 56s
Rendered 8966/14425, time remaining: 56s
Rendered 8967/14425, time remaining: 57s
Rendered 8968/14425, time remaining: 57s
Rendered 8969/14425, time remaining: 56s
Rendered 8970/14425, time remaining: 56s
Rendered 8970/14425, time remaining: 56s
Rendered 8971/14425, time remaining: 57s
Rendered 8972/14425, time remaining: 57s
Rendered 8973/14425, time remaining: 56s
Rendered 8974/14425, time remaining: 56s
Rendered 8975/14425, time remaining: 57s
Rendered 8976/14425, time remaining: 57s
Rendered 8977/14425, time remaining: 56s
Rendered 8978/14425, time remaining: 56s
Rendered 8979/14425, time remaining: 57s
Rendered 8980/14425, time remaining: 57s
Rendered 8981/14425, time remaining: 56s
Rendered 8982/14425, time remaining: 56s
Rendered 8983/14425, time remaining: 57s
Rendered 8984/14425, time remaining: 57s
Rendered 8985/14425, time remaining: 56s
Rendered 8986/14425, time remaining: 56s
Rendered 8987/14425, time remaining: 57s
Rendered 8988/14425, time remaining: 57s
Rendered 8989/14425, time remaining: 56s
Rendered 8990/14425, time remaining: 56s
Rendered 8991/14425, time remaining: 57s
Rendered 8992/14425, time remaining: 57s
Rendered 8993/14425, time remaining: 56s
Rendered 8994/14425, time remaining: 56s
Rendered 8995/14425, time remaining: 57s
Rendered 8996/14425, time remaining: 57s
Rendered 8997/14425, time remaining: 56s
Rendered 8998/14425, time remaining: 56s
Rendered 8999/14425, time remaining: 57s
Rendered 9000/14425, time remaining: 57s
Rendered 9001/14425, time remaining: 56s
Rendered 9002/14425, time remaining: 56s
Rendered 9003/14425, time remaining: 57s
Rendered 9004/14425, time remaining: 57s
Rendered 9005/14425, time remaining: 56s
Rendered 9006/14425, time remaining: 56s
Rendered 9007/14425, time remaining: 57s
Rendered 9008/14425, time remaining: 57s
Rendered 9009/14425, time remaining: 56s
Rendered 9010/14425, time remaining: 56s
Rendered 9011/14425, time remaining: 57s
Rendered 9012/14425, time remaining: 57s
Rendered 9013/14425, time remaining: 56s
Rendered 9014/14425, time remaining: 56s
Rendered 9015/14425, time remaining: 57s
Rendered 9016/14425, time remaining: 57s
Rendered 9017/14425, time remaining: 56s
Rendered 9018/14425, time remaining: 56s
Rendered 9018/14425, time remaining: 56s
Rendered 9019/14425, time remaining: 57s
Rendered 9020/14425, time remaining: 57s
Rendered 9021/14425, time remaining: 56s
Rendered 9022/14425, time remaining: 56s
Rendered 9023/14425, time remaining: 57s
Rendered 9024/14425, time remaining: 57s
Rendered 9025/14425, time remaining: 56s
Rendered 9026/14425, time remaining: 56s
Rendered 9027/14425, time remaining: 57s
Rendered 9028/14425, time remaining: 57s
Rendered 9029/14425, time remaining: 56s
Rendered 9030/14425, time remaining: 56s
Rendered 9031/14425, time remaining: 57s
Rendered 9032/14425, time remaining: 57s
Rendered 9033/14425, time remaining: 56s
Rendered 9034/14425, time remaining: 56s
Rendered 9035/14425, time remaining: 57s
Rendered 9036/14425, time remaining: 57s
Rendered 9037/14425, time remaining: 56s
Rendered 9038/14425, time remaining: 56s
Rendered 9039/14425, time remaining: 57s
Rendered 9040/14425, time remaining: 57s
Rendered 9041/14425, time remaining: 56s
Rendered 9042/14425, time remaining: 56s
Rendered 9043/14425, time remaining: 57s
Rendered 9044/14425, time remaining: 56s
Rendered 9045/14425, time remaining: 56s
Rendered 9046/14425, time remaining: 56s
Rendered 9047/14425, time remaining: 57s
Rendered 9048/14425, time remaining: 56s
Rendered 9049/14425, time remaining: 56s
Rendered 9050/14425, time remaining: 56s
Rendered 9051/14425, time remaining: 56s
Rendered 9052/14425, time remaining: 56s
Rendered 9053/14425, time remaining: 56s
Rendered 9054/14425, time remaining: 56s
Rendered 9055/14425, time remaining: 56s
Rendered 9056/14425, time remaining: 56s
Rendered 9057/14425, time remaining: 56s
Rendered 9058/14425, time remaining: 56s
Rendered 9059/14425, time remaining: 56s
Rendered 9060/14425, time remaining: 56s
Rendered 9061/14425, time remaining: 56s
Rendered 9062/14425, time remaining: 56s
Rendered 9063/14425, time remaining: 56s
Rendered 9064/14425, time remaining: 56s
Rendered 9065/14425, time remaining: 56s
Rendered 9066/14425, time remaining: 56s
Rendered 9066/14425, time remaining: 56s
Rendered 9067/14425, time remaining: 56s
Rendered 9068/14425, time remaining: 56s
Rendered 9069/14425, time remaining: 56s
Rendered 9070/14425, time remaining: 56s
Rendered 9071/14425, time remaining: 56s
Rendered 9072/14425, time remaining: 56s
Rendered 9073/14425, time remaining: 55s
Rendered 9074/14425, time remaining: 55s
Rendered 9075/14425, time remaining: 56s
Rendered 9076/14425, time remaining: 56s
Rendered 9077/14425, time remaining: 55s
Rendered 9078/14425, time remaining: 55s
Rendered 9079/14425, time remaining: 55s
Rendered 9080/14425, time remaining: 55s
Rendered 9081/14425, time remaining: 55s
Rendered 9082/14425, time remaining: 55s
Rendered 9083/14425, time remaining: 55s
Rendered 9084/14425, time remaining: 55s
Rendered 9085/14425, time remaining: 54s
Rendered 9086/14425, time remaining: 54s
Rendered 9087/14425, time remaining: 55s
Rendered 9088/14425, time remaining: 55s
Rendered 9089/14425, time remaining: 54s
Rendered 9090/14425, time remaining: 54s
Rendered 9091/14425, time remaining: 55s
Rendered 9092/14425, time remaining: 55s
Rendered 9093/14425, time remaining: 54s
Rendered 9094/14425, time remaining: 54s
Rendered 9095/14425, time remaining: 55s
Rendered 9096/14425, time remaining: 55s
Rendered 9097/14425, time remaining: 54s
Rendered 9098/14425, time remaining: 54s
Rendered 9099/14425, time remaining: 55s
Rendered 9100/14425, time remaining: 55s
Rendered 9101/14425, time remaining: 55s
Rendered 9102/14425, time remaining: 54s
Rendered 9103/14425, time remaining: 55s
Rendered 9104/14425, time remaining: 55s
Rendered 9105/14425, time remaining: 54s
Rendered 9106/14425, time remaining: 54s
Rendered 9107/14425, time remaining: 55s
Rendered 9108/14425, time remaining: 55s
Rendered 9109/14425, time remaining: 54s
Rendered 9110/14425, time remaining: 54s
Rendered 9111/14425, time remaining: 55s
Rendered 9112/14425, time remaining: 55s
Rendered 9113/14425, time remaining: 54s
Rendered 9114/14425, time remaining: 54s
Rendered 9115/14425, time remaining: 55s
Rendered 9116/14425, time remaining: 55s
Rendered 9117/14425, time remaining: 54s
Rendered 9118/14425, time remaining: 54s
Rendered 9118/14425, time remaining: 54s
Rendered 9119/14425, time remaining: 55s
Rendered 9120/14425, time remaining: 55s
Rendered 9121/14425, time remaining: 54s
Rendered 9122/14425, time remaining: 54s
Rendered 9123/14425, time remaining: 55s
Rendered 9124/14425, time remaining: 55s
Rendered 9125/14425, time remaining: 54s
Rendered 9126/14425, time remaining: 54s
Rendered 9127/14425, time remaining: 55s
Rendered 9128/14425, time remaining: 55s
Rendered 9129/14425, time remaining: 54s
Rendered 9130/14425, time remaining: 54s
Rendered 9131/14425, time remaining: 55s
Rendered 9132/14425, time remaining: 55s
Rendered 9133/14425, time remaining: 54s
Rendered 9134/14425, time remaining: 54s
Rendered 9135/14425, time remaining: 55s
Rendered 9136/14425, time remaining: 55s
Rendered 9137/14425, time remaining: 54s
Rendered 9138/14425, time remaining: 54s
Rendered 9139/14425, time remaining: 55s
Rendered 9140/14425, time remaining: 55s
Rendered 9141/14425, time remaining: 54s
Rendered 9142/14425, time remaining: 54s
Rendered 9143/14425, time remaining: 55s
Rendered 9144/14425, time remaining: 55s
Rendered 9145/14425, time remaining: 54s
Rendered 9146/14425, time remaining: 54s
Rendered 9147/14425, time remaining: 55s
Rendered 9148/14425, time remaining: 55s
Rendered 9149/14425, time remaining: 54s
Rendered 9150/14425, time remaining: 54s
Rendered 9151/14425, time remaining: 54s
Rendered 9152/14425, time remaining: 54s
Rendered 9153/14425, time remaining: 54s
Rendered 9154/14425, time remaining: 54s
Rendered 9155/14425, time remaining: 54s
Rendered 9156/14425, time remaining: 54s
Rendered 9157/14425, time remaining: 54s
Rendered 9158/14425, time remaining: 54s
Rendered 9159/14425, time remaining: 54s
Rendered 9160/14425, time remaining: 54s
Rendered 9161/14425, time remaining: 54s
Rendered 9162/14425, time remaining: 54s
Rendered 9163/14425, time remaining: 54s
Rendered 9164/14425, time remaining: 54s
Rendered 9165/14425, time remaining: 54s
Rendered 9165/14425, time remaining: 54s
Rendered 9166/14425, time remaining: 54s
Rendered 9167/14425, time remaining: 54s
Rendered 9168/14425, time remaining: 54s
Rendered 9169/14425, time remaining: 54s
Rendered 9170/14425, time remaining: 54s
Rendered 9171/14425, time remaining: 54s
Rendered 9172/14425, time remaining: 54s
Rendered 9173/14425, time remaining: 54s
Rendered 9174/14425, time remaining: 54s
Rendered 9175/14425, time remaining: 54s
Rendered 9176/14425, time remaining: 54s
Rendered 9177/14425, time remaining: 54s
Rendered 9178/14425, time remaining: 54s
Rendered 9179/14425, time remaining: 54s
Rendered 9180/14425, time remaining: 54s
Rendered 9181/14425, time remaining: 54s
Rendered 9182/14425, time remaining: 54s
Rendered 9183/14425, time remaining: 54s
Rendered 9184/14425, time remaining: 54s
Rendered 9185/14425, time remaining: 53s
Rendered 9186/14425, time remaining: 54s
Rendered 9187/14425, time remaining: 54s
Rendered 9188/14425, time remaining: 54s
Rendered 9189/14425, time remaining: 53s
Rendered 9190/14425, time remaining: 54s
Rendered 9191/14425, time remaining: 54s
Rendered 9192/14425, time remaining: 54s
Rendered 9193/14425, time remaining: 53s
Rendered 9194/14425, time remaining: 53s
Rendered 9195/14425, time remaining: 54s
Rendered 9196/14425, time remaining: 54s
Rendered 9197/14425, time remaining: 53s
Rendered 9198/14425, time remaining: 53s
Rendered 9199/14425, time remaining: 54s
Rendered 9200/14425, time remaining: 54s
Rendered 9201/14425, time remaining: 53s
Rendered 9202/14425, time remaining: 53s
Rendered 9203/14425, time remaining: 54s
Rendered 9204/14425, time remaining: 54s
Rendered 9205/14425, time remaining: 53s
Rendered 9206/14425, time remaining: 53s
Rendered 9207/14425, time remaining: 54s
Rendered 9208/14425, time remaining: 54s
Rendered 9209/14425, time remaining: 53s
Rendered 9210/14425, time remaining: 53s
Rendered 9211/14425, time remaining: 54s
Rendered 9212/14425, time remaining: 54s
Rendered 9213/14425, time remaining: 53s
Rendered 9213/14425, time remaining: 53s
Rendered 9214/14425, time remaining: 53s
Rendered 9215/14425, time remaining: 54s
Rendered 9216/14425, time remaining: 54s
Rendered 9217/14425, time remaining: 53s
Rendered 9218/14425, time remaining: 53s
Rendered 9219/14425, time remaining: 54s
Rendered 9220/14425, time remaining: 54s
Rendered 9221/14425, time remaining: 53s
Rendered 9222/14425, time remaining: 53s
Rendered 9223/14425, time remaining: 54s
Rendered 9224/14425, time remaining: 54s
Rendered 9225/14425, time remaining: 53s
Rendered 9226/14425, time remaining: 53s
Rendered 9227/14425, time remaining: 54s
Rendered 9228/14425, time remaining: 54s
Rendered 9229/14425, time remaining: 54s
Rendered 9230/14425, time remaining: 54s
Rendered 9231/14425, time remaining: 54s
Rendered 9232/14425, time remaining: 54s
Rendered 9233/14425, time remaining: 53s
Rendered 9234/14425, time remaining: 54s
Rendered 9235/14425, time remaining: 54s
Rendered 9236/14425, time remaining: 54s
Rendered 9237/14425, time remaining: 53s
Rendered 9238/14425, time remaining: 54s
Rendered 9239/14425, time remaining: 54s
Rendered 9240/14425, time remaining: 54s
Rendered 9241/14425, time remaining: 53s
Rendered 9242/14425, time remaining: 53s
Rendered 9243/14425, time remaining: 54s
Rendered 9244/14425, time remaining: 54s
Rendered 9245/14425, time remaining: 53s
Rendered 9246/14425, time remaining: 53s
Rendered 9247/14425, time remaining: 54s
Rendered 9248/14425, time remaining: 54s
Rendered 9249/14425, time remaining: 53s
Rendered 9250/14425, time remaining: 53s
Rendered 9251/14425, time remaining: 54s
Rendered 9252/14425, time remaining: 54s
Rendered 9253/14425, time remaining: 53s
Rendered 9254/14425, time remaining: 53s
Rendered 9255/14425, time remaining: 54s
Rendered 9256/14425, time remaining: 54s
Rendered 9257/14425, time remaining: 53s
Rendered 9258/14425, time remaining: 53s
Rendered 9259/14425, time remaining: 54s
Rendered 9260/14425, time remaining: 54s
Rendered 9261/14425, time remaining: 53s
Rendered 9262/14425, time remaining: 53s
Rendered 9262/14425, time remaining: 53s
Rendered 9263/14425, time remaining: 54s
Rendered 9264/14425, time remaining: 54s
Rendered 9265/14425, time remaining: 53s
Rendered 9266/14425, time remaining: 53s
Rendered 9267/14425, time remaining: 54s
Rendered 9268/14425, time remaining: 54s
Rendered 9269/14425, time remaining: 53s
Rendered 9270/14425, time remaining: 53s
Rendered 9271/14425, time remaining: 54s
Rendered 9272/14425, time remaining: 54s
Rendered 9273/14425, time remaining: 53s
Rendered 9274/14425, time remaining: 53s
Rendered 9275/14425, time remaining: 53s
Rendered 9276/14425, time remaining: 53s
Rendered 9277/14425, time remaining: 53s
Rendered 9278/14425, time remaining: 53s
Rendered 9279/14425, time remaining: 53s
Rendered 9280/14425, time remaining: 53s
Rendered 9281/14425, time remaining: 53s
Rendered 9282/14425, time remaining: 53s
Rendered 9283/14425, time remaining: 53s
Rendered 9284/14425, time remaining: 53s
Rendered 9285/14425, time remaining: 53s
Rendered 9286/14425, time remaining: 53s
Rendered 9287/14425, time remaining: 53s
Rendered 9288/14425, time remaining: 53s
Rendered 9289/14425, time remaining: 53s
Rendered 9290/14425, time remaining: 53s
Rendered 9291/14425, time remaining: 53s
Rendered 9292/14425, time remaining: 53s
Rendered 9293/14425, time remaining: 52s
Rendered 9294/14425, time remaining: 53s
Rendered 9295/14425, time remaining: 53s
Rendered 9296/14425, time remaining: 53s
Rendered 9297/14425, time remaining: 52s
Rendered 9298/14425, time remaining: 52s
Rendered 9299/14425, time remaining: 53s
Rendered 9300/14425, time remaining: 53s
Rendered 9301/14425, time remaining: 52s
Rendered 9302/14425, time remaining: 52s
Rendered 9303/14425, time remaining: 53s
Rendered 9304/14425, time remaining: 53s
Rendered 9305/14425, time remaining: 52s
Rendered 9306/14425, time remaining: 52s
Rendered 9307/14425, time remaining: 53s
Rendered 9308/14425, time remaining: 53s
Rendered 9309/14425, time remaining: 52s
Rendered 9310/14425, time remaining: 52s
Rendered 9310/14425, time remaining: 52s
Rendered 9311/14425, time remaining: 53s
Rendered 9312/14425, time remaining: 53s
Rendered 9313/14425, time remaining: 52s
Rendered 9314/14425, time remaining: 52s
Rendered 9315/14425, time remaining: 53s
Rendered 9316/14425, time remaining: 53s
Rendered 9317/14425, time remaining: 52s
Rendered 9318/14425, time remaining: 52s
Rendered 9319/14425, time remaining: 53s
Rendered 9320/14425, time remaining: 53s
Rendered 9321/14425, time remaining: 52s
Rendered 9322/14425, time remaining: 52s
Rendered 9323/14425, time remaining: 53s
Rendered 9324/14425, time remaining: 53s
Rendered 9325/14425, time remaining: 52s
Rendered 9326/14425, time remaining: 52s
Rendered 9327/14425, time remaining: 53s
Rendered 9328/14425, time remaining: 53s
Rendered 9329/14425, time remaining: 52s
Rendered 9330/14425, time remaining: 52s
Rendered 9331/14425, time remaining: 53s
Rendered 9332/14425, time remaining: 53s
Rendered 9333/14425, time remaining: 52s
Rendered 9334/14425, time remaining: 52s
Rendered 9335/14425, time remaining: 53s
Rendered 9336/14425, time remaining: 53s
Rendered 9337/14425, time remaining: 52s
Rendered 9338/14425, time remaining: 52s
Rendered 9339/14425, time remaining: 53s
Rendered 9340/14425, time remaining: 53s
Rendered 9341/14425, time remaining: 52s
Rendered 9342/14425, time remaining: 52s
Rendered 9343/14425, time remaining: 53s
Rendered 9344/14425, time remaining: 53s
Rendered 9345/14425, time remaining: 52s
Rendered 9346/14425, time remaining: 52s
Rendered 9347/14425, time remaining: 53s
Rendered 9348/14425, time remaining: 53s
Rendered 9349/14425, time remaining: 52s
Rendered 9350/14425, time remaining: 52s
Rendered 9351/14425, time remaining: 53s
Rendered 9352/14425, time remaining: 53s
Rendered 9353/14425, time remaining: 52s
Rendered 9354/14425, time remaining: 52s
Rendered 9355/14425, time remaining: 53s
Rendered 9356/14425, time remaining: 52s
Rendered 9357/14425, time remaining: 52s
Rendered 9358/14425, time remaining: 52s
Rendered 9358/14425, time remaining: 52s
Rendered 9359/14425, time remaining: 52s
Rendered 9360/14425, time remaining: 52s
Rendered 9361/14425, time remaining: 52s
Rendered 9362/14425, time remaining: 52s
Rendered 9363/14425, time remaining: 52s
Rendered 9364/14425, time remaining: 52s
Rendered 9365/14425, time remaining: 52s
Rendered 9366/14425, time remaining: 52s
Rendered 9367/14425, time remaining: 52s
Rendered 9368/14425, time remaining: 52s
Rendered 9369/14425, time remaining: 52s
Rendered 9370/14425, time remaining: 52s
Rendered 9371/14425, time remaining: 52s
Rendered 9372/14425, time remaining: 52s
Rendered 9373/14425, time remaining: 52s
Rendered 9374/14425, time remaining: 52s
Rendered 9375/14425, time remaining: 52s
Rendered 9376/14425, time remaining: 52s
Rendered 9377/14425, time remaining: 52s
Rendered 9378/14425, time remaining: 52s
Rendered 9379/14425, time remaining: 52s
Rendered 9380/14425, time remaining: 52s
Rendered 9381/14425, time remaining: 52s
Rendered 9382/14425, time remaining: 52s
Rendered 9383/14425, time remaining: 52s
Rendered 9384/14425, time remaining: 52s
Rendered 9385/14425, time remaining: 52s
Rendered 9386/14425, time remaining: 52s
Rendered 9387/14425, time remaining: 52s
Rendered 9388/14425, time remaining: 52s
Rendered 9389/14425, time remaining: 51s
Rendered 9390/14425, time remaining: 52s
Rendered 9391/14425, time remaining: 52s
Rendered 9392/14425, time remaining: 52s
Rendered 9393/14425, time remaining: 51s
Rendered 9394/14425, time remaining: 51s
Rendered 9395/14425, time remaining: 52s
Rendered 9396/14425, time remaining: 52s
Rendered 9397/14425, time remaining: 51s
Rendered 9398/14425, time remaining: 51s
Rendered 9399/14425, time remaining: 52s
Rendered 9400/14425, time remaining: 52s
Rendered 9401/14425, time remaining: 51s
Rendered 9402/14425, time remaining: 51s
Rendered 9403/14425, time remaining: 52s
Rendered 9404/14425, time remaining: 52s
Rendered 9405/14425, time remaining: 51s
Rendered 9406/14425, time remaining: 51s
Rendered 9406/14425, time remaining: 51s
Rendered 9407/14425, time remaining: 52s
Rendered 9408/14425, time remaining: 52s
Rendered 9409/14425, time remaining: 51s
Rendered 9410/14425, time remaining: 51s
Rendered 9411/14425, time remaining: 52s
Rendered 9412/14425, time remaining: 52s
Rendered 9413/14425, time remaining: 51s
Rendered 9414/14425, time remaining: 51s
Rendered 9415/14425, time remaining: 52s
Rendered 9416/14425, time remaining: 52s
Rendered 9417/14425, time remaining: 51s
Rendered 9418/14425, time remaining: 51s
Rendered 9419/14425, time remaining: 52s
Rendered 9420/14425, time remaining: 52s
Rendered 9421/14425, time remaining: 51s
Rendered 9422/14425, time remaining: 51s
Rendered 9423/14425, time remaining: 52s
Rendered 9424/14425, time remaining: 52s
Rendered 9425/14425, time remaining: 51s
Rendered 9426/14425, time remaining: 51s
Rendered 9427/14425, time remaining: 52s
Rendered 9428/14425, time remaining: 52s
Rendered 9429/14425, time remaining: 51s
Rendered 9430/14425, time remaining: 51s
Rendered 9431/14425, time remaining: 52s
Rendered 9432/14425, time remaining: 52s
Rendered 9433/14425, time remaining: 51s
Rendered 9434/14425, time remaining: 51s
Rendered 9435/14425, time remaining: 52s
Rendered 9436/14425, time remaining: 52s
Rendered 9437/14425, time remaining: 51s
Rendered 9438/14425, time remaining: 51s
Rendered 9439/14425, time remaining: 52s
Rendered 9440/14425, time remaining: 52s
Rendered 9441/14425, time remaining: 51s
Rendered 9442/14425, time remaining: 51s
Rendered 9443/14425, time remaining: 52s
Rendered 9444/14425, time remaining: 52s
Rendered 9445/14425, time remaining: 51s
Rendered 9446/14425, time remaining: 51s
Rendered 9447/14425, time remaining: 52s
Rendered 9448/14425, time remaining: 52s
Rendered 9449/14425, time remaining: 51s
Rendered 9450/14425, time remaining: 51s
Rendered 9451/14425, time remaining: 52s
Rendered 9452/14425, time remaining: 52s
Rendered 9453/14425, time remaining: 51s
Rendered 9454/14425, time remaining: 51s
Rendered 9454/14425, time remaining: 51s
Rendered 9455/14425, time remaining: 52s
Rendered 9456/14425, time remaining: 52s
Rendered 9457/14425, time remaining: 51s
Rendered 9458/14425, time remaining: 51s
Rendered 9459/14425, time remaining: 52s
Rendered 9460/14425, time remaining: 52s
Rendered 9461/14425, time remaining: 51s
Rendered 9462/14425, time remaining: 51s
Rendered 9463/14425, time remaining: 51s
Rendered 9464/14425, time remaining: 51s
Rendered 9465/14425, time remaining: 51s
Rendered 9466/14425, time remaining: 51s
Rendered 9467/14425, time remaining: 51s
Rendered 9468/14425, time remaining: 51s
Rendered 9469/14425, time remaining: 51s
Rendered 9470/14425, time remaining: 51s
Rendered 9471/14425, time remaining: 51s
Rendered 9472/14425, time remaining: 51s
Rendered 9473/14425, time remaining: 51s
Rendered 9474/14425, time remaining: 51s
Rendered 9475/14425, time remaining: 51s
Rendered 9476/14425, time remaining: 51s
Rendered 9477/14425, time remaining: 51s
Rendered 9478/14425, time remaining: 51s
Rendered 9479/14425, time remaining: 51s
Rendered 9480/14425, time remaining: 51s
Rendered 9481/14425, time remaining: 51s
Rendered 9482/14425, time remaining: 51s
Rendered 9483/14425, time remaining: 51s
Rendered 9484/14425, time remaining: 51s
Rendered 9485/14425, time remaining: 51s
Rendered 9486/14425, time remaining: 51s
Rendered 9487/14425, time remaining: 51s
Rendered 9488/14425, time remaining: 51s
Rendered 9489/14425, time remaining: 51s
Rendered 9490/14425, time remaining: 51s
Rendered 9491/14425, time remaining: 51s
Rendered 9492/14425, time remaining: 51s
Rendered 9493/14425, time remaining: 51s
Rendered 9494/14425, time remaining: 50s
Rendered 9495/14425, time remaining: 51s
Rendered 9496/14425, time remaining: 51s
Rendered 9497/14425, time remaining: 50s
Rendered 9498/14425, time remaining: 50s
Rendered 9499/14425, time remaining: 51s
Rendered 9500/14425, time remaining: 51s
Rendered 9501/14425, time remaining: 50s
Rendered 9502/14425, time remaining: 50s
Rendered 9503/14425, time remaining: 51s
Rendered 9503/14425, time remaining: 51s
Rendered 9504/14425, time remaining: 51s
Rendered 9505/14425, time remaining: 50s
Rendered 9506/14425, time remaining: 50s
Rendered 9507/14425, time remaining: 51s
Rendered 9508/14425, time remaining: 51s
Rendered 9509/14425, time remaining: 50s
Rendered 9510/14425, time remaining: 50s
Rendered 9511/14425, time remaining: 51s
Rendered 9512/14425, time remaining: 51s
Rendered 9513/14425, time remaining: 50s
Rendered 9514/14425, time remaining: 50s
Rendered 9515/14425, time remaining: 51s
Rendered 9516/14425, time remaining: 51s
Rendered 9517/14425, time remaining: 50s
Rendered 9518/14425, time remaining: 50s
Rendered 9519/14425, time remaining: 51s
Rendered 9520/14425, time remaining: 51s
Rendered 9521/14425, time remaining: 50s
Rendered 9522/14425, time remaining: 50s
Rendered 9523/14425, time remaining: 51s
Rendered 9524/14425, time remaining: 51s
Rendered 9525/14425, time remaining: 50s
Rendered 9526/14425, time remaining: 50s
Rendered 9527/14425, time remaining: 51s
Rendered 9528/14425, time remaining: 51s
Rendered 9529/14425, time remaining: 50s
Rendered 9530/14425, time remaining: 50s
Rendered 9531/14425, time remaining: 51s
Rendered 9532/14425, time remaining: 51s
Rendered 9533/14425, time remaining: 50s
Rendered 9534/14425, time remaining: 50s
Rendered 9535/14425, time remaining: 51s
Rendered 9536/14425, time remaining: 51s
Rendered 9537/14425, time remaining: 50s
Rendered 9538/14425, time remaining: 50s
Rendered 9539/14425, time remaining: 51s
Rendered 9540/14425, time remaining: 51s
Rendered 9541/14425, time remaining: 50s
Rendered 9542/14425, time remaining: 50s
Rendered 9543/14425, time remaining: 51s
Rendered 9544/14425, time remaining: 51s
Rendered 9545/14425, time remaining: 50s
Rendered 9546/14425, time remaining: 50s
Rendered 9547/14425, time remaining: 51s
Rendered 9548/14425, time remaining: 51s
Rendered 9549/14425, time remaining: 50s
Rendered 9550/14425, time remaining: 50s
Rendered 9551/14425, time remaining: 51s
Rendered 9551/14425, time remaining: 51s
Rendered 9552/14425, time remaining: 51s
Rendered 9553/14425, time remaining: 50s
Rendered 9554/14425, time remaining: 50s
Rendered 9555/14425, time remaining: 51s
Rendered 9556/14425, time remaining: 51s
Rendered 9557/14425, time remaining: 50s
Rendered 9558/14425, time remaining: 50s
Rendered 9559/14425, time remaining: 51s
Rendered 9560/14425, time remaining: 51s
Rendered 9561/14425, time remaining: 50s
Rendered 9562/14425, time remaining: 50s
Rendered 9563/14425, time remaining: 50s
Rendered 9564/14425, time remaining: 50s
Rendered 9565/14425, time remaining: 50s
Rendered 9566/14425, time remaining: 50s
Rendered 9567/14425, time remaining: 50s
Rendered 9568/14425, time remaining: 50s
Rendered 9569/14425, time remaining: 50s
Rendered 9570/14425, time remaining: 50s
Rendered 9571/14425, time remaining: 50s
Rendered 9572/14425, time remaining: 50s
Rendered 9573/14425, time remaining: 50s
Rendered 9574/14425, time remaining: 50s
Rendered 9575/14425, time remaining: 50s
Rendered 9576/14425, time remaining: 50s
Rendered 9577/14425, time remaining: 50s
Rendered 9578/14425, time remaining: 50s
Rendered 9579/14425, time remaining: 50s
Rendered 9580/14425, time remaining: 50s
Rendered 9581/14425, time remaining: 50s
Rendered 9582/14425, time remaining: 50s
Rendered 9583/14425, time remaining: 51s
Rendered 9584/14425, time remaining: 51s
Rendered 9585/14425, time remaining: 50s
Rendered 9586/14425, time remaining: 50s
Rendered 9587/14425, time remaining: 51s
Rendered 9588/14425, time remaining: 51s
Rendered 9589/14425, time remaining: 50s
Rendered 9590/14425, time remaining: 50s
Rendered 9591/14425, time remaining: 51s
Rendered 9592/14425, time remaining: 51s
Rendered 9593/14425, time remaining: 50s
Rendered 9594/14425, time remaining: 50s
Rendered 9594/14425, time remaining: 50s
Rendered 9595/14425, time remaining: 52s
Rendered 9596/14425, time remaining: 52s
Rendered 9597/14425, time remaining: 51s
Rendered 9598/14425, time remaining: 51s
Rendered 9599/14425, time remaining: 52s
Rendered 9600/14425, time remaining: 52s
Rendered 9601/14425, time remaining: 52s
Rendered 9602/14425, time remaining: 52s
Rendered 9603/14425, time remaining: 52s
Rendered 9604/14425, time remaining: 52s
Rendered 9605/14425, time remaining: 52s
Rendered 9606/14425, time remaining: 52s
Rendered 9607/14425, time remaining: 53s
Rendered 9608/14425, time remaining: 53s
Rendered 9609/14425, time remaining: 52s
Rendered 9610/14425, time remaining: 52s
Rendered 9611/14425, time remaining: 53s
Rendered 9612/14425, time remaining: 53s
Rendered 9613/14425, time remaining: 52s
Rendered 9614/14425, time remaining: 52s
Rendered 9615/14425, time remaining: 53s
Rendered 9616/14425, time remaining: 53s
Rendered 9617/14425, time remaining: 52s
Rendered 9618/14425, time remaining: 52s
Rendered 9619/14425, time remaining: 53s
Rendered 9620/14425, time remaining: 53s
Rendered 9621/14425, time remaining: 53s
Rendered 9622/14425, time remaining: 53s
Rendered 9623/14425, time remaining: 53s
Rendered 9624/14425, time remaining: 53s
Rendered 9625/14425, time remaining: 53s
Rendered 9626/14425, time remaining: 53s
Rendered 9627/14425, time remaining: 54s
Rendered 9628/14425, time remaining: 54s
Rendered 9629/14425, time remaining: 53s
Rendered 9630/14425, time remaining: 53s
Rendered 9631/14425, time remaining: 54s
Rendered 9632/14425, time remaining: 54s
Rendered 9633/14425, time remaining: 53s
Rendered 9634/14425, time remaining: 53s
Rendered 9634/14425, time remaining: 53s
Rendered 9635/14425, time remaining: 54s
Rendered 9636/14425, time remaining: 54s
Rendered 9637/14425, time remaining: 53s
Rendered 9638/14425, time remaining: 54s
Rendered 9639/14425, time remaining: 54s
Rendered 9640/14425, time remaining: 54s
Rendered 9641/14425, time remaining: 54s
Rendered 9642/14425, time remaining: 54s
Rendered 9643/14425, time remaining: 55s
Rendered 9644/14425, time remaining: 55s
Rendered 9645/14425, time remaining: 54s
Rendered 9646/14425, time remaining: 54s
Rendered 9647/14425, time remaining: 55s
Rendered 9648/14425, time remaining: 55s
Rendered 9649/14425, time remaining: 54s
Rendered 9650/14425, time remaining: 54s
Rendered 9651/14425, time remaining: 55s
Rendered 9652/14425, time remaining: 55s
Rendered 9653/14425, time remaining: 55s
Rendered 9654/14425, time remaining: 55s
Rendered 9655/14425, time remaining: 55s
Rendered 9656/14425, time remaining: 56s
Rendered 9657/14425, time remaining: 55s
Rendered 9658/14425, time remaining: 55s
Rendered 9659/14425, time remaining: 56s
Rendered 9660/14425, time remaining: 56s
Rendered 9661/14425, time remaining: 55s
Rendered 9662/14425, time remaining: 55s
Rendered 9663/14425, time remaining: 56s
Rendered 9664/14425, time remaining: 56s
Rendered 9665/14425, time remaining: 55s
Rendered 9666/14425, time remaining: 55s
Rendered 9667/14425, time remaining: 56s
Rendered 9668/14425, time remaining: 56s
Rendered 9669/14425, time remaining: 55s
Rendered 9670/14425, time remaining: 56s
Rendered 9671/14425, time remaining: 56s
Rendered 9672/14425, time remaining: 56s
Rendered 9673/14425, time remaining: 56s
Rendered 9674/14425, time remaining: 56s
Rendered 9674/14425, time remaining: 56s
Rendered 9675/14425, time remaining: 57s
Rendered 9676/14425, time remaining: 57s
Rendered 9677/14425, time remaining: 56s
Rendered 9678/14425, time remaining: 56s
Rendered 9679/14425, time remaining: 57s
Rendered 9680/14425, time remaining: 57s
Rendered 9681/14425, time remaining: 56s
Rendered 9682/14425, time remaining: 56s
Rendered 9683/14425, time remaining: 57s
Rendered 9684/14425, time remaining: 57s
Rendered 9685/14425, time remaining: 56s
Rendered 9686/14425, time remaining: 56s
Rendered 9687/14425, time remaining: 57s
Rendered 9688/14425, time remaining: 57s
Rendered 9689/14425, time remaining: 57s
Rendered 9690/14425, time remaining: 57s
Rendered 9691/14425, time remaining: 58s
Rendered 9692/14425, time remaining: 58s
Rendered 9693/14425, time remaining: 57s
Rendered 9694/14425, time remaining: 57s
Rendered 9695/14425, time remaining: 58s
Rendered 9696/14425, time remaining: 58s
Rendered 9697/14425, time remaining: 57s
Rendered 9698/14425, time remaining: 57s
Rendered 9699/14425, time remaining: 58s
Rendered 9700/14425, time remaining: 58s
Rendered 9701/14425, time remaining: 57s
Rendered 9702/14425, time remaining: 57s
Rendered 9703/14425, time remaining: 58s
Rendered 9704/14425, time remaining: 58s
Rendered 9705/14425, time remaining: 58s
Rendered 9706/14425, time remaining: 58s
Rendered 9707/14425, time remaining: 58s
Rendered 9708/14425, time remaining: 58s
Rendered 9709/14425, time remaining: 58s
Rendered 9710/14425, time remaining: 58s
Rendered 9711/14425, time remaining: 58s
Rendered 9712/14425, time remaining: 58s
Rendered 9713/14425, time remaining: 58s
Rendered 9714/14425, time remaining: 58s
Rendered 9715/14425, time remaining: 58s
Rendered 9716/14425, time remaining: 58s
Rendered 9716/14425, time remaining: 58s
Rendered 9717/14425, time remaining: 58s
Rendered 9718/14425, time remaining: 58s
Rendered 9719/14425, time remaining: 58s
Rendered 9720/14425, time remaining: 58s
Rendered 9721/14425, time remaining: 58s
Rendered 9722/14425, time remaining: 58s
Rendered 9723/14425, time remaining: 58s
Rendered 9724/14425, time remaining: 58s
Rendered 9725/14425, time remaining: 58s
Rendered 9726/14425, time remaining: 58s
Rendered 9727/14425, time remaining: 58s
Rendered 9728/14425, time remaining: 58s
Rendered 9729/14425, time remaining: 59s
Rendered 9730/14425, time remaining: 59s
Rendered 9731/14425, time remaining: 58s
Rendered 9732/14425, time remaining: 58s
Rendered 9733/14425, time remaining: 58s
Rendered 9734/14425, time remaining: 58s
Rendered 9735/14425, time remaining: 58s
Rendered 9736/14425, time remaining: 58s
Rendered 9737/14425, time remaining: 58s
Rendered 9738/14425, time remaining: 58s
Rendered 9739/14425, time remaining: 58s
Rendered 9740/14425, time remaining: 58s
Rendered 9741/14425, time remaining: 58s
Rendered 9742/14425, time remaining: 58s
Rendered 9743/14425, time remaining: 58s
Rendered 9744/14425, time remaining: 59s
Rendered 9745/14425, time remaining: 58s
Rendered 9746/14425, time remaining: 58s
Rendered 9747/14425, time remaining: 58s
Rendered 9748/14425, time remaining: 58s
Rendered 9749/14425, time remaining: 57s
Rendered 9750/14425, time remaining: 57s
Rendered 9751/14425, time remaining: 57s
Rendered 9752/14425, time remaining: 57s
Rendered 9753/14425, time remaining: 57s
Rendered 9754/14425, time remaining: 57s
Rendered 9755/14425, time remaining: 57s
Rendered 9756/14425, time remaining: 57s
Rendered 9756/14425, time remaining: 57s
Rendered 9757/14425, time remaining: 57s
Rendered 9758/14425, time remaining: 57s
Rendered 9759/14425, time remaining: 57s
Rendered 9760/14425, time remaining: 57s
Rendered 9761/14425, time remaining: 57s
Rendered 9762/14425, time remaining: 57s
Rendered 9763/14425, time remaining: 57s
Rendered 9764/14425, time remaining: 57s
Rendered 9765/14425, time remaining: 57s
Rendered 9766/14425, time remaining: 57s
Rendered 9767/14425, time remaining: 57s
Rendered 9768/14425, time remaining: 57s
Rendered 9769/14425, time remaining: 57s
Rendered 9770/14425, time remaining: 57s
Rendered 9771/14425, time remaining: 57s
Rendered 9772/14425, time remaining: 57s
Rendered 9773/14425, time remaining: 57s
Rendered 9774/14425, time remaining: 57s
Rendered 9775/14425, time remaining: 57s
Rendered 9776/14425, time remaining: 57s
Rendered 9777/14425, time remaining: 57s
Rendered 9778/14425, time remaining: 57s
Rendered 9779/14425, time remaining: 57s
Rendered 9780/14425, time remaining: 57s
Rendered 9781/14425, time remaining: 57s
Rendered 9782/14425, time remaining: 57s
Rendered 9783/14425, time remaining: 57s
Rendered 9784/14425, time remaining: 57s
Rendered 9785/14425, time remaining: 57s
Rendered 9786/14425, time remaining: 57s
Rendered 9787/14425, time remaining: 57s
Rendered 9788/14425, time remaining: 57s
Rendered 9789/14425, time remaining: 57s
Rendered 9790/14425, time remaining: 57s
Rendered 9791/14425, time remaining: 57s
Rendered 9792/14425, time remaining: 57s
Rendered 9793/14425, time remaining: 57s
Rendered 9794/14425, time remaining: 57s
Rendered 9795/14425, time remaining: 57s
Rendered 9796/14425, time remaining: 57s
Rendered 9797/14425, time remaining: 57s
Rendered 9797/14425, time remaining: 57s
Rendered 9798/14425, time remaining: 57s
Rendered 9799/14425, time remaining: 57s
Rendered 9800/14425, time remaining: 57s
Rendered 9801/14425, time remaining: 57s
Rendered 9802/14425, time remaining: 57s
Rendered 9803/14425, time remaining: 57s
Rendered 9804/14425, time remaining: 57s
Rendered 9805/14425, time remaining: 56s
Rendered 9806/14425, time remaining: 56s
Rendered 9807/14425, time remaining: 56s
Rendered 9808/14425, time remaining: 56s
Rendered 9809/14425, time remaining: 56s
Rendered 9810/14425, time remaining: 56s
Rendered 9811/14425, time remaining: 56s
Rendered 9812/14425, time remaining: 56s
Rendered 9813/14425, time remaining: 56s
Rendered 9814/14425, time remaining: 56s
Rendered 9815/14425, time remaining: 56s
Rendered 9816/14425, time remaining: 56s
Rendered 9817/14425, time remaining: 56s
Rendered 9818/14425, time remaining: 56s
Rendered 9819/14425, time remaining: 56s
Rendered 9820/14425, time remaining: 56s
Rendered 9821/14425, time remaining: 56s
Rendered 9822/14425, time remaining: 56s
Rendered 9823/14425, time remaining: 56s
Rendered 9824/14425, time remaining: 56s
Rendered 9825/14425, time remaining: 56s
Rendered 9826/14425, time remaining: 56s
Rendered 9827/14425, time remaining: 56s
Rendered 9828/14425, time remaining: 56s
Rendered 9829/14425, time remaining: 56s
Rendered 9830/14425, time remaining: 56s
Rendered 9831/14425, time remaining: 56s
Rendered 9832/14425, time remaining: 56s
Rendered 9833/14425, time remaining: 56s
Rendered 9834/14425, time remaining: 56s
Rendered 9835/14425, time remaining: 56s
Rendered 9836/14425, time remaining: 56s
Rendered 9837/14425, time remaining: 56s
Rendered 9837/14425, time remaining: 56s
Rendered 9838/14425, time remaining: 56s
Rendered 9839/14425, time remaining: 56s
Rendered 9840/14425, time remaining: 56s
Rendered 9841/14425, time remaining: 56s
Rendered 9842/14425, time remaining: 56s
Rendered 9843/14425, time remaining: 56s
Rendered 9844/14425, time remaining: 56s
Rendered 9845/14425, time remaining: 56s
Rendered 9846/14425, time remaining: 56s
Rendered 9847/14425, time remaining: 56s
Rendered 9848/14425, time remaining: 56s
Rendered 9849/14425, time remaining: 56s
Rendered 9850/14425, time remaining: 56s
Rendered 9851/14425, time remaining: 56s
Rendered 9852/14425, time remaining: 56s
Rendered 9853/14425, time remaining: 56s
Rendered 9854/14425, time remaining: 56s
Rendered 9855/14425, time remaining: 56s
Rendered 9856/14425, time remaining: 56s
Rendered 9857/14425, time remaining: 56s
Rendered 9858/14425, time remaining: 56s
Rendered 9859/14425, time remaining: 56s
Rendered 9860/14425, time remaining: 56s
Rendered 9861/14425, time remaining: 56s
Rendered 9862/14425, time remaining: 56s
Rendered 9863/14425, time remaining: 56s
Rendered 9864/14425, time remaining: 56s
Rendered 9865/14425, time remaining: 56s
Rendered 9866/14425, time remaining: 56s
Rendered 9867/14425, time remaining: 56s
Rendered 9868/14425, time remaining: 56s
Rendered 9869/14425, time remaining: 56s
Rendered 9870/14425, time remaining: 56s
Rendered 9871/14425, time remaining: 56s
Rendered 9872/14425, time remaining: 56s
Rendered 9873/14425, time remaining: 57s
Rendered 9874/14425, time remaining: 56s
Rendered 9875/14425, time remaining: 56s
Rendered 9876/14425, time remaining: 56s
Rendered 9877/14425, time remaining: 56s
Rendered 9878/14425, time remaining: 56s
Rendered 9878/14425, time remaining: 56s
Rendered 9879/14425, time remaining: 56s
Rendered 9880/14425, time remaining: 56s
Rendered 9881/14425, time remaining: 56s
Rendered 9882/14425, time remaining: 56s
Rendered 9883/14425, time remaining: 56s
Rendered 9884/14425, time remaining: 56s
Rendered 9885/14425, time remaining: 56s
Rendered 9886/14425, time remaining: 56s
Rendered 9887/14425, time remaining: 56s
Rendered 9888/14425, time remaining: 56s
Rendered 9889/14425, time remaining: 56s
Rendered 9890/14425, time remaining: 57s
Rendered 9891/14425, time remaining: 56s
Rendered 9892/14425, time remaining: 56s
Rendered 9893/14425, time remaining: 56s
Rendered 9894/14425, time remaining: 56s
Rendered 9895/14425, time remaining: 56s
Rendered 9896/14425, time remaining: 56s
Rendered 9897/14425, time remaining: 56s
Rendered 9898/14425, time remaining: 56s
Rendered 9899/14425, time remaining: 56s
Rendered 9900/14425, time remaining: 56s
Rendered 9901/14425, time remaining: 56s
Rendered 9902/14425, time remaining: 56s
Rendered 9903/14425, time remaining: 56s
Rendered 9904/14425, time remaining: 56s
Rendered 9905/14425, time remaining: 57s
Rendered 9906/14425, time remaining: 57s
Rendered 9907/14425, time remaining: 56s
Rendered 9908/14425, time remaining: 56s
Rendered 9909/14425, time remaining: 56s
Rendered 9910/14425, time remaining: 56s
Rendered 9911/14425, time remaining: 56s
Rendered 9912/14425, time remaining: 56s
Rendered 9913/14425, time remaining: 56s
Rendered 9914/14425, time remaining: 56s
Rendered 9915/14425, time remaining: 56s
Rendered 9916/14425, time remaining: 55s
Rendered 9917/14425, time remaining: 56s
Rendered 9918/14425, time remaining: 56s
Rendered 9919/14425, time remaining: 55s
Rendered 9919/14425, time remaining: 55s
Rendered 9920/14425, time remaining: 55s
Rendered 9921/14425, time remaining: 56s
Rendered 9922/14425, time remaining: 56s
Rendered 9923/14425, time remaining: 55s
Rendered 9924/14425, time remaining: 55s
Rendered 9925/14425, time remaining: 56s
Rendered 9926/14425, time remaining: 56s
Rendered 9927/14425, time remaining: 55s
Rendered 9928/14425, time remaining: 55s
Rendered 9929/14425, time remaining: 56s
Rendered 9930/14425, time remaining: 56s
Rendered 9931/14425, time remaining: 55s
Rendered 9932/14425, time remaining: 55s
Rendered 9933/14425, time remaining: 56s
Rendered 9934/14425, time remaining: 56s
Rendered 9935/14425, time remaining: 55s
Rendered 9936/14425, time remaining: 55s
Rendered 9937/14425, time remaining: 56s
Rendered 9938/14425, time remaining: 56s
Rendered 9939/14425, time remaining: 55s
Rendered 9940/14425, time remaining: 55s
Rendered 9941/14425, time remaining: 56s
Rendered 9942/14425, time remaining: 56s
Rendered 9943/14425, time remaining: 55s
Rendered 9944/14425, time remaining: 55s
Rendered 9945/14425, time remaining: 56s
Rendered 9946/14425, time remaining: 56s
Rendered 9947/14425, time remaining: 55s
Rendered 9948/14425, time remaining: 55s
Rendered 9949/14425, time remaining: 56s
Rendered 9950/14425, time remaining: 56s
Rendered 9951/14425, time remaining: 55s
Rendered 9952/14425, time remaining: 55s
Rendered 9953/14425, time remaining: 56s
Rendered 9954/14425, time remaining: 56s
Rendered 9955/14425, time remaining: 55s
Rendered 9956/14425, time remaining: 55s
Rendered 9957/14425, time remaining: 56s
Rendered 9957/14425, time remaining: 56s
Rendered 9958/14425, time remaining: 56s
Rendered 9959/14425, time remaining: 55s
Rendered 9960/14425, time remaining: 55s
Rendered 9961/14425, time remaining: 56s
Rendered 9962/14425, time remaining: 56s
Rendered 9963/14425, time remaining: 55s
Rendered 9964/14425, time remaining: 55s
Rendered 9965/14425, time remaining: 56s
Rendered 9966/14425, time remaining: 56s
Rendered 9967/14425, time remaining: 55s
Rendered 9968/14425, time remaining: 55s
Rendered 9969/14425, time remaining: 56s
Rendered 9970/14425, time remaining: 56s
Rendered 9971/14425, time remaining: 55s
Rendered 9972/14425, time remaining: 55s
Rendered 9973/14425, time remaining: 56s
Rendered 9974/14425, time remaining: 56s
Rendered 9975/14425, time remaining: 55s
Rendered 9976/14425, time remaining: 55s
Rendered 9977/14425, time remaining: 56s
Rendered 9978/14425, time remaining: 56s
Rendered 9979/14425, time remaining: 55s
Rendered 9980/14425, time remaining: 55s
Rendered 9981/14425, time remaining: 56s
Rendered 9982/14425, time remaining: 56s
Rendered 9983/14425, time remaining: 55s
Rendered 9984/14425, time remaining: 55s
Rendered 9985/14425, time remaining: 56s
Rendered 9986/14425, time remaining: 56s
Rendered 9987/14425, time remaining: 55s
Rendered 9988/14425, time remaining: 55s
Rendered 9989/14425, time remaining: 56s
Rendered 9990/14425, time remaining: 56s
Rendered 9991/14425, time remaining: 55s
Rendered 9992/14425, time remaining: 55s
Rendered 9993/14425, time remaining: 56s
Rendered 9994/14425, time remaining: 56s
Rendered 9995/14425, time remaining: 55s
Rendered 9996/14425, time remaining: 55s
Rendered 9997/14425, time remaining: 56s
Rendered 9997/14425, time remaining: 56s
Rendered 9998/14425, time remaining: 56s
Rendered 9999/14425, time remaining: 55s
Rendered 10000/14425, time remaining: 55s
Rendered 10001/14425, time remaining: 56s
Rendered 10002/14425, time remaining: 55s
Rendered 10003/14425, time remaining: 55s
Rendered 10004/14425, time remaining: 55s
Rendered 10005/14425, time remaining: 55s
Rendered 10006/14425, time remaining: 55s
Rendered 10007/14425, time remaining: 55s
Rendered 10008/14425, time remaining: 55s
Rendered 10009/14425, time remaining: 55s
Rendered 10010/14425, time remaining: 55s
Rendered 10011/14425, time remaining: 55s
Rendered 10012/14425, time remaining: 55s
Rendered 10013/14425, time remaining: 55s
Rendered 10014/14425, time remaining: 55s
Rendered 10015/14425, time remaining: 55s
Rendered 10016/14425, time remaining: 55s
Rendered 10017/14425, time remaining: 55s
Rendered 10018/14425, time remaining: 55s
Rendered 10019/14425, time remaining: 55s
Rendered 10020/14425, time remaining: 55s
Rendered 10021/14425, time remaining: 55s
Rendered 10022/14425, time remaining: 55s
Rendered 10023/14425, time remaining: 55s
Rendered 10024/14425, time remaining: 55s
Rendered 10025/14425, time remaining: 55s
Rendered 10026/14425, time remaining: 55s
Rendered 10027/14425, time remaining: 55s
Rendered 10028/14425, time remaining: 55s
Rendered 10029/14425, time remaining: 55s
Rendered 10030/14425, time remaining: 55s
Rendered 10031/14425, time remaining: 55s
Rendered 10032/14425, time remaining: 55s
Rendered 10033/14425, time remaining: 55s
Rendered 10034/14425, time remaining: 55s
Rendered 10035/14425, time remaining: 54s
Rendered 10036/14425, time remaining: 54s
Rendered 10037/14425, time remaining: 55s
Rendered 10038/14425, time remaining: 55s
Rendered 10038/14425, time remaining: 55s
Rendered 10039/14425, time remaining: 54s
Rendered 10040/14425, time remaining: 54s
Rendered 10041/14425, time remaining: 55s
Rendered 10042/14425, time remaining: 55s
Rendered 10043/14425, time remaining: 54s
Rendered 10044/14425, time remaining: 54s
Rendered 10045/14425, time remaining: 55s
Rendered 10046/14425, time remaining: 55s
Rendered 10047/14425, time remaining: 54s
Rendered 10048/14425, time remaining: 54s
Rendered 10049/14425, time remaining: 55s
Rendered 10050/14425, time remaining: 55s
Rendered 10051/14425, time remaining: 54s
Rendered 10052/14425, time remaining: 54s
Rendered 10053/14425, time remaining: 55s
Rendered 10054/14425, time remaining: 55s
Rendered 10055/14425, time remaining: 54s
Rendered 10056/14425, time remaining: 54s
Rendered 10057/14425, time remaining: 55s
Rendered 10058/14425, time remaining: 55s
Rendered 10059/14425, time remaining: 54s
Rendered 10060/14425, time remaining: 54s
Rendered 10061/14425, time remaining: 55s
Rendered 10062/14425, time remaining: 55s
Rendered 10063/14425, time remaining: 54s
Rendered 10064/14425, time remaining: 54s
Rendered 10065/14425, time remaining: 55s
Rendered 10066/14425, time remaining: 55s
Rendered 10067/14425, time remaining: 54s
Rendered 10068/14425, time remaining: 54s
Rendered 10069/14425, time remaining: 55s
Rendered 10070/14425, time remaining: 55s
Rendered 10071/14425, time remaining: 54s
Rendered 10072/14425, time remaining: 54s
Rendered 10073/14425, time remaining: 54s
Rendered 10074/14425, time remaining: 54s
Rendered 10075/14425, time remaining: 54s
Rendered 10076/14425, time remaining: 54s
Rendered 10077/14425, time remaining: 54s
Rendered 10078/14425, time remaining: 54s
Rendered 10079/14425, time remaining: 53s
Rendered 10080/14425, time remaining: 53s
Rendered 10080/14425, time remaining: 53s
Rendered 10081/14425, time remaining: 54s
Rendered 10082/14425, time remaining: 54s
Rendered 10083/14425, time remaining: 53s
Rendered 10084/14425, time remaining: 53s
Rendered 10085/14425, time remaining: 54s
Rendered 10086/14425, time remaining: 53s
Rendered 10087/14425, time remaining: 53s
Rendered 10088/14425, time remaining: 53s
Rendered 10089/14425, time remaining: 53s
Rendered 10090/14425, time remaining: 53s
Rendered 10091/14425, time remaining: 52s
Rendered 10092/14425, time remaining: 52s
Rendered 10093/14425, time remaining: 53s
Rendered 10094/14425, time remaining: 53s
Rendered 10095/14425, time remaining: 52s
Rendered 10096/14425, time remaining: 52s
Rendered 10097/14425, time remaining: 52s
Rendered 10098/14425, time remaining: 52s
Rendered 10099/14425, time remaining: 52s
Rendered 10100/14425, time remaining: 52s
Rendered 10101/14425, time remaining: 52s
Rendered 10102/14425, time remaining: 52s
Rendered 10103/14425, time remaining: 51s
Rendered 10104/14425, time remaining: 51s
Rendered 10105/14425, time remaining: 52s
Rendered 10106/14425, time remaining: 52s
Rendered 10107/14425, time remaining: 51s
Rendered 10108/14425, time remaining: 51s
Rendered 10109/14425, time remaining: 51s
Rendered 10110/14425, time remaining: 51s
Rendered 10111/14425, time remaining: 51s
Rendered 10112/14425, time remaining: 50s
Rendered 10113/14425, time remaining: 51s
Rendered 10114/14425, time remaining: 51s
Rendered 10115/14425, time remaining: 50s
Rendered 10116/14425, time remaining: 50s
Rendered 10117/14425, time remaining: 51s
Rendered 10118/14425, time remaining: 51s
Rendered 10119/14425, time remaining: 50s
Rendered 10120/14425, time remaining: 50s
Rendered 10121/14425, time remaining: 50s
Rendered 10122/14425, time remaining: 50s
Rendered 10123/14425, time remaining: 50s
Rendered 10124/14425, time remaining: 50s
Rendered 10125/14425, time remaining: 50s
Rendered 10126/14425, time remaining: 50s
Rendered 10127/14425, time remaining: 49s
Rendered 10128/14425, time remaining: 49s
Rendered 10128/14425, time remaining: 49s
Rendered 10129/14425, time remaining: 50s
Rendered 10130/14425, time remaining: 50s
Rendered 10131/14425, time remaining: 49s
Rendered 10132/14425, time remaining: 49s
Rendered 10133/14425, time remaining: 50s
Rendered 10134/14425, time remaining: 50s
Rendered 10135/14425, time remaining: 49s
Rendered 10136/14425, time remaining: 49s
Rendered 10137/14425, time remaining: 49s
Rendered 10138/14425, time remaining: 49s
Rendered 10139/14425, time remaining: 49s
Rendered 10140/14425, time remaining: 48s
Rendered 10141/14425, time remaining: 49s
Rendered 10142/14425, time remaining: 49s
Rendered 10143/14425, time remaining: 48s
Rendered 10144/14425, time remaining: 48s
Rendered 10145/14425, time remaining: 49s
Rendered 10146/14425, time remaining: 49s
Rendered 10147/14425, time remaining: 48s
Rendered 10148/14425, time remaining: 48s
Rendered 10149/14425, time remaining: 48s
Rendered 10150/14425, time remaining: 48s
Rendered 10151/14425, time remaining: 48s
Rendered 10152/14425, time remaining: 48s
Rendered 10153/14425, time remaining: 48s
Rendered 10154/14425, time remaining: 48s
Rendered 10155/14425, time remaining: 47s
Rendered 10156/14425, time remaining: 47s
Rendered 10157/14425, time remaining: 48s
Rendered 10158/14425, time remaining: 48s
Rendered 10159/14425, time remaining: 47s
Rendered 10160/14425, time remaining: 47s
Rendered 10161/14425, time remaining: 48s
Rendered 10162/14425, time remaining: 48s
Rendered 10163/14425, time remaining: 47s
Rendered 10164/14425, time remaining: 47s
Rendered 10165/14425, time remaining: 47s
Rendered 10166/14425, time remaining: 47s
Rendered 10167/14425, time remaining: 47s
Rendered 10168/14425, time remaining: 46s
Rendered 10169/14425, time remaining: 47s
Rendered 10170/14425, time remaining: 47s
Rendered 10171/14425, time remaining: 46s
Rendered 10172/14425, time remaining: 46s
Rendered 10173/14425, time remaining: 47s
Rendered 10174/14425, time remaining: 47s
Rendered 10175/14425, time remaining: 46s
Rendered 10176/14425, time remaining: 46s
Rendered 10176/14425, time remaining: 46s
Rendered 10177/14425, time remaining: 46s
Rendered 10178/14425, time remaining: 46s
Rendered 10179/14425, time remaining: 46s
Rendered 10180/14425, time remaining: 46s
Rendered 10181/14425, time remaining: 46s
Rendered 10182/14425, time remaining: 46s
Rendered 10183/14425, time remaining: 45s
Rendered 10184/14425, time remaining: 45s
Rendered 10185/14425, time remaining: 46s
Rendered 10186/14425, time remaining: 46s
Rendered 10187/14425, time remaining: 45s
Rendered 10188/14425, time remaining: 45s
Rendered 10189/14425, time remaining: 46s
Rendered 10190/14425, time remaining: 46s
Rendered 10191/14425, time remaining: 45s
Rendered 10192/14425, time remaining: 45s
Rendered 10193/14425, time remaining: 45s
Rendered 10194/14425, time remaining: 45s
Rendered 10195/14425, time remaining: 45s
Rendered 10196/14425, time remaining: 45s
Rendered 10197/14425, time remaining: 45s
Rendered 10198/14425, time remaining: 45s
Rendered 10199/14425, time remaining: 44s
Rendered 10200/14425, time remaining: 44s
Rendered 10201/14425, time remaining: 45s
Rendered 10202/14425, time remaining: 45s
Rendered 10203/14425, time remaining: 44s
Rendered 10204/14425, time remaining: 44s
Rendered 10205/14425, time remaining: 45s
Rendered 10206/14425, time remaining: 44s
Rendered 10207/14425, time remaining: 44s
Rendered 10208/14425, time remaining: 44s
Rendered 10209/14425, time remaining: 44s
Rendered 10210/14425, time remaining: 44s
Rendered 10211/14425, time remaining: 44s
Rendered 10212/14425, time remaining: 44s
Rendered 10213/14425, time remaining: 44s
Rendered 10214/14425, time remaining: 44s
Rendered 10215/14425, time remaining: 43s
Rendered 10216/14425, time remaining: 43s
Rendered 10217/14425, time remaining: 44s
Rendered 10218/14425, time remaining: 44s
Rendered 10219/14425, time remaining: 43s
Rendered 10220/14425, time remaining: 43s
Rendered 10221/14425, time remaining: 43s
Rendered 10222/14425, time remaining: 43s
Rendered 10223/14425, time remaining: 43s
Rendered 10224/14425, time remaining: 43s
Rendered 10225/14425, time remaining: 43s
Rendered 10225/14425, time remaining: 43s
Rendered 10226/14425, time remaining: 43s
Rendered 10227/14425, time remaining: 43s
Rendered 10228/14425, time remaining: 43s
Rendered 10229/14425, time remaining: 43s
Rendered 10230/14425, time remaining: 43s
Rendered 10231/14425, time remaining: 43s
Rendered 10232/14425, time remaining: 43s
Rendered 10233/14425, time remaining: 43s
Rendered 10234/14425, time remaining: 43s
Rendered 10235/14425, time remaining: 42s
Rendered 10236/14425, time remaining: 42s
Rendered 10237/14425, time remaining: 43s
Rendered 10238/14425, time remaining: 43s
Rendered 10239/14425, time remaining: 42s
Rendered 10240/14425, time remaining: 42s
Rendered 10241/14425, time remaining: 43s
Rendered 10242/14425, time remaining: 43s
Rendered 10243/14425, time remaining: 42s
Rendered 10244/14425, time remaining: 42s
Rendered 10245/14425, time remaining: 43s
Rendered 10246/14425, time remaining: 43s
Rendered 10247/14425, time remaining: 42s
Rendered 10248/14425, time remaining: 42s
Rendered 10249/14425, time remaining: 43s
Rendered 10250/14425, time remaining: 43s
Rendered 10251/14425, time remaining: 42s
Rendered 10252/14425, time remaining: 42s
Rendered 10253/14425, time remaining: 43s
Rendered 10254/14425, time remaining: 43s
Rendered 10255/14425, time remaining: 42s
Rendered 10256/14425, time remaining: 42s
Rendered 10257/14425, time remaining: 43s
Rendered 10258/14425, time remaining: 43s
Rendered 10259/14425, time remaining: 42s
Rendered 10260/14425, time remaining: 42s
Rendered 10261/14425, time remaining: 43s
Rendered 10262/14425, time remaining: 43s
Rendered 10263/14425, time remaining: 42s
Rendered 10264/14425, time remaining: 42s
Rendered 10265/14425, time remaining: 43s
Rendered 10266/14425, time remaining: 43s
Rendered 10267/14425, time remaining: 42s
Rendered 10268/14425, time remaining: 42s
Rendered 10269/14425, time remaining: 42s
Rendered 10270/14425, time remaining: 42s
Rendered 10271/14425, time remaining: 42s
Rendered 10272/14425, time remaining: 42s
Rendered 10273/14425, time remaining: 42s
Rendered 10274/14425, time remaining: 42s
Rendered 10275/14425, time remaining: 42s
Rendered 10276/14425, time remaining: 42s
Rendered 10276/14425, time remaining: 42s
Rendered 10277/14425, time remaining: 42s
Rendered 10278/14425, time remaining: 42s
Rendered 10279/14425, time remaining: 42s
Rendered 10280/14425, time remaining: 42s
Rendered 10281/14425, time remaining: 42s
Rendered 10282/14425, time remaining: 42s
Rendered 10283/14425, time remaining: 42s
Rendered 10284/14425, time remaining: 42s
Rendered 10285/14425, time remaining: 42s
Rendered 10286/14425, time remaining: 42s
Rendered 10287/14425, time remaining: 42s
Rendered 10288/14425, time remaining: 42s
Rendered 10289/14425, time remaining: 42s
Rendered 10290/14425, time remaining: 42s
Rendered 10291/14425, time remaining: 42s
Rendered 10292/14425, time remaining: 42s
Rendered 10293/14425, time remaining: 42s
Rendered 10294/14425, time remaining: 42s
Rendered 10295/14425, time remaining: 42s
Rendered 10296/14425, time remaining: 42s
Rendered 10297/14425, time remaining: 42s
Rendered 10298/14425, time remaining: 42s
Rendered 10299/14425, time remaining: 42s
Rendered 10300/14425, time remaining: 42s
Rendered 10301/14425, time remaining: 42s
Rendered 10302/14425, time remaining: 42s
Rendered 10303/14425, time remaining: 41s
Rendered 10304/14425, time remaining: 42s
Rendered 10305/14425, time remaining: 42s
Rendered 10306/14425, time remaining: 42s
Rendered 10307/14425, time remaining: 41s
Rendered 10308/14425, time remaining: 41s
Rendered 10309/14425, time remaining: 42s
Rendered 10310/14425, time remaining: 42s
Rendered 10311/14425, time remaining: 41s
Rendered 10312/14425, time remaining: 41s
Rendered 10313/14425, time remaining: 42s
Rendered 10314/14425, time remaining: 42s
Rendered 10315/14425, time remaining: 41s
Rendered 10316/14425, time remaining: 41s
Rendered 10317/14425, time remaining: 42s
Rendered 10318/14425, time remaining: 42s
Rendered 10319/14425, time remaining: 41s
Rendered 10320/14425, time remaining: 41s
Rendered 10321/14425, time remaining: 42s
Rendered 10322/14425, time remaining: 42s
Rendered 10323/14425, time remaining: 41s
Rendered 10324/14425, time remaining: 41s
Rendered 10324/14425, time remaining: 41s
Rendered 10325/14425, time remaining: 42s
Rendered 10326/14425, time remaining: 42s
Rendered 10327/14425, time remaining: 41s
Rendered 10328/14425, time remaining: 41s
Rendered 10329/14425, time remaining: 42s
Rendered 10330/14425, time remaining: 42s
Rendered 10331/14425, time remaining: 41s
Rendered 10332/14425, time remaining: 41s
Rendered 10333/14425, time remaining: 42s
Rendered 10334/14425, time remaining: 42s
Rendered 10335/14425, time remaining: 41s
Rendered 10336/14425, time remaining: 41s
Rendered 10337/14425, time remaining: 42s
Rendered 10338/14425, time remaining: 42s
Rendered 10339/14425, time remaining: 41s
Rendered 10340/14425, time remaining: 41s
Rendered 10341/14425, time remaining: 42s
Rendered 10342/14425, time remaining: 42s
Rendered 10343/14425, time remaining: 41s
Rendered 10344/14425, time remaining: 41s
Rendered 10345/14425, time remaining: 42s
Rendered 10346/14425, time remaining: 42s
Rendered 10347/14425, time remaining: 41s
Rendered 10348/14425, time remaining: 41s
Rendered 10349/14425, time remaining: 42s
Rendered 10350/14425, time remaining: 42s
Rendered 10351/14425, time remaining: 41s
Rendered 10352/14425, time remaining: 41s
Rendered 10353/14425, time remaining: 41s
Rendered 10354/14425, time remaining: 41s
Rendered 10355/14425, time remaining: 41s
Rendered 10356/14425, time remaining: 41s
Rendered 10357/14425, time remaining: 41s
Rendered 10358/14425, time remaining: 41s
Rendered 10359/14425, time remaining: 41s
Rendered 10360/14425, time remaining: 41s
Rendered 10361/14425, time remaining: 41s
Rendered 10362/14425, time remaining: 41s
Rendered 10363/14425, time remaining: 41s
Rendered 10364/14425, time remaining: 41s
Rendered 10365/14425, time remaining: 41s
Rendered 10366/14425, time remaining: 41s
Rendered 10367/14425, time remaining: 41s
Rendered 10368/14425, time remaining: 41s
Rendered 10369/14425, time remaining: 41s
Rendered 10370/14425, time remaining: 41s
Rendered 10371/14425, time remaining: 41s
Rendered 10372/14425, time remaining: 41s
Rendered 10372/14425, time remaining: 41s
Rendered 10373/14425, time remaining: 41s
Rendered 10374/14425, time remaining: 41s
Rendered 10375/14425, time remaining: 41s
Rendered 10376/14425, time remaining: 41s
Rendered 10377/14425, time remaining: 41s
Rendered 10378/14425, time remaining: 41s
Rendered 10379/14425, time remaining: 41s
Rendered 10380/14425, time remaining: 41s
Rendered 10381/14425, time remaining: 42s
Rendered 10382/14425, time remaining: 42s
Rendered 10383/14425, time remaining: 41s
Rendered 10384/14425, time remaining: 41s
Rendered 10385/14425, time remaining: 42s
Rendered 10386/14425, time remaining: 42s
Rendered 10387/14425, time remaining: 41s
Rendered 10388/14425, time remaining: 41s
Rendered 10389/14425, time remaining: 42s
Rendered 10390/14425, time remaining: 42s
Rendered 10391/14425, time remaining: 41s
Rendered 10392/14425, time remaining: 41s
Rendered 10393/14425, time remaining: 42s
Rendered 10394/14425, time remaining: 42s
Rendered 10395/14425, time remaining: 41s
Rendered 10396/14425, time remaining: 41s
Rendered 10397/14425, time remaining: 41s
Rendered 10398/14425, time remaining: 41s
Rendered 10399/14425, time remaining: 41s
Rendered 10400/14425, time remaining: 41s
Rendered 10401/14425, time remaining: 41s
Rendered 10402/14425, time remaining: 41s
Rendered 10403/14425, time remaining: 41s
Rendered 10404/14425, time remaining: 41s
Rendered 10405/14425, time remaining: 41s
Rendered 10406/14425, time remaining: 41s
Rendered 10407/14425, time remaining: 41s
Rendered 10408/14425, time remaining: 41s
Rendered 10409/14425, time remaining: 41s
Rendered 10410/14425, time remaining: 41s
Rendered 10411/14425, time remaining: 41s
Rendered 10412/14425, time remaining: 41s
Rendered 10413/14425, time remaining: 41s
Rendered 10414/14425, time remaining: 41s
Rendered 10415/14425, time remaining: 41s
Rendered 10416/14425, time remaining: 41s
Rendered 10417/14425, time remaining: 41s
Rendered 10418/14425, time remaining: 41s
Rendered 10419/14425, time remaining: 41s
Rendered 10420/14425, time remaining: 41s
Rendered 10420/14425, time remaining: 41s
Rendered 10421/14425, time remaining: 41s
Rendered 10422/14425, time remaining: 41s
Rendered 10423/14425, time remaining: 41s
Rendered 10424/14425, time remaining: 41s
Rendered 10425/14425, time remaining: 41s
Rendered 10426/14425, time remaining: 41s
Rendered 10427/14425, time remaining: 41s
Rendered 10428/14425, time remaining: 41s
Rendered 10429/14425, time remaining: 41s
Rendered 10430/14425, time remaining: 41s
Rendered 10431/14425, time remaining: 41s
Rendered 10432/14425, time remaining: 41s
Rendered 10433/14425, time remaining: 41s
Rendered 10434/14425, time remaining: 41s
Rendered 10435/14425, time remaining: 41s
Rendered 10436/14425, time remaining: 41s
Rendered 10437/14425, time remaining: 41s
Rendered 10438/14425, time remaining: 41s
Rendered 10439/14425, time remaining: 41s
Rendered 10440/14425, time remaining: 41s
Rendered 10441/14425, time remaining: 41s
Rendered 10442/14425, time remaining: 41s
Rendered 10443/14425, time remaining: 41s
Rendered 10444/14425, time remaining: 41s
Rendered 10445/14425, time remaining: 41s
Rendered 10446/14425, time remaining: 41s
Rendered 10447/14425, time remaining: 41s
Rendered 10448/14425, time remaining: 41s
Rendered 10449/14425, time remaining: 41s
Rendered 10450/14425, time remaining: 41s
Rendered 10451/14425, time remaining: 41s
Rendered 10452/14425, time remaining: 41s
Rendered 10453/14425, time remaining: 41s
Rendered 10454/14425, time remaining: 41s
Rendered 10455/14425, time remaining: 41s
Rendered 10456/14425, time remaining: 41s
Rendered 10457/14425, time remaining: 41s
Rendered 10458/14425, time remaining: 41s
Rendered 10459/14425, time remaining: 41s
Rendered 10460/14425, time remaining: 41s
Rendered 10461/14425, time remaining: 41s
Rendered 10462/14425, time remaining: 41s
Rendered 10463/14425, time remaining: 40s
Rendered 10464/14425, time remaining: 41s
Rendered 10465/14425, time remaining: 41s
Rendered 10466/14425, time remaining: 41s
Rendered 10467/14425, time remaining: 40s
Rendered 10468/14425, time remaining: 40s
Rendered 10469/14425, time remaining: 41s
Rendered 10470/14425, time remaining: 41s
Rendered 10471/14425, time remaining: 40s
Rendered 10471/14425, time remaining: 40s
Rendered 10472/14425, time remaining: 40s
Rendered 10473/14425, time remaining: 40s
Rendered 10474/14425, time remaining: 40s
Rendered 10475/14425, time remaining: 40s
Rendered 10476/14425, time remaining: 40s
Rendered 10477/14425, time remaining: 40s
Rendered 10478/14425, time remaining: 40s
Rendered 10479/14425, time remaining: 40s
Rendered 10480/14425, time remaining: 40s
Rendered 10481/14425, time remaining: 40s
Rendered 10482/14425, time remaining: 40s
Rendered 10483/14425, time remaining: 39s
Rendered 10484/14425, time remaining: 39s
Rendered 10485/14425, time remaining: 39s
Rendered 10486/14425, time remaining: 39s
Rendered 10487/14425, time remaining: 39s
Rendered 10488/14425, time remaining: 39s
Rendered 10489/14425, time remaining: 39s
Rendered 10490/14425, time remaining: 39s
Rendered 10491/14425, time remaining: 39s
Rendered 10492/14425, time remaining: 39s
Rendered 10493/14425, time remaining: 39s
Rendered 10494/14425, time remaining: 39s
Rendered 10495/14425, time remaining: 39s
Rendered 10496/14425, time remaining: 39s
Rendered 10497/14425, time remaining: 39s
Rendered 10498/14425, time remaining: 39s
Rendered 10499/14425, time remaining: 38s
Rendered 10500/14425, time remaining: 38s
Rendered 10501/14425, time remaining: 38s
Rendered 10502/14425, time remaining: 38s
Rendered 10503/14425, time remaining: 38s
Rendered 10504/14425, time remaining: 38s
Rendered 10505/14425, time remaining: 38s
Rendered 10506/14425, time remaining: 38s
Rendered 10507/14425, time remaining: 38s
Rendered 10508/14425, time remaining: 38s
Rendered 10509/14425, time remaining: 38s
Rendered 10510/14425, time remaining: 38s
Rendered 10511/14425, time remaining: 38s
Rendered 10512/14425, time remaining: 38s
Rendered 10513/14425, time remaining: 38s
Rendered 10514/14425, time remaining: 38s
Rendered 10515/14425, time remaining: 37s
Rendered 10516/14425, time remaining: 37s
Rendered 10517/14425, time remaining: 37s
Rendered 10518/14425, time remaining: 37s
Rendered 10519/14425, time remaining: 37s
Rendered 10520/14425, time remaining: 37s
Rendered 10521/14425, time remaining: 37s
Rendered 10522/14425, time remaining: 37s
Rendered 10523/14425, time remaining: 37s
Rendered 10524/14425, time remaining: 37s
Rendered 10525/14425, time remaining: 37s
Rendered 10526/14425, time remaining: 37s
Rendered 10527/14425, time remaining: 37s
Rendered 10528/14425, time remaining: 37s
Rendered 10529/14425, time remaining: 37s
Rendered 10530/14425, time remaining: 37s
Rendered 10531/14425, time remaining: 36s
Rendered 10531/14425, time remaining: 36s
Rendered 10532/14425, time remaining: 37s
Rendered 10533/14425, time remaining: 37s
Rendered 10534/14425, time remaining: 37s
Rendered 10535/14425, time remaining: 36s
Rendered 10536/14425, time remaining: 37s
Rendered 10537/14425, time remaining: 37s
Rendered 10538/14425, time remaining: 37s
Rendered 10539/14425, time remaining: 36s
Rendered 10540/14425, time remaining: 37s
Rendered 10541/14425, time remaining: 37s
Rendered 10542/14425, time remaining: 37s
Rendered 10543/14425, time remaining: 36s
Rendered 10544/14425, time remaining: 37s
Rendered 10545/14425, time remaining: 37s
Rendered 10546/14425, time remaining: 37s
Rendered 10547/14425, time remaining: 36s
Rendered 10548/14425, time remaining: 37s
Rendered 10549/14425, time remaining: 37s
Rendered 10550/14425, time remaining: 37s
Rendered 10551/14425, time remaining: 36s
Rendered 10552/14425, time remaining: 37s
Rendered 10553/14425, time remaining: 37s
Rendered 10554/14425, time remaining: 37s
Rendered 10555/14425, time remaining: 36s
Rendered 10556/14425, time remaining: 37s
Rendered 10557/14425, time remaining: 37s
Rendered 10558/14425, time remaining: 37s
Rendered 10559/14425, time remaining: 36s
Rendered 10560/14425, time remaining: 37s
Rendered 10561/14425, time remaining: 36s
Rendered 10562/14425, time remaining: 36s
Rendered 10563/14425, time remaining: 36s
Rendered 10564/14425, time remaining: 37s
Rendered 10565/14425, time remaining: 36s
Rendered 10566/14425, time remaining: 36s
Rendered 10567/14425, time remaining: 36s
Rendered 10568/14425, time remaining: 36s
Rendered 10569/14425, time remaining: 36s
Rendered 10570/14425, time remaining: 36s
Rendered 10571/14425, time remaining: 36s
Rendered 10572/14425, time remaining: 36s
Rendered 10573/14425, time remaining: 36s
Rendered 10574/14425, time remaining: 36s
Rendered 10575/14425, time remaining: 36s
Rendered 10576/14425, time remaining: 36s
Rendered 10577/14425, time remaining: 36s
Rendered 10578/14425, time remaining: 36s
Rendered 10579/14425, time remaining: 36s
Rendered 10579/14425, time remaining: 36s
Rendered 10580/14425, time remaining: 36s
Rendered 10581/14425, time remaining: 36s
Rendered 10582/14425, time remaining: 36s
Rendered 10583/14425, time remaining: 36s
Rendered 10584/14425, time remaining: 36s
Rendered 10585/14425, time remaining: 36s
Rendered 10586/14425, time remaining: 36s
Rendered 10587/14425, time remaining: 36s
Rendered 10588/14425, time remaining: 36s
Rendered 10589/14425, time remaining: 36s
Rendered 10590/14425, time remaining: 36s
Rendered 10591/14425, time remaining: 36s
Rendered 10592/14425, time remaining: 36s
Rendered 10593/14425, time remaining: 36s
Rendered 10594/14425, time remaining: 36s
Rendered 10595/14425, time remaining: 36s
Rendered 10596/14425, time remaining: 36s
Rendered 10597/14425, time remaining: 36s
Rendered 10598/14425, time remaining: 36s
Rendered 10599/14425, time remaining: 36s
Rendered 10600/14425, time remaining: 36s
Rendered 10601/14425, time remaining: 36s
Rendered 10602/14425, time remaining: 36s
Rendered 10603/14425, time remaining: 36s
Rendered 10604/14425, time remaining: 36s
Rendered 10605/14425, time remaining: 36s
Rendered 10606/14425, time remaining: 36s
Rendered 10607/14425, time remaining: 36s
Rendered 10608/14425, time remaining: 36s
Rendered 10609/14425, time remaining: 36s
Rendered 10610/14425, time remaining: 36s
Rendered 10611/14425, time remaining: 36s
Rendered 10612/14425, time remaining: 36s
Rendered 10613/14425, time remaining: 36s
Rendered 10614/14425, time remaining: 36s
Rendered 10615/14425, time remaining: 36s
Rendered 10616/14425, time remaining: 36s
Rendered 10617/14425, time remaining: 36s
Rendered 10618/14425, time remaining: 36s
Rendered 10619/14425, time remaining: 36s
Rendered 10620/14425, time remaining: 36s
Rendered 10621/14425, time remaining: 36s
Rendered 10622/14425, time remaining: 36s
Rendered 10623/14425, time remaining: 36s
Rendered 10624/14425, time remaining: 36s
Rendered 10625/14425, time remaining: 36s
Rendered 10626/14425, time remaining: 36s
Rendered 10627/14425, time remaining: 36s
Rendered 10627/14425, time remaining: 36s
Rendered 10628/14425, time remaining: 37s
Rendered 10629/14425, time remaining: 37s
Rendered 10630/14425, time remaining: 37s
Rendered 10631/14425, time remaining: 36s
Rendered 10632/14425, time remaining: 37s
Rendered 10633/14425, time remaining: 37s
Rendered 10634/14425, time remaining: 37s
Rendered 10635/14425, time remaining: 37s
Rendered 10636/14425, time remaining: 37s
Rendered 10637/14425, time remaining: 37s
Rendered 10638/14425, time remaining: 37s
Rendered 10639/14425, time remaining: 37s
Rendered 10640/14425, time remaining: 37s
Rendered 10641/14425, time remaining: 37s
Rendered 10642/14425, time remaining: 37s
Rendered 10643/14425, time remaining: 37s
Rendered 10644/14425, time remaining: 37s
Rendered 10645/14425, time remaining: 37s
Rendered 10646/14425, time remaining: 37s
Rendered 10647/14425, time remaining: 37s
Rendered 10648/14425, time remaining: 37s
Rendered 10649/14425, time remaining: 37s
Rendered 10650/14425, time remaining: 37s
Rendered 10651/14425, time remaining: 37s
Rendered 10652/14425, time remaining: 38s
Rendered 10653/14425, time remaining: 37s
Rendered 10654/14425, time remaining: 37s
Rendered 10655/14425, time remaining: 37s
Rendered 10656/14425, time remaining: 38s
Rendered 10657/14425, time remaining: 38s
Rendered 10658/14425, time remaining: 38s
Rendered 10659/14425, time remaining: 38s
Rendered 10660/14425, time remaining: 38s
Rendered 10661/14425, time remaining: 38s
Rendered 10662/14425, time remaining: 38s
Rendered 10663/14425, time remaining: 38s
Rendered 10664/14425, time remaining: 38s
Rendered 10665/14425, time remaining: 38s
Rendered 10666/14425, time remaining: 38s
Rendered 10667/14425, time remaining: 38s
Rendered 10668/14425, time remaining: 39s
Rendered 10669/14425, time remaining: 38s
Rendered 10670/14425, time remaining: 38s
Rendered 10671/14425, time remaining: 38s
Rendered 10672/14425, time remaining: 39s
Rendered 10673/14425, time remaining: 39s
Rendered 10674/14425, time remaining: 38s
Rendered 10675/14425, time remaining: 38s
Rendered 10675/14425, time remaining: 38s
Rendered 10676/14425, time remaining: 39s
Rendered 10677/14425, time remaining: 39s
Rendered 10678/14425, time remaining: 38s
Rendered 10679/14425, time remaining: 38s
Rendered 10680/14425, time remaining: 39s
Rendered 10681/14425, time remaining: 39s
Rendered 10682/14425, time remaining: 38s
Rendered 10683/14425, time remaining: 38s
Rendered 10684/14425, time remaining: 39s
Rendered 10685/14425, time remaining: 39s
Rendered 10686/14425, time remaining: 38s
Rendered 10687/14425, time remaining: 38s
Rendered 10688/14425, time remaining: 39s
Rendered 10689/14425, time remaining: 39s
Rendered 10690/14425, time remaining: 38s
Rendered 10691/14425, time remaining: 38s
Rendered 10692/14425, time remaining: 39s
Rendered 10693/14425, time remaining: 39s
Rendered 10694/14425, time remaining: 38s
Rendered 10695/14425, time remaining: 38s
Rendered 10696/14425, time remaining: 39s
Rendered 10697/14425, time remaining: 39s
Rendered 10698/14425, time remaining: 38s
Rendered 10699/14425, time remaining: 38s
Rendered 10700/14425, time remaining: 39s
Rendered 10701/14425, time remaining: 39s
Rendered 10702/14425, time remaining: 38s
Rendered 10703/14425, time remaining: 38s
Rendered 10704/14425, time remaining: 39s
Rendered 10705/14425, time remaining: 39s
Rendered 10706/14425, time remaining: 38s
Rendered 10707/14425, time remaining: 38s
Rendered 10708/14425, time remaining: 39s
Rendered 10709/14425, time remaining: 39s
Rendered 10710/14425, time remaining: 38s
Rendered 10711/14425, time remaining: 38s
Rendered 10712/14425, time remaining: 39s
Rendered 10713/14425, time remaining: 39s
Rendered 10714/14425, time remaining: 38s
Rendered 10715/14425, time remaining: 38s
Rendered 10716/14425, time remaining: 38s
Rendered 10717/14425, time remaining: 39s
Rendered 10718/14425, time remaining: 38s
Rendered 10719/14425, time remaining: 38s
Rendered 10720/14425, time remaining: 38s
Rendered 10721/14425, time remaining: 38s
Rendered 10722/14425, time remaining: 38s
Rendered 10723/14425, time remaining: 38s
Rendered 10723/14425, time remaining: 38s
Rendered 10724/14425, time remaining: 38s
Rendered 10725/14425, time remaining: 38s
Rendered 10726/14425, time remaining: 38s
Rendered 10727/14425, time remaining: 38s
Rendered 10728/14425, time remaining: 38s
Rendered 10729/14425, time remaining: 38s
Rendered 10730/14425, time remaining: 38s
Rendered 10731/14425, time remaining: 38s
Rendered 10732/14425, time remaining: 38s
Rendered 10733/14425, time remaining: 38s
Rendered 10734/14425, time remaining: 38s
Rendered 10735/14425, time remaining: 38s
Rendered 10736/14425, time remaining: 38s
Rendered 10737/14425, time remaining: 38s
Rendered 10738/14425, time remaining: 38s
Rendered 10739/14425, time remaining: 38s
Rendered 10740/14425, time remaining: 38s
Rendered 10741/14425, time remaining: 38s
Rendered 10742/14425, time remaining: 38s
Rendered 10743/14425, time remaining: 38s
Rendered 10744/14425, time remaining: 38s
Rendered 10745/14425, time remaining: 38s
Rendered 10746/14425, time remaining: 38s
Rendered 10747/14425, time remaining: 38s
Rendered 10748/14425, time remaining: 38s
Rendered 10749/14425, time remaining: 38s
Rendered 10750/14425, time remaining: 38s
Rendered 10751/14425, time remaining: 38s
Rendered 10752/14425, time remaining: 38s
Rendered 10753/14425, time remaining: 38s
Rendered 10754/14425, time remaining: 38s
Rendered 10755/14425, time remaining: 38s
Rendered 10756/14425, time remaining: 38s
Rendered 10757/14425, time remaining: 38s
Rendered 10758/14425, time remaining: 38s
Rendered 10759/14425, time remaining: 38s
Rendered 10760/14425, time remaining: 38s
Rendered 10761/14425, time remaining: 38s
Rendered 10762/14425, time remaining: 38s
Rendered 10763/14425, time remaining: 38s
Rendered 10764/14425, time remaining: 38s
Rendered 10765/14425, time remaining: 38s
Rendered 10766/14425, time remaining: 37s
Rendered 10767/14425, time remaining: 37s
Rendered 10768/14425, time remaining: 38s
Rendered 10769/14425, time remaining: 38s
Rendered 10770/14425, time remaining: 38s
Rendered 10771/14425, time remaining: 37s
Rendered 10771/14425, time remaining: 37s
Rendered 10772/14425, time remaining: 38s
Rendered 10773/14425, time remaining: 38s
Rendered 10774/14425, time remaining: 37s
Rendered 10775/14425, time remaining: 37s
Rendered 10776/14425, time remaining: 38s
Rendered 10777/14425, time remaining: 38s
Rendered 10778/14425, time remaining: 37s
Rendered 10779/14425, time remaining: 37s
Rendered 10780/14425, time remaining: 38s
Rendered 10781/14425, time remaining: 38s
Rendered 10782/14425, time remaining: 37s
Rendered 10783/14425, time remaining: 37s
Rendered 10784/14425, time remaining: 38s
Rendered 10785/14425, time remaining: 38s
Rendered 10786/14425, time remaining: 37s
Rendered 10787/14425, time remaining: 37s
Rendered 10788/14425, time remaining: 38s
Rendered 10789/14425, time remaining: 38s
Rendered 10790/14425, time remaining: 37s
Rendered 10791/14425, time remaining: 37s
Rendered 10792/14425, time remaining: 38s
Rendered 10793/14425, time remaining: 38s
Rendered 10794/14425, time remaining: 37s
Rendered 10795/14425, time remaining: 37s
Rendered 10796/14425, time remaining: 38s
Rendered 10797/14425, time remaining: 38s
Rendered 10798/14425, time remaining: 37s
Rendered 10799/14425, time remaining: 37s
Rendered 10800/14425, time remaining: 38s
Rendered 10801/14425, time remaining: 38s
Rendered 10802/14425, time remaining: 37s
Rendered 10803/14425, time remaining: 37s
Rendered 10804/14425, time remaining: 38s
Rendered 10805/14425, time remaining: 38s
Rendered 10806/14425, time remaining: 37s
Rendered 10807/14425, time remaining: 37s
Rendered 10808/14425, time remaining: 38s
Rendered 10809/14425, time remaining: 38s
Rendered 10810/14425, time remaining: 37s
Rendered 10811/14425, time remaining: 37s
Rendered 10812/14425, time remaining: 38s
Rendered 10813/14425, time remaining: 37s
Rendered 10814/14425, time remaining: 37s
Rendered 10815/14425, time remaining: 37s
Rendered 10816/14425, time remaining: 37s
Rendered 10817/14425, time remaining: 37s
Rendered 10818/14425, time remaining: 37s
Rendered 10819/14425, time remaining: 37s
Rendered 10819/14425, time remaining: 37s
Rendered 10820/14425, time remaining: 37s
Rendered 10821/14425, time remaining: 37s
Rendered 10822/14425, time remaining: 37s
Rendered 10823/14425, time remaining: 37s
Rendered 10824/14425, time remaining: 37s
Rendered 10825/14425, time remaining: 37s
Rendered 10826/14425, time remaining: 37s
Rendered 10827/14425, time remaining: 37s
Rendered 10828/14425, time remaining: 37s
Rendered 10829/14425, time remaining: 37s
Rendered 10830/14425, time remaining: 37s
Rendered 10831/14425, time remaining: 37s
Rendered 10832/14425, time remaining: 37s
Rendered 10833/14425, time remaining: 37s
Rendered 10834/14425, time remaining: 37s
Rendered 10835/14425, time remaining: 37s
Rendered 10836/14425, time remaining: 37s
Rendered 10837/14425, time remaining: 37s
Rendered 10838/14425, time remaining: 37s
Rendered 10839/14425, time remaining: 37s
Rendered 10840/14425, time remaining: 37s
Rendered 10841/14425, time remaining: 37s
Rendered 10842/14425, time remaining: 37s
Rendered 10843/14425, time remaining: 37s
Rendered 10844/14425, time remaining: 37s
Rendered 10845/14425, time remaining: 37s
Rendered 10846/14425, time remaining: 37s
Rendered 10847/14425, time remaining: 37s
Rendered 10848/14425, time remaining: 37s
Rendered 10849/14425, time remaining: 37s
Rendered 10850/14425, time remaining: 36s
Rendered 10851/14425, time remaining: 36s
Rendered 10852/14425, time remaining: 37s
Rendered 10853/14425, time remaining: 37s
Rendered 10854/14425, time remaining: 36s
Rendered 10855/14425, time remaining: 36s
Rendered 10856/14425, time remaining: 37s
Rendered 10857/14425, time remaining: 37s
Rendered 10858/14425, time remaining: 36s
Rendered 10859/14425, time remaining: 36s
Rendered 10860/14425, time remaining: 37s
Rendered 10861/14425, time remaining: 37s
Rendered 10862/14425, time remaining: 37s
Rendered 10863/14425, time remaining: 37s
Rendered 10864/14425, time remaining: 37s
Rendered 10865/14425, time remaining: 37s
Rendered 10866/14425, time remaining: 36s
Rendered 10867/14425, time remaining: 36s
Rendered 10867/14425, time remaining: 36s
Rendered 10868/14425, time remaining: 37s
Rendered 10869/14425, time remaining: 37s
Rendered 10870/14425, time remaining: 36s
Rendered 10871/14425, time remaining: 36s
Rendered 10872/14425, time remaining: 37s
Rendered 10873/14425, time remaining: 37s
Rendered 10874/14425, time remaining: 36s
Rendered 10875/14425, time remaining: 36s
Rendered 10876/14425, time remaining: 37s
Rendered 10877/14425, time remaining: 37s
Rendered 10878/14425, time remaining: 36s
Rendered 10879/14425, time remaining: 36s
Rendered 10880/14425, time remaining: 37s
Rendered 10881/14425, time remaining: 37s
Rendered 10882/14425, time remaining: 36s
Rendered 10883/14425, time remaining: 36s
Rendered 10884/14425, time remaining: 37s
Rendered 10885/14425, time remaining: 37s
Rendered 10886/14425, time remaining: 36s
Rendered 10887/14425, time remaining: 36s
Rendered 10888/14425, time remaining: 37s
Rendered 10889/14425, time remaining: 37s
Rendered 10890/14425, time remaining: 36s
Rendered 10891/14425, time remaining: 36s
Rendered 10892/14425, time remaining: 37s
Rendered 10893/14425, time remaining: 37s
Rendered 10894/14425, time remaining: 36s
Rendered 10895/14425, time remaining: 36s
Rendered 10896/14425, time remaining: 36s
Rendered 10897/14425, time remaining: 36s
Rendered 10898/14425, time remaining: 36s
Rendered 10899/14425, time remaining: 36s
Rendered 10900/14425, time remaining: 36s
Rendered 10901/14425, time remaining: 36s
Rendered 10902/14425, time remaining: 36s
Rendered 10903/14425, time remaining: 36s
Rendered 10904/14425, time remaining: 36s
Rendered 10905/14425, time remaining: 36s
Rendered 10906/14425, time remaining: 36s
Rendered 10907/14425, time remaining: 36s
Rendered 10908/14425, time remaining: 36s
Rendered 10909/14425, time remaining: 36s
Rendered 10910/14425, time remaining: 36s
Rendered 10911/14425, time remaining: 36s
Rendered 10912/14425, time remaining: 36s
Rendered 10913/14425, time remaining: 36s
Rendered 10914/14425, time remaining: 36s
Rendered 10915/14425, time remaining: 36s
Rendered 10916/14425, time remaining: 36s
Rendered 10916/14425, time remaining: 36s
Rendered 10917/14425, time remaining: 36s
Rendered 10918/14425, time remaining: 36s
Rendered 10919/14425, time remaining: 36s
Rendered 10920/14425, time remaining: 36s
Rendered 10921/14425, time remaining: 36s
Rendered 10922/14425, time remaining: 36s
Rendered 10923/14425, time remaining: 36s
Rendered 10924/14425, time remaining: 36s
Rendered 10925/14425, time remaining: 36s
Rendered 10926/14425, time remaining: 36s
Rendered 10927/14425, time remaining: 36s
Rendered 10928/14425, time remaining: 36s
Rendered 10929/14425, time remaining: 36s
Rendered 10930/14425, time remaining: 36s
Rendered 10931/14425, time remaining: 36s
Rendered 10932/14425, time remaining: 36s
Rendered 10933/14425, time remaining: 36s
Rendered 10934/14425, time remaining: 36s
Rendered 10935/14425, time remaining: 36s
Rendered 10936/14425, time remaining: 36s
Rendered 10937/14425, time remaining: 36s
Rendered 10938/14425, time remaining: 35s
Rendered 10939/14425, time remaining: 35s
Rendered 10940/14425, time remaining: 36s
Rendered 10941/14425, time remaining: 36s
Rendered 10942/14425, time remaining: 35s
Rendered 10943/14425, time remaining: 35s
Rendered 10944/14425, time remaining: 36s
Rendered 10945/14425, time remaining: 36s
Rendered 10946/14425, time remaining: 35s
Rendered 10947/14425, time remaining: 35s
Rendered 10948/14425, time remaining: 36s
Rendered 10949/14425, time remaining: 36s
Rendered 10950/14425, time remaining: 35s
Rendered 10951/14425, time remaining: 35s
Rendered 10952/14425, time remaining: 36s
Rendered 10953/14425, time remaining: 36s
Rendered 10954/14425, time remaining: 35s
Rendered 10955/14425, time remaining: 35s
Rendered 10956/14425, time remaining: 36s
Rendered 10957/14425, time remaining: 36s
Rendered 10958/14425, time remaining: 35s
Rendered 10959/14425, time remaining: 35s
Rendered 10960/14425, time remaining: 36s
Rendered 10961/14425, time remaining: 36s
Rendered 10962/14425, time remaining: 35s
Rendered 10963/14425, time remaining: 35s
Rendered 10964/14425, time remaining: 36s
Rendered 10964/14425, time remaining: 36s
Rendered 10965/14425, time remaining: 36s
Rendered 10966/14425, time remaining: 35s
Rendered 10967/14425, time remaining: 35s
Rendered 10968/14425, time remaining: 36s
Rendered 10969/14425, time remaining: 36s
Rendered 10970/14425, time remaining: 35s
Rendered 10971/14425, time remaining: 35s
Rendered 10972/14425, time remaining: 36s
Rendered 10973/14425, time remaining: 36s
Rendered 10974/14425, time remaining: 35s
Rendered 10975/14425, time remaining: 35s
Rendered 10976/14425, time remaining: 36s
Rendered 10977/14425, time remaining: 36s
Rendered 10978/14425, time remaining: 35s
Rendered 10979/14425, time remaining: 35s
Rendered 10980/14425, time remaining: 36s
Rendered 10981/14425, time remaining: 36s
Rendered 10982/14425, time remaining: 35s
Rendered 10983/14425, time remaining: 35s
Rendered 10984/14425, time remaining: 36s
Rendered 10985/14425, time remaining: 36s
Rendered 10986/14425, time remaining: 35s
Rendered 10987/14425, time remaining: 35s
Rendered 10988/14425, time remaining: 36s
Rendered 10989/14425, time remaining: 36s
Rendered 10990/14425, time remaining: 35s
Rendered 10991/14425, time remaining: 35s
Rendered 10992/14425, time remaining: 35s
Rendered 10993/14425, time remaining: 35s
Rendered 10994/14425, time remaining: 35s
Rendered 10995/14425, time remaining: 35s
Rendered 10996/14425, time remaining: 35s
Rendered 10997/14425, time remaining: 35s
Rendered 10998/14425, time remaining: 35s
Rendered 10999/14425, time remaining: 35s
Rendered 11000/14425, time remaining: 35s
Rendered 11001/14425, time remaining: 35s
Rendered 11002/14425, time remaining: 35s
Rendered 11003/14425, time remaining: 35s
Rendered 11004/14425, time remaining: 35s
Rendered 11005/14425, time remaining: 35s
Rendered 11006/14425, time remaining: 35s
Rendered 11007/14425, time remaining: 35s
Rendered 11008/14425, time remaining: 35s
Rendered 11009/14425, time remaining: 35s
Rendered 11010/14425, time remaining: 35s
Rendered 11011/14425, time remaining: 35s
Rendered 11012/14425, time remaining: 35s
Rendered 11013/14425, time remaining: 35s
Rendered 11013/14425, time remaining: 35s
Rendered 11014/14425, time remaining: 35s
Rendered 11015/14425, time remaining: 35s
Rendered 11016/14425, time remaining: 35s
Rendered 11017/14425, time remaining: 35s
Rendered 11018/14425, time remaining: 35s
Rendered 11019/14425, time remaining: 34s
Rendered 11020/14425, time remaining: 35s
Rendered 11021/14425, time remaining: 35s
Rendered 11022/14425, time remaining: 35s
Rendered 11023/14425, time remaining: 35s
Rendered 11024/14425, time remaining: 35s
Rendered 11025/14425, time remaining: 35s
Rendered 11026/14425, time remaining: 35s
Rendered 11027/14425, time remaining: 34s
Rendered 11028/14425, time remaining: 35s
Rendered 11029/14425, time remaining: 35s
Rendered 11030/14425, time remaining: 34s
Rendered 11031/14425, time remaining: 34s
Rendered 11032/14425, time remaining: 35s
Rendered 11033/14425, time remaining: 35s
Rendered 11034/14425, time remaining: 34s
Rendered 11035/14425, time remaining: 34s
Rendered 11036/14425, time remaining: 35s
Rendered 11037/14425, time remaining: 35s
Rendered 11038/14425, time remaining: 34s
Rendered 11039/14425, time remaining: 34s
Rendered 11040/14425, time remaining: 35s
Rendered 11041/14425, time remaining: 35s
Rendered 11042/14425, time remaining: 34s
Rendered 11043/14425, time remaining: 34s
Rendered 11044/14425, time remaining: 35s
Rendered 11045/14425, time remaining: 35s
Rendered 11046/14425, time remaining: 34s
Rendered 11047/14425, time remaining: 34s
Rendered 11048/14425, time remaining: 35s
Rendered 11049/14425, time remaining: 35s
Rendered 11050/14425, time remaining: 34s
Rendered 11051/14425, time remaining: 34s
Rendered 11052/14425, time remaining: 35s
Rendered 11053/14425, time remaining: 35s
Rendered 11054/14425, time remaining: 34s
Rendered 11055/14425, time remaining: 34s
Rendered 11056/14425, time remaining: 35s
Rendered 11057/14425, time remaining: 35s
Rendered 11058/14425, time remaining: 34s
Rendered 11059/14425, time remaining: 34s
Rendered 11060/14425, time remaining: 35s
Rendered 11061/14425, time remaining: 35s
Rendered 11062/14425, time remaining: 34s
Rendered 11062/14425, time remaining: 34s
Rendered 11063/14425, time remaining: 34s
Rendered 11064/14425, time remaining: 35s
Rendered 11065/14425, time remaining: 35s
Rendered 11066/14425, time remaining: 34s
Rendered 11067/14425, time remaining: 34s
Rendered 11068/14425, time remaining: 35s
Rendered 11069/14425, time remaining: 35s
Rendered 11070/14425, time remaining: 34s
Rendered 11071/14425, time remaining: 34s
Rendered 11072/14425, time remaining: 35s
Rendered 11073/14425, time remaining: 35s
Rendered 11074/14425, time remaining: 34s
Rendered 11075/14425, time remaining: 34s
Rendered 11076/14425, time remaining: 35s
Rendered 11077/14425, time remaining: 35s
Rendered 11078/14425, time remaining: 34s
Rendered 11079/14425, time remaining: 34s
Rendered 11080/14425, time remaining: 35s
Rendered 11081/14425, time remaining: 35s
Rendered 11082/14425, time remaining: 34s
Rendered 11083/14425, time remaining: 34s
Rendered 11084/14425, time remaining: 35s
Rendered 11085/14425, time remaining: 35s
Rendered 11086/14425, time remaining: 34s
Rendered 11087/14425, time remaining: 34s
Rendered 11088/14425, time remaining: 34s
Rendered 11089/14425, time remaining: 34s
Rendered 11090/14425, time remaining: 34s
Rendered 11091/14425, time remaining: 34s
Rendered 11092/14425, time remaining: 34s
Rendered 11093/14425, time remaining: 34s
Rendered 11094/14425, time remaining: 34s
Rendered 11095/14425, time remaining: 34s
Rendered 11096/14425, time remaining: 34s
Rendered 11097/14425, time remaining: 34s
Rendered 11098/14425, time remaining: 34s
Rendered 11099/14425, time remaining: 34s
Rendered 11100/14425, time remaining: 34s
Rendered 11101/14425, time remaining: 34s
Rendered 11102/14425, time remaining: 34s
Rendered 11103/14425, time remaining: 34s
Rendered 11104/14425, time remaining: 34s
Rendered 11105/14425, time remaining: 34s
Rendered 11106/14425, time remaining: 34s
Rendered 11107/14425, time remaining: 34s
Rendered 11108/14425, time remaining: 34s
Rendered 11109/14425, time remaining: 34s
Rendered 11110/14425, time remaining: 34s
Rendered 11111/14425, time remaining: 34s
Rendered 11111/14425, time remaining: 34s
Rendered 11112/14425, time remaining: 34s
Rendered 11113/14425, time remaining: 34s
Rendered 11114/14425, time remaining: 34s
Rendered 11115/14425, time remaining: 34s
Rendered 11116/14425, time remaining: 34s
Rendered 11117/14425, time remaining: 34s
Rendered 11118/14425, time remaining: 34s
Rendered 11119/14425, time remaining: 34s
Rendered 11120/14425, time remaining: 34s
Rendered 11121/14425, time remaining: 34s
Rendered 11122/14425, time remaining: 33s
Rendered 11123/14425, time remaining: 34s
Rendered 11124/14425, time remaining: 34s
Rendered 11125/14425, time remaining: 34s
Rendered 11126/14425, time remaining: 33s
Rendered 11127/14425, time remaining: 33s
Rendered 11128/14425, time remaining: 34s
Rendered 11129/14425, time remaining: 34s
Rendered 11130/14425, time remaining: 33s
Rendered 11131/14425, time remaining: 33s
Rendered 11132/14425, time remaining: 34s
Rendered 11133/14425, time remaining: 34s
Rendered 11134/14425, time remaining: 33s
Rendered 11135/14425, time remaining: 33s
Rendered 11136/14425, time remaining: 34s
Rendered 11137/14425, time remaining: 34s
Rendered 11138/14425, time remaining: 33s
Rendered 11139/14425, time remaining: 33s
Rendered 11140/14425, time remaining: 34s
Rendered 11141/14425, time remaining: 34s
Rendered 11142/14425, time remaining: 33s
Rendered 11143/14425, time remaining: 33s
Rendered 11144/14425, time remaining: 34s
Rendered 11145/14425, time remaining: 34s
Rendered 11146/14425, time remaining: 33s
Rendered 11147/14425, time remaining: 33s
Rendered 11148/14425, time remaining: 34s
Rendered 11149/14425, time remaining: 34s
Rendered 11150/14425, time remaining: 33s
Rendered 11151/14425, time remaining: 33s
Rendered 11152/14425, time remaining: 34s
Rendered 11153/14425, time remaining: 34s
Rendered 11154/14425, time remaining: 33s
Rendered 11155/14425, time remaining: 33s
Rendered 11156/14425, time remaining: 34s
Rendered 11157/14425, time remaining: 34s
Rendered 11158/14425, time remaining: 33s
Rendered 11159/14425, time remaining: 33s
Rendered 11159/14425, time remaining: 33s
Rendered 11160/14425, time remaining: 34s
Rendered 11161/14425, time remaining: 34s
Rendered 11162/14425, time remaining: 33s
Rendered 11163/14425, time remaining: 33s
Rendered 11164/14425, time remaining: 34s
Rendered 11165/14425, time remaining: 34s
Rendered 11166/14425, time remaining: 33s
Rendered 11167/14425, time remaining: 33s
Rendered 11168/14425, time remaining: 34s
Rendered 11169/14425, time remaining: 34s
Rendered 11170/14425, time remaining: 33s
Rendered 11171/14425, time remaining: 33s
Rendered 11172/14425, time remaining: 34s
Rendered 11173/14425, time remaining: 34s
Rendered 11174/14425, time remaining: 33s
Rendered 11175/14425, time remaining: 33s
Rendered 11176/14425, time remaining: 34s
Rendered 11177/14425, time remaining: 34s
Rendered 11178/14425, time remaining: 33s
Rendered 11179/14425, time remaining: 33s
Rendered 11180/14425, time remaining: 34s
Rendered 11181/14425, time remaining: 33s
Rendered 11182/14425, time remaining: 33s
Rendered 11183/14425, time remaining: 33s
Rendered 11184/14425, time remaining: 33s
Rendered 11185/14425, time remaining: 33s
Rendered 11186/14425, time remaining: 33s
Rendered 11187/14425, time remaining: 33s
Rendered 11188/14425, time remaining: 33s
Rendered 11189/14425, time remaining: 33s
Rendered 11190/14425, time remaining: 33s
Rendered 11191/14425, time remaining: 33s
Rendered 11192/14425, time remaining: 33s
Rendered 11193/14425, time remaining: 33s
Rendered 11194/14425, time remaining: 33s
Rendered 11195/14425, time remaining: 33s
Rendered 11196/14425, time remaining: 33s
Rendered 11197/14425, time remaining: 33s
Rendered 11198/14425, time remaining: 33s
Rendered 11199/14425, time remaining: 33s
Rendered 11200/14425, time remaining: 33s
Rendered 11201/14425, time remaining: 33s
Rendered 11202/14425, time remaining: 33s
Rendered 11203/14425, time remaining: 33s
Rendered 11204/14425, time remaining: 33s
Rendered 11205/14425, time remaining: 33s
Rendered 11206/14425, time remaining: 33s
Rendered 11207/14425, time remaining: 33s
Rendered 11207/14425, time remaining: 33s
Rendered 11208/14425, time remaining: 33s
Rendered 11209/14425, time remaining: 33s
Rendered 11210/14425, time remaining: 33s
Rendered 11211/14425, time remaining: 33s
Rendered 11212/14425, time remaining: 33s
Rendered 11213/14425, time remaining: 33s
Rendered 11214/14425, time remaining: 33s
Rendered 11215/14425, time remaining: 33s
Rendered 11216/14425, time remaining: 33s
Rendered 11217/14425, time remaining: 33s
Rendered 11218/14425, time remaining: 33s
Rendered 11219/14425, time remaining: 33s
Rendered 11220/14425, time remaining: 33s
Rendered 11221/14425, time remaining: 33s
Rendered 11222/14425, time remaining: 33s
Rendered 11223/14425, time remaining: 33s
Rendered 11224/14425, time remaining: 33s
Rendered 11225/14425, time remaining: 33s
Rendered 11226/14425, time remaining: 33s
Rendered 11227/14425, time remaining: 33s
Rendered 11228/14425, time remaining: 33s
Rendered 11229/14425, time remaining: 33s
Rendered 11230/14425, time remaining: 33s
Rendered 11231/14425, time remaining: 33s
Rendered 11232/14425, time remaining: 33s
Rendered 11233/14425, time remaining: 33s
Rendered 11234/14425, time remaining: 33s
Rendered 11235/14425, time remaining: 33s
Rendered 11236/14425, time remaining: 33s
Rendered 11237/14425, time remaining: 33s
Rendered 11238/14425, time remaining: 32s
Rendered 11239/14425, time remaining: 33s
Rendered 11240/14425, time remaining: 33s
Rendered 11241/14425, time remaining: 33s
Rendered 11242/14425, time remaining: 32s
Rendered 11243/14425, time remaining: 32s
Rendered 11244/14425, time remaining: 33s
Rendered 11245/14425, time remaining: 33s
Rendered 11246/14425, time remaining: 32s
Rendered 11247/14425, time remaining: 32s
Rendered 11248/14425, time remaining: 33s
Rendered 11249/14425, time remaining: 33s
Rendered 11250/14425, time remaining: 32s
Rendered 11251/14425, time remaining: 32s
Rendered 11252/14425, time remaining: 33s
Rendered 11253/14425, time remaining: 33s
Rendered 11254/14425, time remaining: 32s
Rendered 11255/14425, time remaining: 32s
Rendered 11255/14425, time remaining: 32s
Rendered 11256/14425, time remaining: 33s
Rendered 11257/14425, time remaining: 33s
Rendered 11258/14425, time remaining: 32s
Rendered 11259/14425, time remaining: 32s
Rendered 11260/14425, time remaining: 33s
Rendered 11261/14425, time remaining: 33s
Rendered 11262/14425, time remaining: 32s
Rendered 11263/14425, time remaining: 32s
Rendered 11264/14425, time remaining: 33s
Rendered 11265/14425, time remaining: 33s
Rendered 11266/14425, time remaining: 32s
Rendered 11267/14425, time remaining: 32s
Rendered 11268/14425, time remaining: 33s
Rendered 11269/14425, time remaining: 33s
Rendered 11270/14425, time remaining: 32s
Rendered 11271/14425, time remaining: 32s
Rendered 11272/14425, time remaining: 33s
Rendered 11273/14425, time remaining: 33s
Rendered 11274/14425, time remaining: 32s
Rendered 11275/14425, time remaining: 32s
Rendered 11276/14425, time remaining: 32s
Rendered 11277/14425, time remaining: 32s
Rendered 11278/14425, time remaining: 32s
Rendered 11279/14425, time remaining: 32s
Rendered 11280/14425, time remaining: 32s
Rendered 11281/14425, time remaining: 32s
Rendered 11282/14425, time remaining: 32s
Rendered 11283/14425, time remaining: 32s
Rendered 11284/14425, time remaining: 32s
Rendered 11285/14425, time remaining: 32s
Rendered 11286/14425, time remaining: 32s
Rendered 11287/14425, time remaining: 32s
Rendered 11288/14425, time remaining: 32s
Rendered 11289/14425, time remaining: 32s
Rendered 11290/14425, time remaining: 32s
Rendered 11291/14425, time remaining: 32s
Rendered 11292/14425, time remaining: 32s
Rendered 11293/14425, time remaining: 32s
Rendered 11294/14425, time remaining: 32s
Rendered 11295/14425, time remaining: 32s
Rendered 11296/14425, time remaining: 32s
Rendered 11297/14425, time remaining: 32s
Rendered 11298/14425, time remaining: 32s
Rendered 11299/14425, time remaining: 32s
Rendered 11300/14425, time remaining: 32s
Rendered 11301/14425, time remaining: 32s
Rendered 11302/14425, time remaining: 32s
Rendered 11303/14425, time remaining: 32s
Rendered 11303/14425, time remaining: 32s
Rendered 11304/14425, time remaining: 32s
Rendered 11305/14425, time remaining: 32s
Rendered 11306/14425, time remaining: 32s
Rendered 11307/14425, time remaining: 32s
Rendered 11308/14425, time remaining: 32s
Rendered 11309/14425, time remaining: 32s
Rendered 11310/14425, time remaining: 32s
Rendered 11311/14425, time remaining: 32s
Rendered 11312/14425, time remaining: 32s
Rendered 11313/14425, time remaining: 32s
Rendered 11314/14425, time remaining: 32s
Rendered 11315/14425, time remaining: 32s
Rendered 11316/14425, time remaining: 32s
Rendered 11317/14425, time remaining: 32s
Rendered 11318/14425, time remaining: 32s
Rendered 11319/14425, time remaining: 32s
Rendered 11320/14425, time remaining: 32s
Rendered 11321/14425, time remaining: 32s
Rendered 11322/14425, time remaining: 32s
Rendered 11323/14425, time remaining: 32s
Rendered 11324/14425, time remaining: 32s
Rendered 11325/14425, time remaining: 32s
Rendered 11326/14425, time remaining: 32s
Rendered 11327/14425, time remaining: 32s
Rendered 11328/14425, time remaining: 32s
Rendered 11329/14425, time remaining: 32s
Rendered 11330/14425, time remaining: 32s
Rendered 11331/14425, time remaining: 32s
Rendered 11332/14425, time remaining: 32s
Rendered 11333/14425, time remaining: 32s
Rendered 11334/14425, time remaining: 32s
Rendered 11335/14425, time remaining: 32s
Rendered 11336/14425, time remaining: 32s
Rendered 11337/14425, time remaining: 32s
Rendered 11338/14425, time remaining: 32s
Rendered 11339/14425, time remaining: 32s
Rendered 11340/14425, time remaining: 32s
Rendered 11341/14425, time remaining: 32s
Rendered 11342/14425, time remaining: 32s
Rendered 11343/14425, time remaining: 32s
Rendered 11344/14425, time remaining: 32s
Rendered 11345/14425, time remaining: 32s
Rendered 11346/14425, time remaining: 32s
Rendered 11347/14425, time remaining: 32s
Rendered 11348/14425, time remaining: 32s
Rendered 11349/14425, time remaining: 32s
Rendered 11350/14425, time remaining: 31s
Rendered 11351/14425, time remaining: 31s
Rendered 11351/14425, time remaining: 31s
Rendered 11352/14425, time remaining: 32s
Rendered 11353/14425, time remaining: 32s
Rendered 11354/14425, time remaining: 31s
Rendered 11355/14425, time remaining: 31s
Rendered 11356/14425, time remaining: 32s
Rendered 11357/14425, time remaining: 32s
Rendered 11358/14425, time remaining: 31s
Rendered 11359/14425, time remaining: 31s
Rendered 11360/14425, time remaining: 32s
Rendered 11361/14425, time remaining: 32s
Rendered 11362/14425, time remaining: 31s
Rendered 11363/14425, time remaining: 31s
Rendered 11364/14425, time remaining: 32s
Rendered 11365/14425, time remaining: 32s
Rendered 11366/14425, time remaining: 31s
Rendered 11367/14425, time remaining: 31s
Rendered 11368/14425, time remaining: 32s
Rendered 11369/14425, time remaining: 32s
Rendered 11370/14425, time remaining: 31s
Rendered 11371/14425, time remaining: 31s
Rendered 11372/14425, time remaining: 32s
Rendered 11373/14425, time remaining: 32s
Rendered 11374/14425, time remaining: 31s
Rendered 11375/14425, time remaining: 31s
Rendered 11376/14425, time remaining: 32s
Rendered 11377/14425, time remaining: 32s
Rendered 11378/14425, time remaining: 31s
Rendered 11379/14425, time remaining: 31s
Rendered 11380/14425, time remaining: 32s
Rendered 11381/14425, time remaining: 32s
Rendered 11382/14425, time remaining: 31s
Rendered 11383/14425, time remaining: 31s
Rendered 11384/14425, time remaining: 32s
Rendered 11385/14425, time remaining: 32s
Rendered 11386/14425, time remaining: 31s
Rendered 11387/14425, time remaining: 31s
Rendered 11388/14425, time remaining: 31s
Rendered 11389/14425, time remaining: 31s
Rendered 11390/14425, time remaining: 31s
Rendered 11391/14425, time remaining: 31s
Rendered 11392/14425, time remaining: 31s
Rendered 11393/14425, time remaining: 31s
Rendered 11394/14425, time remaining: 31s
Rendered 11395/14425, time remaining: 31s
Rendered 11396/14425, time remaining: 31s
Rendered 11397/14425, time remaining: 31s
Rendered 11398/14425, time remaining: 31s
Rendered 11399/14425, time remaining: 31s
Rendered 11399/14425, time remaining: 31s
Rendered 11400/14425, time remaining: 31s
Rendered 11401/14425, time remaining: 31s
Rendered 11402/14425, time remaining: 31s
Rendered 11403/14425, time remaining: 31s
Rendered 11404/14425, time remaining: 31s
Rendered 11405/14425, time remaining: 31s
Rendered 11406/14425, time remaining: 31s
Rendered 11407/14425, time remaining: 31s
Rendered 11408/14425, time remaining: 31s
Rendered 11409/14425, time remaining: 31s
Rendered 11410/14425, time remaining: 31s
Rendered 11411/14425, time remaining: 31s
Rendered 11412/14425, time remaining: 31s
Rendered 11413/14425, time remaining: 31s
Rendered 11414/14425, time remaining: 31s
Rendered 11415/14425, time remaining: 31s
Rendered 11416/14425, time remaining: 31s
Rendered 11417/14425, time remaining: 31s
Rendered 11418/14425, time remaining: 31s
Rendered 11419/14425, time remaining: 31s
Rendered 11420/14425, time remaining: 31s
Rendered 11421/14425, time remaining: 31s
Rendered 11422/14425, time remaining: 31s
Rendered 11423/14425, time remaining: 31s
Rendered 11424/14425, time remaining: 31s
Rendered 11425/14425, time remaining: 31s
Rendered 11426/14425, time remaining: 31s
Rendered 11427/14425, time remaining: 31s
Rendered 11428/14425, time remaining: 31s
Rendered 11429/14425, time remaining: 31s
Rendered 11430/14425, time remaining: 31s
Rendered 11431/14425, time remaining: 31s
Rendered 11432/14425, time remaining: 31s
Rendered 11433/14425, time remaining: 31s
Rendered 11434/14425, time remaining: 31s
Rendered 11435/14425, time remaining: 31s
Rendered 11436/14425, time remaining: 31s
Rendered 11437/14425, time remaining: 31s
Rendered 11438/14425, time remaining: 31s
Rendered 11439/14425, time remaining: 31s
Rendered 11440/14425, time remaining: 31s
Rendered 11441/14425, time remaining: 31s
Rendered 11442/14425, time remaining: 31s
Rendered 11443/14425, time remaining: 31s
Rendered 11444/14425, time remaining: 31s
Rendered 11445/14425, time remaining: 31s
Rendered 11446/14425, time remaining: 31s
Rendered 11447/14425, time remaining: 30s
Rendered 11447/14425, time remaining: 30s
Rendered 11448/14425, time remaining: 31s
Rendered 11449/14425, time remaining: 31s
Rendered 11450/14425, time remaining: 30s
Rendered 11451/14425, time remaining: 30s
Rendered 11452/14425, time remaining: 31s
Rendered 11453/14425, time remaining: 31s
Rendered 11454/14425, time remaining: 30s
Rendered 11455/14425, time remaining: 30s
Rendered 11456/14425, time remaining: 31s
Rendered 11457/14425, time remaining: 31s
Rendered 11458/14425, time remaining: 30s
Rendered 11459/14425, time remaining: 30s
Rendered 11460/14425, time remaining: 31s
Rendered 11461/14425, time remaining: 31s
Rendered 11462/14425, time remaining: 30s
Rendered 11463/14425, time remaining: 30s
Rendered 11464/14425, time remaining: 31s
Rendered 11465/14425, time remaining: 31s
Rendered 11466/14425, time remaining: 30s
Rendered 11467/14425, time remaining: 30s
Rendered 11468/14425, time remaining: 31s
Rendered 11469/14425, time remaining: 31s
Rendered 11470/14425, time remaining: 30s
Rendered 11471/14425, time remaining: 30s
Rendered 11472/14425, time remaining: 31s
Rendered 11473/14425, time remaining: 31s
Rendered 11474/14425, time remaining: 30s
Rendered 11475/14425, time remaining: 30s
Rendered 11476/14425, time remaining: 31s
Rendered 11477/14425, time remaining: 31s
Rendered 11478/14425, time remaining: 30s
Rendered 11479/14425, time remaining: 30s
Rendered 11480/14425, time remaining: 31s
Rendered 11481/14425, time remaining: 30s
Rendered 11482/14425, time remaining: 30s
Rendered 11483/14425, time remaining: 30s
Rendered 11484/14425, time remaining: 30s
Rendered 11485/14425, time remaining: 30s
Rendered 11486/14425, time remaining: 30s
Rendered 11487/14425, time remaining: 30s
Rendered 11488/14425, time remaining: 30s
Rendered 11489/14425, time remaining: 30s
Rendered 11490/14425, time remaining: 30s
Rendered 11491/14425, time remaining: 30s
Rendered 11492/14425, time remaining: 30s
Rendered 11493/14425, time remaining: 30s
Rendered 11494/14425, time remaining: 30s
Rendered 11495/14425, time remaining: 30s
Rendered 11496/14425, time remaining: 30s
Rendered 11496/14425, time remaining: 30s
Rendered 11497/14425, time remaining: 30s
Rendered 11498/14425, time remaining: 30s
Rendered 11499/14425, time remaining: 30s
Rendered 11500/14425, time remaining: 30s
Rendered 11501/14425, time remaining: 30s
Rendered 11502/14425, time remaining: 30s
Rendered 11503/14425, time remaining: 30s
Rendered 11504/14425, time remaining: 30s
Rendered 11505/14425, time remaining: 30s
Rendered 11506/14425, time remaining: 30s
Rendered 11507/14425, time remaining: 30s
Rendered 11508/14425, time remaining: 30s
Rendered 11509/14425, time remaining: 30s
Rendered 11510/14425, time remaining: 30s
Rendered 11511/14425, time remaining: 30s
Rendered 11512/14425, time remaining: 30s
Rendered 11513/14425, time remaining: 30s
Rendered 11514/14425, time remaining: 30s
Rendered 11515/14425, time remaining: 30s
Rendered 11516/14425, time remaining: 30s
Rendered 11517/14425, time remaining: 30s
Rendered 11518/14425, time remaining: 30s
Rendered 11519/14425, time remaining: 30s
Rendered 11520/14425, time remaining: 30s
Rendered 11521/14425, time remaining: 30s
Rendered 11522/14425, time remaining: 30s
Rendered 11523/14425, time remaining: 30s
Rendered 11524/14425, time remaining: 30s
Rendered 11525/14425, time remaining: 30s
Rendered 11526/14425, time remaining: 30s
Rendered 11527/14425, time remaining: 29s
Rendered 11528/14425, time remaining: 30s
Rendered 11529/14425, time remaining: 30s
Rendered 11530/14425, time remaining: 29s
Rendered 11531/14425, time remaining: 29s
Rendered 11532/14425, time remaining: 30s
Rendered 11533/14425, time remaining: 30s
Rendered 11534/14425, time remaining: 29s
Rendered 11535/14425, time remaining: 29s
Rendered 11536/14425, time remaining: 30s
Rendered 11537/14425, time remaining: 30s
Rendered 11538/14425, time remaining: 29s
Rendered 11539/14425, time remaining: 29s
Rendered 11540/14425, time remaining: 30s
Rendered 11541/14425, time remaining: 30s
Rendered 11542/14425, time remaining: 29s
Rendered 11543/14425, time remaining: 29s
Rendered 11544/14425, time remaining: 30s
Rendered 11544/14425, time remaining: 30s
Rendered 11545/14425, time remaining: 30s
Rendered 11546/14425, time remaining: 29s
Rendered 11547/14425, time remaining: 29s
Rendered 11548/14425, time remaining: 30s
Rendered 11549/14425, time remaining: 30s
Rendered 11550/14425, time remaining: 29s
Rendered 11551/14425, time remaining: 29s
Rendered 11552/14425, time remaining: 30s
Rendered 11553/14425, time remaining: 30s
Rendered 11554/14425, time remaining: 29s
Rendered 11555/14425, time remaining: 29s
Rendered 11556/14425, time remaining: 30s
Rendered 11557/14425, time remaining: 29s
Rendered 11558/14425, time remaining: 29s
Rendered 11559/14425, time remaining: 29s
Rendered 11560/14425, time remaining: 29s
Rendered 11561/14425, time remaining: 29s
Rendered 11562/14425, time remaining: 29s
Rendered 11563/14425, time remaining: 29s
Rendered 11564/14425, time remaining: 29s
Rendered 11565/14425, time remaining: 29s
Rendered 11566/14425, time remaining: 29s
Rendered 11567/14425, time remaining: 29s
Rendered 11568/14425, time remaining: 29s
Rendered 11569/14425, time remaining: 29s
Rendered 11570/14425, time remaining: 29s
Rendered 11571/14425, time remaining: 29s
Rendered 11572/14425, time remaining: 29s
Rendered 11573/14425, time remaining: 29s
Rendered 11574/14425, time remaining: 29s
Rendered 11575/14425, time remaining: 29s
Rendered 11576/14425, time remaining: 29s
Rendered 11577/14425, time remaining: 29s
Rendered 11578/14425, time remaining: 29s
Rendered 11579/14425, time remaining: 29s
Rendered 11580/14425, time remaining: 29s
Rendered 11581/14425, time remaining: 29s
Rendered 11582/14425, time remaining: 29s
Rendered 11583/14425, time remaining: 29s
Rendered 11584/14425, time remaining: 29s
Rendered 11585/14425, time remaining: 29s
Rendered 11586/14425, time remaining: 29s
Rendered 11587/14425, time remaining: 29s
Rendered 11588/14425, time remaining: 29s
Rendered 11589/14425, time remaining: 29s
Rendered 11590/14425, time remaining: 29s
Rendered 11591/14425, time remaining: 29s
Rendered 11592/14425, time remaining: 29s
Rendered 11592/14425, time remaining: 29s
Rendered 11593/14425, time remaining: 29s
Rendered 11594/14425, time remaining: 29s
Rendered 11595/14425, time remaining: 29s
Rendered 11596/14425, time remaining: 29s
Rendered 11597/14425, time remaining: 29s
Rendered 11598/14425, time remaining: 29s
Rendered 11599/14425, time remaining: 29s
Rendered 11600/14425, time remaining: 29s
Rendered 11601/14425, time remaining: 29s
Rendered 11602/14425, time remaining: 29s
Rendered 11603/14425, time remaining: 29s
Rendered 11604/14425, time remaining: 29s
Rendered 11605/14425, time remaining: 29s
Rendered 11606/14425, time remaining: 29s
Rendered 11607/14425, time remaining: 29s
Rendered 11608/14425, time remaining: 29s
Rendered 11609/14425, time remaining: 29s
Rendered 11610/14425, time remaining: 29s
Rendered 11611/14425, time remaining: 29s
Rendered 11612/14425, time remaining: 29s
Rendered 11613/14425, time remaining: 29s
Rendered 11614/14425, time remaining: 29s
Rendered 11615/14425, time remaining: 29s
Rendered 11616/14425, time remaining: 29s
Rendered 11617/14425, time remaining: 29s
Rendered 11618/14425, time remaining: 29s
Rendered 11619/14425, time remaining: 29s
Rendered 11620/14425, time remaining: 29s
Rendered 11621/14425, time remaining: 29s
Rendered 11622/14425, time remaining: 29s
Rendered 11623/14425, time remaining: 29s
Rendered 11624/14425, time remaining: 29s
Rendered 11625/14425, time remaining: 29s
Rendered 11626/14425, time remaining: 28s
Rendered 11627/14425, time remaining: 28s
Rendered 11628/14425, time remaining: 29s
Rendered 11629/14425, time remaining: 29s
Rendered 11630/14425, time remaining: 28s
Rendered 11631/14425, time remaining: 28s
Rendered 11632/14425, time remaining: 29s
Rendered 11633/14425, time remaining: 29s
Rendered 11634/14425, time remaining: 28s
Rendered 11635/14425, time remaining: 28s
Rendered 11636/14425, time remaining: 29s
Rendered 11637/14425, time remaining: 29s
Rendered 11638/14425, time remaining: 28s
Rendered 11639/14425, time remaining: 28s
Rendered 11640/14425, time remaining: 29s
Rendered 11641/14425, time remaining: 29s
Rendered 11641/14425, time remaining: 29s
Rendered 11642/14425, time remaining: 28s
Rendered 11643/14425, time remaining: 28s
Rendered 11644/14425, time remaining: 29s
Rendered 11645/14425, time remaining: 29s
Rendered 11646/14425, time remaining: 28s
Rendered 11647/14425, time remaining: 28s
Rendered 11648/14425, time remaining: 28s
Rendered 11649/14425, time remaining: 28s
Rendered 11650/14425, time remaining: 28s
Rendered 11651/14425, time remaining: 28s
Rendered 11652/14425, time remaining: 28s
Rendered 11653/14425, time remaining: 28s
Rendered 11654/14425, time remaining: 28s
Rendered 11655/14425, time remaining: 28s
Rendered 11656/14425, time remaining: 28s
Rendered 11657/14425, time remaining: 28s
Rendered 11658/14425, time remaining: 28s
Rendered 11659/14425, time remaining: 28s
Rendered 11660/14425, time remaining: 28s
Rendered 11661/14425, time remaining: 28s
Rendered 11662/14425, time remaining: 28s
Rendered 11663/14425, time remaining: 28s
Rendered 11664/14425, time remaining: 28s
Rendered 11665/14425, time remaining: 28s
Rendered 11666/14425, time remaining: 28s
Rendered 11667/14425, time remaining: 28s
Rendered 11668/14425, time remaining: 28s
Rendered 11669/14425, time remaining: 28s
Rendered 11670/14425, time remaining: 28s
Rendered 11671/14425, time remaining: 28s
Rendered 11672/14425, time remaining: 28s
Rendered 11673/14425, time remaining: 28s
Rendered 11674/14425, time remaining: 28s
Rendered 11675/14425, time remaining: 28s
Rendered 11676/14425, time remaining: 28s
Rendered 11677/14425, time remaining: 28s
Rendered 11678/14425, time remaining: 28s
Rendered 11679/14425, time remaining: 28s
Rendered 11680/14425, time remaining: 28s
Rendered 11681/14425, time remaining: 28s
Rendered 11682/14425, time remaining: 28s
Rendered 11683/14425, time remaining: 28s
Rendered 11684/14425, time remaining: 28s
Rendered 11685/14425, time remaining: 28s
Rendered 11686/14425, time remaining: 28s
Rendered 11687/14425, time remaining: 28s
Rendered 11688/14425, time remaining: 28s
Rendered 11689/14425, time remaining: 28s
Rendered 11690/14425, time remaining: 27s
Rendered 11691/14425, time remaining: 28s
Rendered 11691/14425, time remaining: 28s
Rendered 11692/14425, time remaining: 28s
Rendered 11693/14425, time remaining: 28s
Rendered 11694/14425, time remaining: 27s
Rendered 11695/14425, time remaining: 27s
Rendered 11696/14425, time remaining: 28s
Rendered 11697/14425, time remaining: 28s
Rendered 11698/14425, time remaining: 27s
Rendered 11699/14425, time remaining: 27s
Rendered 11700/14425, time remaining: 28s
Rendered 11701/14425, time remaining: 28s
Rendered 11702/14425, time remaining: 27s
Rendered 11703/14425, time remaining: 27s
Rendered 11704/14425, time remaining: 28s
Rendered 11705/14425, time remaining: 28s
Rendered 11706/14425, time remaining: 27s
Rendered 11707/14425, time remaining: 27s
Rendered 11708/14425, time remaining: 28s
Rendered 11709/14425, time remaining: 28s
Rendered 11710/14425, time remaining: 27s
Rendered 11711/14425, time remaining: 27s
Rendered 11712/14425, time remaining: 28s
Rendered 11713/14425, time remaining: 28s
Rendered 11714/14425, time remaining: 27s
Rendered 11715/14425, time remaining: 27s
Rendered 11716/14425, time remaining: 28s
Rendered 11717/14425, time remaining: 28s
Rendered 11718/14425, time remaining: 27s
Rendered 11719/14425, time remaining: 27s
Rendered 11720/14425, time remaining: 28s
Rendered 11721/14425, time remaining: 28s
Rendered 11722/14425, time remaining: 27s
Rendered 11723/14425, time remaining: 27s
Rendered 11724/14425, time remaining: 28s
Rendered 11725/14425, time remaining: 28s
Rendered 11726/14425, time remaining: 27s
Rendered 11727/14425, time remaining: 27s
Rendered 11728/14425, time remaining: 27s
Rendered 11729/14425, time remaining: 27s
Rendered 11730/14425, time remaining: 27s
Rendered 11731/14425, time remaining: 27s
Rendered 11732/14425, time remaining: 27s
Rendered 11733/14425, time remaining: 27s
Rendered 11734/14425, time remaining: 27s
Rendered 11735/14425, time remaining: 27s
Rendered 11736/14425, time remaining: 27s
Rendered 11737/14425, time remaining: 27s
Rendered 11738/14425, time remaining: 27s
Rendered 11739/14425, time remaining: 27s
Rendered 11739/14425, time remaining: 27s
Rendered 11740/14425, time remaining: 27s
Rendered 11741/14425, time remaining: 27s
Rendered 11742/14425, time remaining: 27s
Rendered 11743/14425, time remaining: 27s
Rendered 11744/14425, time remaining: 27s
Rendered 11745/14425, time remaining: 27s
Rendered 11746/14425, time remaining: 27s
Rendered 11747/14425, time remaining: 27s
Rendered 11748/14425, time remaining: 27s
Rendered 11749/14425, time remaining: 27s
Rendered 11750/14425, time remaining: 27s
Rendered 11751/14425, time remaining: 27s
Rendered 11752/14425, time remaining: 27s
Rendered 11753/14425, time remaining: 27s
Rendered 11754/14425, time remaining: 27s
Rendered 11755/14425, time remaining: 27s
Rendered 11756/14425, time remaining: 27s
Rendered 11757/14425, time remaining: 27s
Rendered 11758/14425, time remaining: 27s
Rendered 11759/14425, time remaining: 27s
Rendered 11760/14425, time remaining: 27s
Rendered 11761/14425, time remaining: 27s
Rendered 11762/14425, time remaining: 27s
Rendered 11763/14425, time remaining: 27s
Rendered 11764/14425, time remaining: 27s
Rendered 11765/14425, time remaining: 27s
Rendered 11766/14425, time remaining: 27s
Rendered 11767/14425, time remaining: 27s
Rendered 11768/14425, time remaining: 27s
Rendered 11769/14425, time remaining: 27s
Rendered 11770/14425, time remaining: 27s
Rendered 11771/14425, time remaining: 27s
Rendered 11772/14425, time remaining: 27s
Rendered 11773/14425, time remaining: 27s
Rendered 11774/14425, time remaining: 27s
Rendered 11775/14425, time remaining: 27s
Rendered 11776/14425, time remaining: 27s
Rendered 11777/14425, time remaining: 27s
Rendered 11778/14425, time remaining: 27s
Rendered 11779/14425, time remaining: 27s
Rendered 11780/14425, time remaining: 27s
Rendered 11781/14425, time remaining: 27s
Rendered 11782/14425, time remaining: 27s
Rendered 11783/14425, time remaining: 27s
Rendered 11784/14425, time remaining: 27s
Rendered 11785/14425, time remaining: 27s
Rendered 11786/14425, time remaining: 27s
Rendered 11787/14425, time remaining: 26s
Rendered 11787/14425, time remaining: 26s
Rendered 11788/14425, time remaining: 27s
Rendered 11789/14425, time remaining: 27s
Rendered 11790/14425, time remaining: 26s
Rendered 11791/14425, time remaining: 26s
Rendered 11792/14425, time remaining: 27s
Rendered 11793/14425, time remaining: 27s
Rendered 11794/14425, time remaining: 27s
Rendered 11795/14425, time remaining: 27s
Rendered 11796/14425, time remaining: 27s
Rendered 11797/14425, time remaining: 27s
Rendered 11798/14425, time remaining: 27s
Rendered 11799/14425, time remaining: 27s
Rendered 11800/14425, time remaining: 27s
Rendered 11801/14425, time remaining: 27s
Rendered 11802/14425, time remaining: 26s
Rendered 11803/14425, time remaining: 27s
Rendered 11804/14425, time remaining: 27s
Rendered 11805/14425, time remaining: 27s
Rendered 11806/14425, time remaining: 27s
Rendered 11807/14425, time remaining: 27s
Rendered 11808/14425, time remaining: 27s
Rendered 11809/14425, time remaining: 27s
Rendered 11810/14425, time remaining: 26s
Rendered 11811/14425, time remaining: 26s
Rendered 11812/14425, time remaining: 27s
Rendered 11813/14425, time remaining: 27s
Rendered 11814/14425, time remaining: 26s
Rendered 11815/14425, time remaining: 26s
Rendered 11816/14425, time remaining: 27s
Rendered 11817/14425, time remaining: 27s
Rendered 11818/14425, time remaining: 26s
Rendered 11819/14425, time remaining: 26s
Rendered 11820/14425, time remaining: 27s
Rendered 11821/14425, time remaining: 27s
Rendered 11822/14425, time remaining: 26s
Rendered 11823/14425, time remaining: 26s
Rendered 11824/14425, time remaining: 27s
Rendered 11825/14425, time remaining: 27s
Rendered 11826/14425, time remaining: 26s
Rendered 11827/14425, time remaining: 26s
Rendered 11828/14425, time remaining: 27s
Rendered 11829/14425, time remaining: 27s
Rendered 11830/14425, time remaining: 26s
Rendered 11831/14425, time remaining: 26s
Rendered 11832/14425, time remaining: 27s
Rendered 11833/14425, time remaining: 27s
Rendered 11834/14425, time remaining: 26s
Rendered 11835/14425, time remaining: 26s
Rendered 11835/14425, time remaining: 26s
Rendered 11836/14425, time remaining: 27s
Rendered 11837/14425, time remaining: 27s
Rendered 11838/14425, time remaining: 26s
Rendered 11839/14425, time remaining: 26s
Rendered 11840/14425, time remaining: 27s
Rendered 11841/14425, time remaining: 27s
Rendered 11842/14425, time remaining: 26s
Rendered 11843/14425, time remaining: 26s
Rendered 11844/14425, time remaining: 27s
Rendered 11845/14425, time remaining: 27s
Rendered 11846/14425, time remaining: 26s
Rendered 11847/14425, time remaining: 26s
Rendered 11848/14425, time remaining: 26s
Rendered 11849/14425, time remaining: 26s
Rendered 11850/14425, time remaining: 26s
Rendered 11851/14425, time remaining: 26s
Rendered 11852/14425, time remaining: 26s
Rendered 11853/14425, time remaining: 26s
Rendered 11854/14425, time remaining: 26s
Rendered 11855/14425, time remaining: 26s
Rendered 11856/14425, time remaining: 26s
Rendered 11857/14425, time remaining: 26s
Rendered 11858/14425, time remaining: 26s
Rendered 11859/14425, time remaining: 26s
Rendered 11860/14425, time remaining: 26s
Rendered 11861/14425, time remaining: 26s
Rendered 11862/14425, time remaining: 26s
Rendered 11863/14425, time remaining: 26s
Rendered 11864/14425, time remaining: 26s
Rendered 11865/14425, time remaining: 26s
Rendered 11866/14425, time remaining: 26s
Rendered 11867/14425, time remaining: 26s
Rendered 11868/14425, time remaining: 26s
Rendered 11869/14425, time remaining: 26s
Rendered 11870/14425, time remaining: 26s
Rendered 11871/14425, time remaining: 26s
Rendered 11872/14425, time remaining: 26s
Rendered 11873/14425, time remaining: 26s
Rendered 11874/14425, time remaining: 26s
Rendered 11875/14425, time remaining: 26s
Rendered 11876/14425, time remaining: 26s
Rendered 11877/14425, time remaining: 26s
Rendered 11878/14425, time remaining: 26s
Rendered 11879/14425, time remaining: 26s
Rendered 11880/14425, time remaining: 26s
Rendered 11881/14425, time remaining: 26s
Rendered 11882/14425, time remaining: 26s
Rendered 11883/14425, time remaining: 26s
Rendered 11884/14425, time remaining: 26s
Rendered 11884/14425, time remaining: 26s
Rendered 11885/14425, time remaining: 26s
Rendered 11886/14425, time remaining: 26s
Rendered 11887/14425, time remaining: 26s
Rendered 11888/14425, time remaining: 26s
Rendered 11889/14425, time remaining: 26s
Rendered 11890/14425, time remaining: 26s
Rendered 11891/14425, time remaining: 26s
Rendered 11892/14425, time remaining: 26s
Rendered 11893/14425, time remaining: 26s
Rendered 11894/14425, time remaining: 26s
Rendered 11895/14425, time remaining: 26s
Rendered 11896/14425, time remaining: 26s
Rendered 11897/14425, time remaining: 26s
Rendered 11898/14425, time remaining: 26s
Rendered 11899/14425, time remaining: 26s
Rendered 11900/14425, time remaining: 26s
Rendered 11901/14425, time remaining: 26s
Rendered 11902/14425, time remaining: 26s
Rendered 11903/14425, time remaining: 26s
Rendered 11904/14425, time remaining: 26s
Rendered 11905/14425, time remaining: 26s
Rendered 11906/14425, time remaining: 26s
Rendered 11907/14425, time remaining: 26s
Rendered 11908/14425, time remaining: 26s
Rendered 11909/14425, time remaining: 26s
Rendered 11910/14425, time remaining: 26s
Rendered 11911/14425, time remaining: 25s
Rendered 11912/14425, time remaining: 26s
Rendered 11913/14425, time remaining: 26s
Rendered 11914/14425, time remaining: 25s
Rendered 11915/14425, time remaining: 25s
Rendered 11916/14425, time remaining: 26s
Rendered 11917/14425, time remaining: 26s
Rendered 11918/14425, time remaining: 25s
Rendered 11919/14425, time remaining: 25s
Rendered 11920/14425, time remaining: 26s
Rendered 11921/14425, time remaining: 26s
Rendered 11922/14425, time remaining: 25s
Rendered 11923/14425, time remaining: 25s
Rendered 11924/14425, time remaining: 26s
Rendered 11925/14425, time remaining: 26s
Rendered 11926/14425, time remaining: 25s
Rendered 11927/14425, time remaining: 25s
Rendered 11928/14425, time remaining: 26s
Rendered 11929/14425, time remaining: 26s
Rendered 11930/14425, time remaining: 25s
Rendered 11931/14425, time remaining: 25s
Rendered 11932/14425, time remaining: 26s
Rendered 11932/14425, time remaining: 26s
Rendered 11933/14425, time remaining: 26s
Rendered 11934/14425, time remaining: 25s
Rendered 11935/14425, time remaining: 25s
Rendered 11936/14425, time remaining: 26s
Rendered 11937/14425, time remaining: 26s
Rendered 11938/14425, time remaining: 25s
Rendered 11939/14425, time remaining: 25s
Rendered 11940/14425, time remaining: 26s
Rendered 11941/14425, time remaining: 26s
Rendered 11942/14425, time remaining: 25s
Rendered 11943/14425, time remaining: 25s
Rendered 11944/14425, time remaining: 26s
Rendered 11945/14425, time remaining: 26s
Rendered 11946/14425, time remaining: 25s
Rendered 11947/14425, time remaining: 25s
Rendered 11948/14425, time remaining: 26s
Rendered 11949/14425, time remaining: 25s
Rendered 11950/14425, time remaining: 25s
Rendered 11951/14425, time remaining: 25s
Rendered 11952/14425, time remaining: 26s
Rendered 11953/14425, time remaining: 26s
Rendered 11954/14425, time remaining: 25s
Rendered 11955/14425, time remaining: 25s
Rendered 11956/14425, time remaining: 25s
Rendered 11957/14425, time remaining: 25s
Rendered 11958/14425, time remaining: 25s
Rendered 11959/14425, time remaining: 25s
Rendered 11960/14425, time remaining: 25s
Rendered 11961/14425, time remaining: 25s
Rendered 11962/14425, time remaining: 25s
Rendered 11963/14425, time remaining: 25s
Rendered 11964/14425, time remaining: 25s
Rendered 11965/14425, time remaining: 25s
Rendered 11966/14425, time remaining: 25s
Rendered 11967/14425, time remaining: 25s
Rendered 11968/14425, time remaining: 25s
Rendered 11969/14425, time remaining: 25s
Rendered 11970/14425, time remaining: 25s
Rendered 11971/14425, time remaining: 25s
Rendered 11972/14425, time remaining: 25s
Rendered 11973/14425, time remaining: 25s
Rendered 11974/14425, time remaining: 25s
Rendered 11975/14425, time remaining: 25s
Rendered 11976/14425, time remaining: 25s
Rendered 11977/14425, time remaining: 25s
Rendered 11978/14425, time remaining: 25s
Rendered 11979/14425, time remaining: 25s
Rendered 11979/14425, time remaining: 25s
Rendered 11980/14425, time remaining: 25s
Rendered 11981/14425, time remaining: 25s
Rendered 11982/14425, time remaining: 25s
Rendered 11983/14425, time remaining: 25s
Rendered 11984/14425, time remaining: 25s
Rendered 11985/14425, time remaining: 25s
Rendered 11986/14425, time remaining: 25s
Rendered 11987/14425, time remaining: 25s
Rendered 11988/14425, time remaining: 25s
Rendered 11989/14425, time remaining: 25s
Rendered 11990/14425, time remaining: 25s
Rendered 11991/14425, time remaining: 25s
Rendered 11992/14425, time remaining: 25s
Rendered 11993/14425, time remaining: 25s
Rendered 11994/14425, time remaining: 25s
Rendered 11995/14425, time remaining: 25s
Rendered 11996/14425, time remaining: 25s
Rendered 11997/14425, time remaining: 25s
Rendered 11998/14425, time remaining: 25s
Rendered 11999/14425, time remaining: 25s
Rendered 12000/14425, time remaining: 25s
Rendered 12001/14425, time remaining: 25s
Rendered 12002/14425, time remaining: 25s
Rendered 12003/14425, time remaining: 25s
Rendered 12004/14425, time remaining: 25s
Rendered 12005/14425, time remaining: 25s
Rendered 12006/14425, time remaining: 25s
Rendered 12007/14425, time remaining: 25s
Rendered 12008/14425, time remaining: 25s
Rendered 12009/14425, time remaining: 25s
Rendered 12010/14425, time remaining: 25s
Rendered 12011/14425, time remaining: 25s
Rendered 12012/14425, time remaining: 25s
Rendered 12013/14425, time remaining: 25s
Rendered 12014/14425, time remaining: 25s
Rendered 12015/14425, time remaining: 25s
Rendered 12016/14425, time remaining: 25s
Rendered 12017/14425, time remaining: 25s
Rendered 12018/14425, time remaining: 25s
Rendered 12019/14425, time remaining: 25s
Rendered 12020/14425, time remaining: 25s
Rendered 12021/14425, time remaining: 25s
Rendered 12022/14425, time remaining: 25s
Rendered 12023/14425, time remaining: 25s
Rendered 12024/14425, time remaining: 25s
Rendered 12025/14425, time remaining: 25s
Rendered 12026/14425, time remaining: 24s
Rendered 12027/14425, time remaining: 25s
Rendered 12027/14425, time remaining: 25s
Rendered 12028/14425, time remaining: 25s
Rendered 12029/14425, time remaining: 25s
Rendered 12030/14425, time remaining: 25s
Rendered 12031/14425, time remaining: 25s
Rendered 12032/14425, time remaining: 25s
Rendered 12033/14425, time remaining: 25s
Rendered 12034/14425, time remaining: 25s
Rendered 12035/14425, time remaining: 25s
Rendered 12036/14425, time remaining: 25s
Rendered 12037/14425, time remaining: 25s
Rendered 12038/14425, time remaining: 25s
Rendered 12039/14425, time remaining: 25s
Rendered 12040/14425, time remaining: 25s
Rendered 12041/14425, time remaining: 25s
Rendered 12042/14425, time remaining: 25s
Rendered 12043/14425, time remaining: 25s
Rendered 12044/14425, time remaining: 25s
Rendered 12045/14425, time remaining: 25s
Rendered 12046/14425, time remaining: 25s
Rendered 12047/14425, time remaining: 25s
Rendered 12048/14425, time remaining: 25s
Rendered 12049/14425, time remaining: 25s
Rendered 12050/14425, time remaining: 25s
Rendered 12051/14425, time remaining: 25s
Rendered 12052/14425, time remaining: 25s
Rendered 12053/14425, time remaining: 25s
Rendered 12054/14425, time remaining: 25s
Rendered 12055/14425, time remaining: 25s
Rendered 12056/14425, time remaining: 25s
Rendered 12057/14425, time remaining: 25s
Rendered 12058/14425, time remaining: 25s
Rendered 12059/14425, time remaining: 25s
Rendered 12060/14425, time remaining: 25s
Rendered 12061/14425, time remaining: 25s
Rendered 12062/14425, time remaining: 24s
Rendered 12063/14425, time remaining: 24s
Rendered 12064/14425, time remaining: 25s
Rendered 12065/14425, time remaining: 25s
Rendered 12066/14425, time remaining: 24s
Rendered 12067/14425, time remaining: 24s
Rendered 12068/14425, time remaining: 25s
Rendered 12069/14425, time remaining: 25s
Rendered 12070/14425, time remaining: 24s
Rendered 12071/14425, time remaining: 24s
Rendered 12072/14425, time remaining: 25s
Rendered 12073/14425, time remaining: 25s
Rendered 12074/14425, time remaining: 24s
Rendered 12075/14425, time remaining: 24s
Rendered 12075/14425, time remaining: 24s
Rendered 12076/14425, time remaining: 25s
Rendered 12077/14425, time remaining: 25s
Rendered 12078/14425, time remaining: 24s
Rendered 12079/14425, time remaining: 24s
Rendered 12080/14425, time remaining: 25s
Rendered 12081/14425, time remaining: 25s
Rendered 12082/14425, time remaining: 24s
Rendered 12083/14425, time remaining: 24s
Rendered 12084/14425, time remaining: 25s
Rendered 12085/14425, time remaining: 25s
Rendered 12086/14425, time remaining: 24s
Rendered 12087/14425, time remaining: 24s
Rendered 12088/14425, time remaining: 25s
Rendered 12089/14425, time remaining: 25s
Rendered 12090/14425, time remaining: 24s
Rendered 12091/14425, time remaining: 24s
Rendered 12092/14425, time remaining: 24s
Rendered 12093/14425, time remaining: 24s
Rendered 12094/14425, time remaining: 24s
Rendered 12095/14425, time remaining: 24s
Rendered 12096/14425, time remaining: 24s
Rendered 12097/14425, time remaining: 24s
Rendered 12098/14425, time remaining: 24s
Rendered 12099/14425, time remaining: 24s
Rendered 12100/14425, time remaining: 24s
Rendered 12101/14425, time remaining: 24s
Rendered 12102/14425, time remaining: 24s
Rendered 12103/14425, time remaining: 24s
Rendered 12104/14425, time remaining: 24s
Rendered 12105/14425, time remaining: 24s
Rendered 12106/14425, time remaining: 24s
Rendered 12107/14425, time remaining: 24s
Rendered 12108/14425, time remaining: 24s
Rendered 12109/14425, time remaining: 24s
Rendered 12110/14425, time remaining: 24s
Rendered 12111/14425, time remaining: 24s
Rendered 12112/14425, time remaining: 24s
Rendered 12113/14425, time remaining: 24s
Rendered 12114/14425, time remaining: 24s
Rendered 12115/14425, time remaining: 24s
Rendered 12116/14425, time remaining: 24s
Rendered 12117/14425, time remaining: 24s
Rendered 12118/14425, time remaining: 24s
Rendered 12119/14425, time remaining: 24s
Rendered 12120/14425, time remaining: 24s
Rendered 12121/14425, time remaining: 24s
Rendered 12122/14425, time remaining: 24s
Rendered 12123/14425, time remaining: 24s
Rendered 12123/14425, time remaining: 24s
Rendered 12124/14425, time remaining: 24s
Rendered 12125/14425, time remaining: 24s
Rendered 12126/14425, time remaining: 24s
Rendered 12127/14425, time remaining: 24s
Rendered 12128/14425, time remaining: 24s
Rendered 12129/14425, time remaining: 24s
Rendered 12130/14425, time remaining: 24s
Rendered 12131/14425, time remaining: 24s
Rendered 12132/14425, time remaining: 24s
Rendered 12133/14425, time remaining: 24s
Rendered 12134/14425, time remaining: 24s
Rendered 12135/14425, time remaining: 24s
Rendered 12136/14425, time remaining: 24s
Rendered 12137/14425, time remaining: 24s
Rendered 12138/14425, time remaining: 24s
Rendered 12139/14425, time remaining: 24s
Rendered 12140/14425, time remaining: 24s
Rendered 12141/14425, time remaining: 24s
Rendered 12142/14425, time remaining: 24s
Rendered 12143/14425, time remaining: 24s
Rendered 12144/14425, time remaining: 24s
Rendered 12145/14425, time remaining: 24s
Rendered 12146/14425, time remaining: 23s
Rendered 12147/14425, time remaining: 23s
Rendered 12148/14425, time remaining: 24s
Rendered 12149/14425, time remaining: 24s
Rendered 12150/14425, time remaining: 23s
Rendered 12151/14425, time remaining: 23s
Rendered 12152/14425, time remaining: 24s
Rendered 12153/14425, time remaining: 24s
Rendered 12154/14425, time remaining: 23s
Rendered 12155/14425, time remaining: 23s
Rendered 12156/14425, time remaining: 24s
Rendered 12157/14425, time remaining: 24s
Rendered 12158/14425, time remaining: 23s
Rendered 12159/14425, time remaining: 23s
Rendered 12160/14425, time remaining: 24s
Rendered 12161/14425, time remaining: 24s
Rendered 12162/14425, time remaining: 23s
Rendered 12163/14425, time remaining: 23s
Rendered 12164/14425, time remaining: 24s
Rendered 12165/14425, time remaining: 24s
Rendered 12166/14425, time remaining: 23s
Rendered 12167/14425, time remaining: 23s
Rendered 12168/14425, time remaining: 24s
Rendered 12169/14425, time remaining: 24s
Rendered 12170/14425, time remaining: 23s
Rendered 12171/14425, time remaining: 23s
Rendered 12171/14425, time remaining: 23s
Rendered 12172/14425, time remaining: 23s
Rendered 12173/14425, time remaining: 23s
Rendered 12174/14425, time remaining: 23s
Rendered 12175/14425, time remaining: 23s
Rendered 12176/14425, time remaining: 23s
Rendered 12177/14425, time remaining: 23s
Rendered 12178/14425, time remaining: 23s
Rendered 12179/14425, time remaining: 23s
Rendered 12180/14425, time remaining: 23s
Rendered 12181/14425, time remaining: 23s
Rendered 12182/14425, time remaining: 23s
Rendered 12183/14425, time remaining: 23s
Rendered 12184/14425, time remaining: 23s
Rendered 12185/14425, time remaining: 23s
Rendered 12186/14425, time remaining: 23s
Rendered 12187/14425, time remaining: 23s
Rendered 12188/14425, time remaining: 23s
Rendered 12189/14425, time remaining: 23s
Rendered 12190/14425, time remaining: 23s
Rendered 12191/14425, time remaining: 23s
Rendered 12192/14425, time remaining: 23s
Rendered 12193/14425, time remaining: 23s
Rendered 12194/14425, time remaining: 23s
Rendered 12195/14425, time remaining: 23s
Rendered 12196/14425, time remaining: 23s
Rendered 12197/14425, time remaining: 23s
Rendered 12198/14425, time remaining: 23s
Rendered 12199/14425, time remaining: 23s
Rendered 12200/14425, time remaining: 23s
Rendered 12201/14425, time remaining: 23s
Rendered 12202/14425, time remaining: 22s
Rendered 12203/14425, time remaining: 22s
Rendered 12204/14425, time remaining: 23s
Rendered 12205/14425, time remaining: 23s
Rendered 12206/14425, time remaining: 23s
Rendered 12207/14425, time remaining: 22s
Rendered 12208/14425, time remaining: 23s
Rendered 12209/14425, time remaining: 23s
Rendered 12210/14425, time remaining: 22s
Rendered 12211/14425, time remaining: 22s
Rendered 12212/14425, time remaining: 23s
Rendered 12213/14425, time remaining: 23s
Rendered 12214/14425, time remaining: 22s
Rendered 12215/14425, time remaining: 22s
Rendered 12216/14425, time remaining: 23s
Rendered 12217/14425, time remaining: 23s
Rendered 12218/14425, time remaining: 22s
Rendered 12219/14425, time remaining: 22s
Rendered 12219/14425, time remaining: 22s
Rendered 12220/14425, time remaining: 23s
Rendered 12221/14425, time remaining: 23s
Rendered 12222/14425, time remaining: 22s
Rendered 12223/14425, time remaining: 22s
Rendered 12224/14425, time remaining: 23s
Rendered 12225/14425, time remaining: 23s
Rendered 12226/14425, time remaining: 22s
Rendered 12227/14425, time remaining: 22s
Rendered 12228/14425, time remaining: 23s
Rendered 12229/14425, time remaining: 23s
Rendered 12230/14425, time remaining: 22s
Rendered 12231/14425, time remaining: 22s
Rendered 12232/14425, time remaining: 23s
Rendered 12233/14425, time remaining: 23s
Rendered 12234/14425, time remaining: 22s
Rendered 12235/14425, time remaining: 22s
Rendered 12236/14425, time remaining: 22s
Rendered 12237/14425, time remaining: 22s
Rendered 12238/14425, time remaining: 22s
Rendered 12239/14425, time remaining: 22s
Rendered 12240/14425, time remaining: 23s
Rendered 12241/14425, time remaining: 23s
Rendered 12242/14425, time remaining: 22s
Rendered 12243/14425, time remaining: 22s
Rendered 12244/14425, time remaining: 23s
Rendered 12245/14425, time remaining: 23s
Rendered 12246/14425, time remaining: 22s
Rendered 12247/14425, time remaining: 22s
Rendered 12248/14425, time remaining: 22s
Rendered 12249/14425, time remaining: 22s
Rendered 12250/14425, time remaining: 22s
Rendered 12251/14425, time remaining: 22s
Rendered 12252/14425, time remaining: 22s
Rendered 12253/14425, time remaining: 22s
Rendered 12254/14425, time remaining: 22s
Rendered 12255/14425, time remaining: 22s
Rendered 12256/14425, time remaining: 22s
Rendered 12257/14425, time remaining: 22s
Rendered 12258/14425, time remaining: 22s
Rendered 12259/14425, time remaining: 22s
Rendered 12260/14425, time remaining: 22s
Rendered 12261/14425, time remaining: 22s
Rendered 12262/14425, time remaining: 22s
Rendered 12263/14425, time remaining: 22s
Rendered 12264/14425, time remaining: 22s
Rendered 12265/14425, time remaining: 22s
Rendered 12266/14425, time remaining: 22s
Rendered 12267/14425, time remaining: 22s
Rendered 12267/14425, time remaining: 22s
Rendered 12268/14425, time remaining: 22s
Rendered 12269/14425, time remaining: 22s
Rendered 12270/14425, time remaining: 22s
Rendered 12271/14425, time remaining: 22s
Rendered 12272/14425, time remaining: 22s
Rendered 12273/14425, time remaining: 22s
Rendered 12274/14425, time remaining: 22s
Rendered 12275/14425, time remaining: 22s
Rendered 12276/14425, time remaining: 22s
Rendered 12277/14425, time remaining: 22s
Rendered 12278/14425, time remaining: 22s
Rendered 12279/14425, time remaining: 22s
Rendered 12280/14425, time remaining: 22s
Rendered 12281/14425, time remaining: 22s
Rendered 12282/14425, time remaining: 22s
Rendered 12283/14425, time remaining: 22s
Rendered 12284/14425, time remaining: 22s
Rendered 12285/14425, time remaining: 22s
Rendered 12286/14425, time remaining: 22s
Rendered 12287/14425, time remaining: 22s
Rendered 12288/14425, time remaining: 22s
Rendered 12289/14425, time remaining: 22s
Rendered 12290/14425, time remaining: 22s
Rendered 12291/14425, time remaining: 22s
Rendered 12292/14425, time remaining: 22s
Rendered 12293/14425, time remaining: 22s
Rendered 12294/14425, time remaining: 22s
Rendered 12295/14425, time remaining: 22s
Rendered 12296/14425, time remaining: 22s
Rendered 12297/14425, time remaining: 22s
Rendered 12298/14425, time remaining: 22s
Rendered 12299/14425, time remaining: 22s
Rendered 12300/14425, time remaining: 22s
Rendered 12301/14425, time remaining: 22s
Rendered 12302/14425, time remaining: 22s
Rendered 12303/14425, time remaining: 22s
Rendered 12304/14425, time remaining: 22s
Rendered 12305/14425, time remaining: 22s
Rendered 12306/14425, time remaining: 22s
Rendered 12307/14425, time remaining: 22s
Rendered 12308/14425, time remaining: 22s
Rendered 12309/14425, time remaining: 22s
Rendered 12310/14425, time remaining: 22s
Rendered 12311/14425, time remaining: 22s
Rendered 12312/14425, time remaining: 22s
Rendered 12313/14425, time remaining: 22s
Rendered 12313/14425, time remaining: 22s
Rendered 12314/14425, time remaining: 22s
Rendered 12315/14425, time remaining: 22s
Rendered 12316/14425, time remaining: 22s
Rendered 12317/14425, time remaining: 22s
Rendered 12318/14425, time remaining: 22s
Rendered 12319/14425, time remaining: 22s
Rendered 12320/14425, time remaining: 22s
Rendered 12321/14425, time remaining: 22s
Rendered 12322/14425, time remaining: 22s
Rendered 12323/14425, time remaining: 22s
Rendered 12324/14425, time remaining: 22s
Rendered 12325/14425, time remaining: 22s
Rendered 12326/14425, time remaining: 22s
Rendered 12327/14425, time remaining: 22s
Rendered 12328/14425, time remaining: 22s
Rendered 12329/14425, time remaining: 22s
Rendered 12330/14425, time remaining: 22s
Rendered 12331/14425, time remaining: 22s
Rendered 12332/14425, time remaining: 22s
Rendered 12333/14425, time remaining: 22s
Rendered 12334/14425, time remaining: 22s
Rendered 12335/14425, time remaining: 22s
Rendered 12336/14425, time remaining: 22s
Rendered 12337/14425, time remaining: 22s
Rendered 12338/14425, time remaining: 22s
Rendered 12339/14425, time remaining: 22s
Rendered 12340/14425, time remaining: 22s
Rendered 12341/14425, time remaining: 22s
Rendered 12342/14425, time remaining: 22s
Rendered 12343/14425, time remaining: 22s
Rendered 12344/14425, time remaining: 22s
Rendered 12345/14425, time remaining: 22s
Rendered 12346/14425, time remaining: 22s
Rendered 12347/14425, time remaining: 22s
Rendered 12348/14425, time remaining: 22s
Rendered 12349/14425, time remaining: 22s
Rendered 12350/14425, time remaining: 22s
Rendered 12351/14425, time remaining: 22s
Rendered 12352/14425, time remaining: 22s
Rendered 12353/14425, time remaining: 22s
Rendered 12354/14425, time remaining: 22s
Rendered 12355/14425, time remaining: 22s
Rendered 12356/14425, time remaining: 22s
Rendered 12357/14425, time remaining: 22s
Rendered 12357/14425, time remaining: 22s
Rendered 12358/14425, time remaining: 22s
Rendered 12359/14425, time remaining: 22s
Rendered 12360/14425, time remaining: 22s
Rendered 12361/14425, time remaining: 22s
Rendered 12362/14425, time remaining: 22s
Rendered 12363/14425, time remaining: 22s
Rendered 12364/14425, time remaining: 22s
Rendered 12365/14425, time remaining: 22s
Rendered 12366/14425, time remaining: 22s
Rendered 12367/14425, time remaining: 22s
Rendered 12368/14425, time remaining: 22s
Rendered 12369/14425, time remaining: 22s
Rendered 12370/14425, time remaining: 22s
Rendered 12371/14425, time remaining: 22s
Rendered 12372/14425, time remaining: 22s
Rendered 12373/14425, time remaining: 22s
Rendered 12374/14425, time remaining: 22s
Rendered 12375/14425, time remaining: 22s
Rendered 12376/14425, time remaining: 22s
Rendered 12377/14425, time remaining: 22s
Rendered 12378/14425, time remaining: 22s
Rendered 12379/14425, time remaining: 22s
Rendered 12380/14425, time remaining: 22s
Rendered 12381/14425, time remaining: 22s
Rendered 12382/14425, time remaining: 22s
Rendered 12383/14425, time remaining: 22s
Rendered 12384/14425, time remaining: 22s
Rendered 12385/14425, time remaining: 22s
Rendered 12386/14425, time remaining: 22s
Rendered 12387/14425, time remaining: 22s
Rendered 12388/14425, time remaining: 22s
Rendered 12389/14425, time remaining: 22s
Rendered 12390/14425, time remaining: 22s
Rendered 12391/14425, time remaining: 22s
Rendered 12392/14425, time remaining: 22s
Rendered 12393/14425, time remaining: 22s
Rendered 12394/14425, time remaining: 22s
Rendered 12395/14425, time remaining: 22s
Rendered 12396/14425, time remaining: 22s
Rendered 12397/14425, time remaining: 22s
Rendered 12398/14425, time remaining: 22s
Rendered 12399/14425, time remaining: 22s
Rendered 12400/14425, time remaining: 22s
Rendered 12401/14425, time remaining: 22s
Rendered 12402/14425, time remaining: 22s
Rendered 12402/14425, time remaining: 22s
Rendered 12403/14425, time remaining: 22s
Rendered 12404/14425, time remaining: 22s
Rendered 12405/14425, time remaining: 22s
Rendered 12406/14425, time remaining: 22s
Rendered 12407/14425, time remaining: 22s
Rendered 12408/14425, time remaining: 22s
Rendered 12409/14425, time remaining: 22s
Rendered 12410/14425, time remaining: 22s
Rendered 12411/14425, time remaining: 22s
Rendered 12412/14425, time remaining: 22s
Rendered 12413/14425, time remaining: 22s
Rendered 12414/14425, time remaining: 22s
Rendered 12415/14425, time remaining: 22s
Rendered 12416/14425, time remaining: 22s
Rendered 12417/14425, time remaining: 22s
Rendered 12418/14425, time remaining: 22s
Rendered 12419/14425, time remaining: 22s
Rendered 12420/14425, time remaining: 22s
Rendered 12421/14425, time remaining: 22s
Rendered 12422/14425, time remaining: 22s
Rendered 12423/14425, time remaining: 22s
Rendered 12424/14425, time remaining: 22s
Rendered 12425/14425, time remaining: 22s
Rendered 12426/14425, time remaining: 22s
Rendered 12427/14425, time remaining: 22s
Rendered 12428/14425, time remaining: 22s
Rendered 12429/14425, time remaining: 22s
Rendered 12430/14425, time remaining: 22s
Rendered 12431/14425, time remaining: 22s
Rendered 12432/14425, time remaining: 22s
Rendered 12433/14425, time remaining: 22s
Rendered 12434/14425, time remaining: 21s
Rendered 12435/14425, time remaining: 21s
Rendered 12436/14425, time remaining: 21s
Rendered 12437/14425, time remaining: 22s
Rendered 12438/14425, time remaining: 21s
Rendered 12439/14425, time remaining: 21s
Rendered 12440/14425, time remaining: 21s
Rendered 12441/14425, time remaining: 22s
Rendered 12442/14425, time remaining: 21s
Rendered 12443/14425, time remaining: 21s
Rendered 12444/14425, time remaining: 21s
Rendered 12445/14425, time remaining: 22s
Rendered 12446/14425, time remaining: 21s
Rendered 12447/14425, time remaining: 21s
Rendered 12448/14425, time remaining: 21s
Rendered 12449/14425, time remaining: 21s
Rendered 12450/14425, time remaining: 21s
Rendered 12450/14425, time remaining: 21s
Rendered 12451/14425, time remaining: 21s
Rendered 12452/14425, time remaining: 21s
Rendered 12453/14425, time remaining: 21s
Rendered 12454/14425, time remaining: 21s
Rendered 12455/14425, time remaining: 21s
Rendered 12456/14425, time remaining: 21s
Rendered 12457/14425, time remaining: 21s
Rendered 12458/14425, time remaining: 21s
Rendered 12459/14425, time remaining: 21s
Rendered 12460/14425, time remaining: 21s
Rendered 12461/14425, time remaining: 21s
Rendered 12462/14425, time remaining: 21s
Rendered 12463/14425, time remaining: 21s
Rendered 12464/14425, time remaining: 21s
Rendered 12465/14425, time remaining: 21s
Rendered 12466/14425, time remaining: 21s
Rendered 12467/14425, time remaining: 21s
Rendered 12468/14425, time remaining: 21s
Rendered 12469/14425, time remaining: 21s
Rendered 12470/14425, time remaining: 21s
Rendered 12471/14425, time remaining: 21s
Rendered 12472/14425, time remaining: 21s
Rendered 12473/14425, time remaining: 21s
Rendered 12474/14425, time remaining: 21s
Rendered 12475/14425, time remaining: 21s
Rendered 12476/14425, time remaining: 21s
Rendered 12477/14425, time remaining: 21s
Rendered 12478/14425, time remaining: 21s
Rendered 12479/14425, time remaining: 21s
Rendered 12480/14425, time remaining: 21s
Rendered 12481/14425, time remaining: 21s
Rendered 12482/14425, time remaining: 21s
Rendered 12483/14425, time remaining: 21s
Rendered 12484/14425, time remaining: 21s
Rendered 12485/14425, time remaining: 21s
Rendered 12486/14425, time remaining: 21s
Rendered 12487/14425, time remaining: 21s
Rendered 12488/14425, time remaining: 21s
Rendered 12489/14425, time remaining: 21s
Rendered 12490/14425, time remaining: 20s
Rendered 12491/14425, time remaining: 20s
Rendered 12492/14425, time remaining: 20s
Rendered 12493/14425, time remaining: 21s
Rendered 12494/14425, time remaining: 20s
Rendered 12495/14425, time remaining: 20s
Rendered 12496/14425, time remaining: 20s
Rendered 12496/14425, time remaining: 20s
Rendered 12497/14425, time remaining: 21s
Rendered 12498/14425, time remaining: 20s
Rendered 12499/14425, time remaining: 20s
Rendered 12500/14425, time remaining: 20s
Rendered 12501/14425, time remaining: 20s
Rendered 12502/14425, time remaining: 20s
Rendered 12503/14425, time remaining: 20s
Rendered 12504/14425, time remaining: 20s
Rendered 12505/14425, time remaining: 20s
Rendered 12506/14425, time remaining: 20s
Rendered 12507/14425, time remaining: 20s
Rendered 12508/14425, time remaining: 20s
Rendered 12509/14425, time remaining: 20s
Rendered 12510/14425, time remaining: 20s
Rendered 12511/14425, time remaining: 20s
Rendered 12512/14425, time remaining: 20s
Rendered 12513/14425, time remaining: 20s
Rendered 12514/14425, time remaining: 20s
Rendered 12515/14425, time remaining: 20s
Rendered 12516/14425, time remaining: 20s
Rendered 12517/14425, time remaining: 20s
Rendered 12518/14425, time remaining: 20s
Rendered 12519/14425, time remaining: 20s
Rendered 12520/14425, time remaining: 20s
Rendered 12521/14425, time remaining: 20s
Rendered 12522/14425, time remaining: 20s
Rendered 12523/14425, time remaining: 20s
Rendered 12524/14425, time remaining: 20s
Rendered 12525/14425, time remaining: 20s
Rendered 12526/14425, time remaining: 20s
Rendered 12527/14425, time remaining: 20s
Rendered 12528/14425, time remaining: 20s
Rendered 12529/14425, time remaining: 20s
Rendered 12530/14425, time remaining: 20s
Rendered 12531/14425, time remaining: 20s
Rendered 12532/14425, time remaining: 20s
Rendered 12533/14425, time remaining: 20s
Rendered 12534/14425, time remaining: 20s
Rendered 12535/14425, time remaining: 20s
Rendered 12536/14425, time remaining: 20s
Rendered 12537/14425, time remaining: 20s
Rendered 12538/14425, time remaining: 20s
Rendered 12539/14425, time remaining: 20s
Rendered 12540/14425, time remaining: 20s
Rendered 12540/14425, time remaining: 20s
Rendered 12541/14425, time remaining: 20s
Rendered 12542/14425, time remaining: 20s
Rendered 12543/14425, time remaining: 20s
Rendered 12544/14425, time remaining: 20s
Rendered 12545/14425, time remaining: 20s
Rendered 12546/14425, time remaining: 20s
Rendered 12547/14425, time remaining: 20s
Rendered 12548/14425, time remaining: 20s
Rendered 12549/14425, time remaining: 20s
Rendered 12550/14425, time remaining: 20s
Rendered 12551/14425, time remaining: 20s
Rendered 12552/14425, time remaining: 20s
Rendered 12553/14425, time remaining: 20s
Rendered 12554/14425, time remaining: 20s
Rendered 12555/14425, time remaining: 20s
Rendered 12556/14425, time remaining: 20s
Rendered 12557/14425, time remaining: 20s
Rendered 12558/14425, time remaining: 20s
Rendered 12559/14425, time remaining: 20s
Rendered 12560/14425, time remaining: 20s
Rendered 12561/14425, time remaining: 20s
Rendered 12562/14425, time remaining: 20s
Rendered 12563/14425, time remaining: 20s
Rendered 12564/14425, time remaining: 20s
Rendered 12565/14425, time remaining: 20s
Rendered 12566/14425, time remaining: 20s
Rendered 12567/14425, time remaining: 20s
Rendered 12568/14425, time remaining: 20s
Rendered 12569/14425, time remaining: 20s
Rendered 12570/14425, time remaining: 20s
Rendered 12571/14425, time remaining: 20s
Rendered 12572/14425, time remaining: 19s
Rendered 12573/14425, time remaining: 20s
Rendered 12574/14425, time remaining: 20s
Rendered 12575/14425, time remaining: 20s
Rendered 12576/14425, time remaining: 19s
Rendered 12577/14425, time remaining: 19s
Rendered 12578/14425, time remaining: 20s
Rendered 12579/14425, time remaining: 19s
Rendered 12580/14425, time remaining: 19s
Rendered 12581/14425, time remaining: 19s
Rendered 12582/14425, time remaining: 19s
Rendered 12583/14425, time remaining: 19s
Rendered 12584/14425, time remaining: 19s
Rendered 12585/14425, time remaining: 19s
Rendered 12586/14425, time remaining: 19s
Rendered 12587/14425, time remaining: 19s
Rendered 12588/14425, time remaining: 19s
Rendered 12589/14425, time remaining: 19s
Rendered 12590/14425, time remaining: 19s
Rendered 12591/14425, time remaining: 19s
Rendered 12591/14425, time remaining: 19s
Rendered 12592/14425, time remaining: 19s
Rendered 12593/14425, time remaining: 19s
Rendered 12594/14425, time remaining: 19s
Rendered 12595/14425, time remaining: 19s
Rendered 12596/14425, time remaining: 19s
Rendered 12597/14425, time remaining: 19s
Rendered 12598/14425, time remaining: 19s
Rendered 12599/14425, time remaining: 19s
Rendered 12600/14425, time remaining: 19s
Rendered 12601/14425, time remaining: 19s
Rendered 12602/14425, time remaining: 19s
Rendered 12603/14425, time remaining: 19s
Rendered 12604/14425, time remaining: 19s
Rendered 12605/14425, time remaining: 19s
Rendered 12606/14425, time remaining: 19s
Rendered 12607/14425, time remaining: 19s
Rendered 12608/14425, time remaining: 19s
Rendered 12609/14425, time remaining: 19s
Rendered 12610/14425, time remaining: 19s
Rendered 12611/14425, time remaining: 19s
Rendered 12612/14425, time remaining: 19s
Rendered 12613/14425, time remaining: 19s
Rendered 12614/14425, time remaining: 19s
Rendered 12615/14425, time remaining: 19s
Rendered 12616/14425, time remaining: 19s
Rendered 12617/14425, time remaining: 19s
Rendered 12618/14425, time remaining: 19s
Rendered 12619/14425, time remaining: 19s
Rendered 12620/14425, time remaining: 19s
Rendered 12621/14425, time remaining: 19s
Rendered 12622/14425, time remaining: 19s
Rendered 12623/14425, time remaining: 19s
Rendered 12624/14425, time remaining: 19s
Rendered 12625/14425, time remaining: 19s
Rendered 12626/14425, time remaining: 19s
Rendered 12627/14425, time remaining: 19s
Rendered 12628/14425, time remaining: 19s
Rendered 12629/14425, time remaining: 19s
Rendered 12630/14425, time remaining: 19s
Rendered 12631/14425, time remaining: 19s
Rendered 12632/14425, time remaining: 19s
Rendered 12633/14425, time remaining: 19s
Rendered 12634/14425, time remaining: 19s
Rendered 12635/14425, time remaining: 18s
Rendered 12636/14425, time remaining: 18s
Rendered 12637/14425, time remaining: 19s
Rendered 12638/14425, time remaining: 19s
Rendered 12638/14425, time remaining: 19s
Rendered 12639/14425, time remaining: 18s
Rendered 12640/14425, time remaining: 18s
Rendered 12641/14425, time remaining: 19s
Rendered 12642/14425, time remaining: 19s
Rendered 12643/14425, time remaining: 18s
Rendered 12644/14425, time remaining: 18s
Rendered 12645/14425, time remaining: 19s
Rendered 12646/14425, time remaining: 19s
Rendered 12647/14425, time remaining: 18s
Rendered 12648/14425, time remaining: 18s
Rendered 12649/14425, time remaining: 19s
Rendered 12650/14425, time remaining: 19s
Rendered 12651/14425, time remaining: 18s
Rendered 12652/14425, time remaining: 18s
Rendered 12653/14425, time remaining: 19s
Rendered 12654/14425, time remaining: 19s
Rendered 12655/14425, time remaining: 18s
Rendered 12656/14425, time remaining: 18s
Rendered 12657/14425, time remaining: 18s
Rendered 12658/14425, time remaining: 18s
Rendered 12659/14425, time remaining: 18s
Rendered 12660/14425, time remaining: 18s
Rendered 12661/14425, time remaining: 18s
Rendered 12662/14425, time remaining: 18s
Rendered 12663/14425, time remaining: 18s
Rendered 12664/14425, time remaining: 18s
Rendered 12665/14425, time remaining: 18s
Rendered 12666/14425, time remaining: 18s
Rendered 12667/14425, time remaining: 18s
Rendered 12668/14425, time remaining: 18s
Rendered 12669/14425, time remaining: 18s
Rendered 12670/14425, time remaining: 18s
Rendered 12671/14425, time remaining: 18s
Rendered 12672/14425, time remaining: 18s
Rendered 12673/14425, time remaining: 18s
Rendered 12674/14425, time remaining: 18s
Rendered 12675/14425, time remaining: 18s
Rendered 12676/14425, time remaining: 18s
Rendered 12677/14425, time remaining: 18s
Rendered 12678/14425, time remaining: 18s
Rendered 12679/14425, time remaining: 18s
Rendered 12680/14425, time remaining: 18s
Rendered 12681/14425, time remaining: 18s
Rendered 12682/14425, time remaining: 18s
Rendered 12683/14425, time remaining: 18s
Rendered 12684/14425, time remaining: 18s
Rendered 12685/14425, time remaining: 18s
Rendered 12686/14425, time remaining: 18s
Rendered 12687/14425, time remaining: 18s
Rendered 12687/14425, time remaining: 18s
Rendered 12688/14425, time remaining: 18s
Rendered 12689/14425, time remaining: 18s
Rendered 12690/14425, time remaining: 18s
Rendered 12691/14425, time remaining: 17s
Rendered 12692/14425, time remaining: 17s
Rendered 12693/14425, time remaining: 18s
Rendered 12694/14425, time remaining: 18s
Rendered 12695/14425, time remaining: 17s
Rendered 12696/14425, time remaining: 17s
Rendered 12697/14425, time remaining: 18s
Rendered 12698/14425, time remaining: 18s
Rendered 12699/14425, time remaining: 17s
Rendered 12700/14425, time remaining: 17s
Rendered 12701/14425, time remaining: 17s
Rendered 12702/14425, time remaining: 17s
Rendered 12703/14425, time remaining: 17s
Rendered 12704/14425, time remaining: 17s
Rendered 12705/14425, time remaining: 17s
Rendered 12706/14425, time remaining: 17s
Rendered 12707/14425, time remaining: 17s
Rendered 12708/14425, time remaining: 17s
Rendered 12709/14425, time remaining: 17s
Rendered 12710/14425, time remaining: 17s
Rendered 12711/14425, time remaining: 17s
Rendered 12712/14425, time remaining: 17s
Rendered 12713/14425, time remaining: 17s
Rendered 12714/14425, time remaining: 17s
Rendered 12715/14425, time remaining: 17s
Rendered 12716/14425, time remaining: 17s
Rendered 12717/14425, time remaining: 17s
Rendered 12718/14425, time remaining: 17s
Rendered 12719/14425, time remaining: 17s
Rendered 12720/14425, time remaining: 17s
Rendered 12721/14425, time remaining: 17s
Rendered 12722/14425, time remaining: 17s
Rendered 12723/14425, time remaining: 17s
Rendered 12724/14425, time remaining: 17s
Rendered 12725/14425, time remaining: 17s
Rendered 12726/14425, time remaining: 17s
Rendered 12727/14425, time remaining: 17s
Rendered 12728/14425, time remaining: 17s
Rendered 12729/14425, time remaining: 17s
Rendered 12730/14425, time remaining: 17s
Rendered 12731/14425, time remaining: 17s
Rendered 12732/14425, time remaining: 17s
Rendered 12733/14425, time remaining: 17s
Rendered 12734/14425, time remaining: 17s
Rendered 12735/14425, time remaining: 17s
Rendered 12735/14425, time remaining: 17s
Rendered 12736/14425, time remaining: 17s
Rendered 12737/14425, time remaining: 17s
Rendered 12738/14425, time remaining: 17s
Rendered 12739/14425, time remaining: 17s
Rendered 12740/14425, time remaining: 17s
Rendered 12741/14425, time remaining: 17s
Rendered 12742/14425, time remaining: 17s
Rendered 12743/14425, time remaining: 17s
Rendered 12744/14425, time remaining: 17s
Rendered 12745/14425, time remaining: 17s
Rendered 12746/14425, time remaining: 17s
Rendered 12747/14425, time remaining: 17s
Rendered 12748/14425, time remaining: 17s
Rendered 12749/14425, time remaining: 17s
Rendered 12750/14425, time remaining: 17s
Rendered 12751/14425, time remaining: 17s
Rendered 12752/14425, time remaining: 17s
Rendered 12753/14425, time remaining: 17s
Rendered 12754/14425, time remaining: 17s
Rendered 12755/14425, time remaining: 17s
Rendered 12756/14425, time remaining: 17s
Rendered 12757/14425, time remaining: 17s
Rendered 12758/14425, time remaining: 17s
Rendered 12759/14425, time remaining: 17s
Rendered 12760/14425, time remaining: 17s
Rendered 12761/14425, time remaining: 17s
Rendered 12762/14425, time remaining: 17s
Rendered 12763/14425, time remaining: 17s
Rendered 12764/14425, time remaining: 17s
Rendered 12765/14425, time remaining: 17s
Rendered 12766/14425, time remaining: 17s
Rendered 12767/14425, time remaining: 17s
Rendered 12768/14425, time remaining: 17s
Rendered 12769/14425, time remaining: 17s
Rendered 12770/14425, time remaining: 17s
Rendered 12771/14425, time remaining: 17s
Rendered 12772/14425, time remaining: 17s
Rendered 12773/14425, time remaining: 17s
Rendered 12774/14425, time remaining: 17s
Rendered 12775/14425, time remaining: 17s
Rendered 12776/14425, time remaining: 17s
Rendered 12777/14425, time remaining: 17s
Rendered 12778/14425, time remaining: 17s
Rendered 12779/14425, time remaining: 17s
Rendered 12780/14425, time remaining: 17s
Rendered 12781/14425, time remaining: 17s
Rendered 12781/14425, time remaining: 17s
Rendered 12782/14425, time remaining: 17s
Rendered 12783/14425, time remaining: 17s
Rendered 12784/14425, time remaining: 17s
Rendered 12785/14425, time remaining: 17s
Rendered 12786/14425, time remaining: 17s
Rendered 12787/14425, time remaining: 17s
Rendered 12788/14425, time remaining: 17s
Rendered 12789/14425, time remaining: 17s
Rendered 12790/14425, time remaining: 17s
Rendered 12791/14425, time remaining: 17s
Rendered 12792/14425, time remaining: 17s
Rendered 12793/14425, time remaining: 17s
Rendered 12794/14425, time remaining: 17s
Rendered 12795/14425, time remaining: 17s
Rendered 12796/14425, time remaining: 17s
Rendered 12797/14425, time remaining: 17s
Rendered 12798/14425, time remaining: 17s
Rendered 12799/14425, time remaining: 17s
Rendered 12800/14425, time remaining: 17s
Rendered 12801/14425, time remaining: 17s
Rendered 12802/14425, time remaining: 17s
Rendered 12803/14425, time remaining: 16s
Rendered 12804/14425, time remaining: 16s
Rendered 12805/14425, time remaining: 17s
Rendered 12806/14425, time remaining: 17s
Rendered 12807/14425, time remaining: 16s
Rendered 12808/14425, time remaining: 16s
Rendered 12809/14425, time remaining: 17s
Rendered 12810/14425, time remaining: 17s
Rendered 12811/14425, time remaining: 16s
Rendered 12812/14425, time remaining: 16s
Rendered 12813/14425, time remaining: 17s
Rendered 12814/14425, time remaining: 17s
Rendered 12815/14425, time remaining: 16s
Rendered 12816/14425, time remaining: 16s
Rendered 12817/14425, time remaining: 17s
Rendered 12818/14425, time remaining: 17s
Rendered 12819/14425, time remaining: 16s
Rendered 12820/14425, time remaining: 16s
Rendered 12821/14425, time remaining: 17s
Rendered 12822/14425, time remaining: 16s
Rendered 12823/14425, time remaining: 16s
Rendered 12824/14425, time remaining: 16s
Rendered 12825/14425, time remaining: 16s
Rendered 12826/14425, time remaining: 16s
Rendered 12827/14425, time remaining: 16s
Rendered 12828/14425, time remaining: 16s
Rendered 12829/14425, time remaining: 16s
Rendered 12829/14425, time remaining: 16s
Rendered 12830/14425, time remaining: 16s
Rendered 12831/14425, time remaining: 16s
Rendered 12832/14425, time remaining: 16s
Rendered 12833/14425, time remaining: 16s
Rendered 12834/14425, time remaining: 16s
Rendered 12835/14425, time remaining: 16s
Rendered 12836/14425, time remaining: 16s
Rendered 12837/14425, time remaining: 16s
Rendered 12838/14425, time remaining: 16s
Rendered 12839/14425, time remaining: 16s
Rendered 12840/14425, time remaining: 16s
Rendered 12841/14425, time remaining: 16s
Rendered 12842/14425, time remaining: 16s
Rendered 12843/14425, time remaining: 16s
Rendered 12844/14425, time remaining: 16s
Rendered 12845/14425, time remaining: 16s
Rendered 12846/14425, time remaining: 16s
Rendered 12847/14425, time remaining: 16s
Rendered 12848/14425, time remaining: 16s
Rendered 12849/14425, time remaining: 16s
Rendered 12850/14425, time remaining: 16s
Rendered 12851/14425, time remaining: 16s
Rendered 12852/14425, time remaining: 16s
Rendered 12853/14425, time remaining: 16s
Rendered 12854/14425, time remaining: 16s
Rendered 12855/14425, time remaining: 16s
Rendered 12856/14425, time remaining: 16s
Rendered 12857/14425, time remaining: 16s
Rendered 12858/14425, time remaining: 16s
Rendered 12859/14425, time remaining: 16s
Rendered 12860/14425, time remaining: 16s
Rendered 12861/14425, time remaining: 16s
Rendered 12862/14425, time remaining: 16s
Rendered 12863/14425, time remaining: 16s
Rendered 12864/14425, time remaining: 16s
Rendered 12865/14425, time remaining: 16s
Rendered 12866/14425, time remaining: 16s
Rendered 12867/14425, time remaining: 16s
Rendered 12868/14425, time remaining: 16s
Rendered 12869/14425, time remaining: 16s
Rendered 12870/14425, time remaining: 16s
Rendered 12871/14425, time remaining: 16s
Rendered 12872/14425, time remaining: 16s
Rendered 12873/14425, time remaining: 16s
Rendered 12874/14425, time remaining: 16s
Rendered 12875/14425, time remaining: 16s
Rendered 12876/14425, time remaining: 16s
Rendered 12876/14425, time remaining: 16s
Rendered 12877/14425, time remaining: 16s
Rendered 12878/14425, time remaining: 16s
Rendered 12879/14425, time remaining: 16s
Rendered 12880/14425, time remaining: 16s
Rendered 12881/14425, time remaining: 16s
Rendered 12882/14425, time remaining: 16s
Rendered 12883/14425, time remaining: 16s
Rendered 12884/14425, time remaining: 16s
Rendered 12885/14425, time remaining: 16s
Rendered 12886/14425, time remaining: 16s
Rendered 12887/14425, time remaining: 16s
Rendered 12888/14425, time remaining: 16s
Rendered 12889/14425, time remaining: 16s
Rendered 12890/14425, time remaining: 16s
Rendered 12891/14425, time remaining: 16s
Rendered 12892/14425, time remaining: 16s
Rendered 12893/14425, time remaining: 16s
Rendered 12894/14425, time remaining: 16s
Rendered 12895/14425, time remaining: 16s
Rendered 12896/14425, time remaining: 16s
Rendered 12897/14425, time remaining: 16s
Rendered 12898/14425, time remaining: 16s
Rendered 12899/14425, time remaining: 16s
Rendered 12900/14425, time remaining: 16s
Rendered 12901/14425, time remaining: 16s
Rendered 12902/14425, time remaining: 16s
Rendered 12903/14425, time remaining: 16s
Rendered 12904/14425, time remaining: 16s
Rendered 12905/14425, time remaining: 16s
Rendered 12906/14425, time remaining: 16s
Rendered 12907/14425, time remaining: 15s
Rendered 12908/14425, time remaining: 15s
Rendered 12909/14425, time remaining: 16s
Rendered 12910/14425, time remaining: 16s
Rendered 12911/14425, time remaining: 15s
Rendered 12912/14425, time remaining: 15s
Rendered 12913/14425, time remaining: 16s
Rendered 12914/14425, time remaining: 16s
Rendered 12915/14425, time remaining: 15s
Rendered 12916/14425, time remaining: 15s
Rendered 12917/14425, time remaining: 15s
Rendered 12918/14425, time remaining: 15s
Rendered 12919/14425, time remaining: 15s
Rendered 12920/14425, time remaining: 15s
Rendered 12921/14425, time remaining: 15s
Rendered 12922/14425, time remaining: 15s
Rendered 12923/14425, time remaining: 15s
Rendered 12924/14425, time remaining: 15s
Rendered 12924/14425, time remaining: 15s
Rendered 12925/14425, time remaining: 15s
Rendered 12926/14425, time remaining: 15s
Rendered 12927/14425, time remaining: 15s
Rendered 12928/14425, time remaining: 15s
Rendered 12929/14425, time remaining: 15s
Rendered 12930/14425, time remaining: 15s
Rendered 12931/14425, time remaining: 15s
Rendered 12932/14425, time remaining: 15s
Rendered 12933/14425, time remaining: 15s
Rendered 12934/14425, time remaining: 15s
Rendered 12935/14425, time remaining: 15s
Rendered 12936/14425, time remaining: 15s
Rendered 12937/14425, time remaining: 15s
Rendered 12938/14425, time remaining: 15s
Rendered 12939/14425, time remaining: 15s
Rendered 12940/14425, time remaining: 15s
Rendered 12941/14425, time remaining: 15s
Rendered 12942/14425, time remaining: 15s
Rendered 12943/14425, time remaining: 15s
Rendered 12944/14425, time remaining: 15s
Rendered 12945/14425, time remaining: 15s
Rendered 12946/14425, time remaining: 15s
Rendered 12947/14425, time remaining: 15s
Rendered 12948/14425, time remaining: 15s
Rendered 12949/14425, time remaining: 15s
Rendered 12950/14425, time remaining: 15s
Rendered 12951/14425, time remaining: 15s
Rendered 12952/14425, time remaining: 15s
Rendered 12953/14425, time remaining: 15s
Rendered 12954/14425, time remaining: 15s
Rendered 12955/14425, time remaining: 15s
Rendered 12956/14425, time remaining: 15s
Rendered 12957/14425, time remaining: 15s
Rendered 12958/14425, time remaining: 15s
Rendered 12959/14425, time remaining: 15s
Rendered 12960/14425, time remaining: 15s
Rendered 12961/14425, time remaining: 15s
Rendered 12962/14425, time remaining: 15s
Rendered 12963/14425, time remaining: 15s
Rendered 12964/14425, time remaining: 15s
Rendered 12965/14425, time remaining: 15s
Rendered 12966/14425, time remaining: 15s
Rendered 12967/14425, time remaining: 15s
Rendered 12968/14425, time remaining: 15s
Rendered 12969/14425, time remaining: 15s
Rendered 12970/14425, time remaining: 15s
Rendered 12971/14425, time remaining: 15s
Rendered 12972/14425, time remaining: 15s
Rendered 12972/14425, time remaining: 15s
Rendered 12973/14425, time remaining: 15s
Rendered 12974/14425, time remaining: 15s
Rendered 12975/14425, time remaining: 15s
Rendered 12976/14425, time remaining: 15s
Rendered 12977/14425, time remaining: 15s
Rendered 12978/14425, time remaining: 15s
Rendered 12979/14425, time remaining: 15s
Rendered 12980/14425, time remaining: 15s
Rendered 12981/14425, time remaining: 15s
Rendered 12982/14425, time remaining: 15s
Rendered 12983/14425, time remaining: 15s
Rendered 12984/14425, time remaining: 15s
Rendered 12985/14425, time remaining: 15s
Rendered 12986/14425, time remaining: 15s
Rendered 12987/14425, time remaining: 14s
Rendered 12988/14425, time remaining: 14s
Rendered 12989/14425, time remaining: 15s
Rendered 12990/14425, time remaining: 15s
Rendered 12991/14425, time remaining: 14s
Rendered 12992/14425, time remaining: 14s
Rendered 12993/14425, time remaining: 15s
Rendered 12994/14425, time remaining: 15s
Rendered 12995/14425, time remaining: 14s
Rendered 12996/14425, time remaining: 14s
Rendered 12997/14425, time remaining: 15s
Rendered 12998/14425, time remaining: 15s
Rendered 12999/14425, time remaining: 14s
Rendered 13000/14425, time remaining: 14s
Rendered 13001/14425, time remaining: 14s
Rendered 13002/14425, time remaining: 14s
Rendered 13003/14425, time remaining: 14s
Rendered 13004/14425, time remaining: 14s
Rendered 13005/14425, time remaining: 14s
Rendered 13006/14425, time remaining: 14s
Rendered 13007/14425, time remaining: 14s
Rendered 13008/14425, time remaining: 14s
Rendered 13009/14425, time remaining: 14s
Rendered 13010/14425, time remaining: 14s
Rendered 13011/14425, time remaining: 14s
Rendered 13012/14425, time remaining: 14s
Rendered 13013/14425, time remaining: 14s
Rendered 13014/14425, time remaining: 14s
Rendered 13015/14425, time remaining: 14s
Rendered 13016/14425, time remaining: 14s
Rendered 13017/14425, time remaining: 14s
Rendered 13018/14425, time remaining: 14s
Rendered 13019/14425, time remaining: 14s
Rendered 13020/14425, time remaining: 14s
Rendered 13021/14425, time remaining: 14s
Rendered 13022/14425, time remaining: 14s
Rendered 13023/14425, time remaining: 14s
Rendered 13023/14425, time remaining: 14s
Rendered 13024/14425, time remaining: 14s
Rendered 13025/14425, time remaining: 14s
Rendered 13026/14425, time remaining: 14s
Rendered 13027/14425, time remaining: 14s
Rendered 13028/14425, time remaining: 14s
Rendered 13029/14425, time remaining: 14s
Rendered 13030/14425, time remaining: 14s
Rendered 13031/14425, time remaining: 14s
Rendered 13032/14425, time remaining: 14s
Rendered 13033/14425, time remaining: 14s
Rendered 13034/14425, time remaining: 14s
Rendered 13035/14425, time remaining: 14s
Rendered 13036/14425, time remaining: 14s
Rendered 13037/14425, time remaining: 14s
Rendered 13038/14425, time remaining: 14s
Rendered 13039/14425, time remaining: 14s
Rendered 13040/14425, time remaining: 14s
Rendered 13041/14425, time remaining: 14s
Rendered 13042/14425, time remaining: 14s
Rendered 13043/14425, time remaining: 14s
Rendered 13044/14425, time remaining: 14s
Rendered 13045/14425, time remaining: 14s
Rendered 13046/14425, time remaining: 14s
Rendered 13047/14425, time remaining: 14s
Rendered 13048/14425, time remaining: 14s
Rendered 13049/14425, time remaining: 14s
Rendered 13050/14425, time remaining: 14s
Rendered 13051/14425, time remaining: 14s
Rendered 13052/14425, time remaining: 14s
Rendered 13053/14425, time remaining: 14s
Rendered 13054/14425, time remaining: 14s
Rendered 13055/14425, time remaining: 14s
Rendered 13056/14425, time remaining: 14s
Rendered 13057/14425, time remaining: 14s
Rendered 13058/14425, time remaining: 14s
Rendered 13059/14425, time remaining: 14s
Rendered 13060/14425, time remaining: 14s
Rendered 13061/14425, time remaining: 14s
Rendered 13062/14425, time remaining: 14s
Rendered 13063/14425, time remaining: 14s
Rendered 13064/14425, time remaining: 14s
Rendered 13065/14425, time remaining: 14s
Rendered 13066/14425, time remaining: 14s
Rendered 13067/14425, time remaining: 13s
Rendered 13068/14425, time remaining: 13s
Rendered 13069/14425, time remaining: 14s
Rendered 13070/14425, time remaining: 14s
Rendered 13071/14425, time remaining: 13s
Rendered 13072/14425, time remaining: 13s
Rendered 13072/14425, time remaining: 13s
Rendered 13073/14425, time remaining: 14s
Rendered 13074/14425, time remaining: 14s
Rendered 13075/14425, time remaining: 13s
Rendered 13076/14425, time remaining: 13s
Rendered 13077/14425, time remaining: 14s
Rendered 13078/14425, time remaining: 14s
Rendered 13079/14425, time remaining: 13s
Rendered 13080/14425, time remaining: 13s
Rendered 13081/14425, time remaining: 14s
Rendered 13082/14425, time remaining: 13s
Rendered 13083/14425, time remaining: 13s
Rendered 13084/14425, time remaining: 13s
Rendered 13085/14425, time remaining: 13s
Rendered 13086/14425, time remaining: 13s
Rendered 13087/14425, time remaining: 13s
Rendered 13088/14425, time remaining: 13s
Rendered 13089/14425, time remaining: 13s
Rendered 13090/14425, time remaining: 13s
Rendered 13091/14425, time remaining: 13s
Rendered 13092/14425, time remaining: 13s
Rendered 13093/14425, time remaining: 13s
Rendered 13094/14425, time remaining: 13s
Rendered 13095/14425, time remaining: 13s
Rendered 13096/14425, time remaining: 13s
Rendered 13097/14425, time remaining: 13s
Rendered 13098/14425, time remaining: 13s
Rendered 13099/14425, time remaining: 13s
Rendered 13100/14425, time remaining: 13s
Rendered 13101/14425, time remaining: 13s
Rendered 13102/14425, time remaining: 13s
Rendered 13103/14425, time remaining: 13s
Rendered 13104/14425, time remaining: 13s
Rendered 13105/14425, time remaining: 13s
Rendered 13106/14425, time remaining: 13s
Rendered 13107/14425, time remaining: 13s
Rendered 13108/14425, time remaining: 13s
Rendered 13109/14425, time remaining: 13s
Rendered 13110/14425, time remaining: 13s
Rendered 13111/14425, time remaining: 13s
Rendered 13112/14425, time remaining: 13s
Rendered 13113/14425, time remaining: 13s
Rendered 13114/14425, time remaining: 13s
Rendered 13115/14425, time remaining: 13s
Rendered 13116/14425, time remaining: 13s
Rendered 13117/14425, time remaining: 13s
Rendered 13118/14425, time remaining: 13s
Rendered 13119/14425, time remaining: 13s
Rendered 13120/14425, time remaining: 13s
Rendered 13120/14425, time remaining: 13s
Rendered 13121/14425, time remaining: 13s
Rendered 13122/14425, time remaining: 13s
Rendered 13123/14425, time remaining: 13s
Rendered 13124/14425, time remaining: 13s
Rendered 13125/14425, time remaining: 13s
Rendered 13126/14425, time remaining: 13s
Rendered 13127/14425, time remaining: 13s
Rendered 13128/14425, time remaining: 13s
Rendered 13129/14425, time remaining: 13s
Rendered 13130/14425, time remaining: 13s
Rendered 13131/14425, time remaining: 13s
Rendered 13132/14425, time remaining: 13s
Rendered 13133/14425, time remaining: 13s
Rendered 13134/14425, time remaining: 13s
Rendered 13135/14425, time remaining: 13s
Rendered 13136/14425, time remaining: 13s
Rendered 13137/14425, time remaining: 13s
Rendered 13138/14425, time remaining: 13s
Rendered 13139/14425, time remaining: 13s
Rendered 13140/14425, time remaining: 13s
Rendered 13141/14425, time remaining: 13s
Rendered 13142/14425, time remaining: 13s
Rendered 13143/14425, time remaining: 13s
Rendered 13144/14425, time remaining: 13s
Rendered 13145/14425, time remaining: 13s
Rendered 13146/14425, time remaining: 13s
Rendered 13147/14425, time remaining: 13s
Rendered 13148/14425, time remaining: 13s
Rendered 13149/14425, time remaining: 13s
Rendered 13150/14425, time remaining: 13s
Rendered 13151/14425, time remaining: 13s
Rendered 13152/14425, time remaining: 13s
Rendered 13153/14425, time remaining: 13s
Rendered 13154/14425, time remaining: 13s
Rendered 13155/14425, time remaining: 13s
Rendered 13156/14425, time remaining: 13s
Rendered 13157/14425, time remaining: 13s
Rendered 13158/14425, time remaining: 13s
Rendered 13159/14425, time remaining: 13s
Rendered 13160/14425, time remaining: 13s
Rendered 13161/14425, time remaining: 13s
Rendered 13162/14425, time remaining: 13s
Rendered 13163/14425, time remaining: 13s
Rendered 13164/14425, time remaining: 13s
Rendered 13165/14425, time remaining: 13s
Rendered 13166/14425, time remaining: 13s
Rendered 13167/14425, time remaining: 13s
Rendered 13167/14425, time remaining: 13s
Rendered 13168/14425, time remaining: 13s
Rendered 13169/14425, time remaining: 13s
Rendered 13170/14425, time remaining: 13s
Rendered 13171/14425, time remaining: 13s
Rendered 13172/14425, time remaining: 13s
Rendered 13173/14425, time remaining: 13s
Rendered 13174/14425, time remaining: 13s
Rendered 13175/14425, time remaining: 13s
Rendered 13176/14425, time remaining: 13s
Rendered 13177/14425, time remaining: 13s
Rendered 13178/14425, time remaining: 13s
Rendered 13179/14425, time remaining: 12s
Rendered 13180/14425, time remaining: 12s
Rendered 13181/14425, time remaining: 13s
Rendered 13182/14425, time remaining: 13s
Rendered 13183/14425, time remaining: 12s
Rendered 13184/14425, time remaining: 12s
Rendered 13185/14425, time remaining: 13s
Rendered 13186/14425, time remaining: 13s
Rendered 13187/14425, time remaining: 12s
Rendered 13188/14425, time remaining: 12s
Rendered 13189/14425, time remaining: 13s
Rendered 13190/14425, time remaining: 13s
Rendered 13191/14425, time remaining: 12s
Rendered 13192/14425, time remaining: 12s
Rendered 13193/14425, time remaining: 12s
Rendered 13194/14425, time remaining: 12s
Rendered 13195/14425, time remaining: 12s
Rendered 13196/14425, time remaining: 12s
Rendered 13197/14425, time remaining: 12s
Rendered 13198/14425, time remaining: 12s
Rendered 13199/14425, time remaining: 12s
Rendered 13200/14425, time remaining: 12s
Rendered 13201/14425, time remaining: 12s
Rendered 13202/14425, time remaining: 12s
Rendered 13203/14425, time remaining: 12s
Rendered 13204/14425, time remaining: 12s
Rendered 13205/14425, time remaining: 12s
Rendered 13206/14425, time remaining: 12s
Rendered 13207/14425, time remaining: 12s
Rendered 13208/14425, time remaining: 12s
Rendered 13209/14425, time remaining: 12s
Rendered 13210/14425, time remaining: 12s
Rendered 13211/14425, time remaining: 12s
Rendered 13212/14425, time remaining: 12s
Rendered 13213/14425, time remaining: 12s
Rendered 13214/14425, time remaining: 12s
Rendered 13215/14425, time remaining: 12s
Rendered 13216/14425, time remaining: 12s
Rendered 13216/14425, time remaining: 12s
Rendered 13217/14425, time remaining: 12s
Rendered 13218/14425, time remaining: 12s
Rendered 13219/14425, time remaining: 12s
Rendered 13220/14425, time remaining: 12s
Rendered 13221/14425, time remaining: 12s
Rendered 13222/14425, time remaining: 12s
Rendered 13223/14425, time remaining: 12s
Rendered 13224/14425, time remaining: 12s
Rendered 13225/14425, time remaining: 12s
Rendered 13226/14425, time remaining: 12s
Rendered 13227/14425, time remaining: 12s
Rendered 13228/14425, time remaining: 12s
Rendered 13229/14425, time remaining: 12s
Rendered 13230/14425, time remaining: 12s
Rendered 13231/14425, time remaining: 12s
Rendered 13232/14425, time remaining: 12s
Rendered 13233/14425, time remaining: 12s
Rendered 13234/14425, time remaining: 12s
Rendered 13235/14425, time remaining: 12s
Rendered 13236/14425, time remaining: 12s
Rendered 13237/14425, time remaining: 12s
Rendered 13238/14425, time remaining: 12s
Rendered 13239/14425, time remaining: 12s
Rendered 13240/14425, time remaining: 12s
Rendered 13241/14425, time remaining: 12s
Rendered 13242/14425, time remaining: 12s
Rendered 13243/14425, time remaining: 12s
Rendered 13244/14425, time remaining: 12s
Rendered 13245/14425, time remaining: 12s
Rendered 13246/14425, time remaining: 12s
Rendered 13247/14425, time remaining: 12s
Rendered 13248/14425, time remaining: 12s
Rendered 13249/14425, time remaining: 12s
Rendered 13250/14425, time remaining: 12s
Rendered 13251/14425, time remaining: 12s
Rendered 13252/14425, time remaining: 12s
Rendered 13253/14425, time remaining: 12s
Rendered 13254/14425, time remaining: 12s
Rendered 13255/14425, time remaining: 12s
Rendered 13256/14425, time remaining: 12s
Rendered 13257/14425, time remaining: 12s
Rendered 13258/14425, time remaining: 12s
Rendered 13259/14425, time remaining: 12s
Rendered 13260/14425, time remaining: 12s
Rendered 13261/14425, time remaining: 12s
Rendered 13262/14425, time remaining: 12s
Rendered 13263/14425, time remaining: 12s
Rendered 13264/14425, time remaining: 12s
Rendered 13264/14425, time remaining: 12s
Rendered 13265/14425, time remaining: 12s
Rendered 13266/14425, time remaining: 12s
Rendered 13267/14425, time remaining: 12s
Rendered 13268/14425, time remaining: 12s
Rendered 13269/14425, time remaining: 12s
Rendered 13270/14425, time remaining: 12s
Rendered 13271/14425, time remaining: 12s
Rendered 13272/14425, time remaining: 11s
Rendered 13273/14425, time remaining: 12s
Rendered 13274/14425, time remaining: 12s
Rendered 13275/14425, time remaining: 11s
Rendered 13276/14425, time remaining: 11s
Rendered 13277/14425, time remaining: 12s
Rendered 13278/14425, time remaining: 12s
Rendered 13279/14425, time remaining: 11s
Rendered 13280/14425, time remaining: 11s
Rendered 13281/14425, time remaining: 12s
Rendered 13282/14425, time remaining: 12s
Rendered 13283/14425, time remaining: 11s
Rendered 13284/14425, time remaining: 11s
Rendered 13285/14425, time remaining: 12s
Rendered 13286/14425, time remaining: 12s
Rendered 13287/14425, time remaining: 11s
Rendered 13288/14425, time remaining: 11s
Rendered 13289/14425, time remaining: 11s
Rendered 13290/14425, time remaining: 11s
Rendered 13291/14425, time remaining: 11s
Rendered 13292/14425, time remaining: 11s
Rendered 13293/14425, time remaining: 11s
Rendered 13294/14425, time remaining: 11s
Rendered 13295/14425, time remaining: 11s
Rendered 13296/14425, time remaining: 11s
Rendered 13297/14425, time remaining: 11s
Rendered 13298/14425, time remaining: 11s
Rendered 13299/14425, time remaining: 11s
Rendered 13300/14425, time remaining: 11s
Rendered 13301/14425, time remaining: 11s
Rendered 13302/14425, time remaining: 11s
Rendered 13303/14425, time remaining: 11s
Rendered 13304/14425, time remaining: 11s
Rendered 13305/14425, time remaining: 11s
Rendered 13306/14425, time remaining: 11s
Rendered 13307/14425, time remaining: 11s
Rendered 13308/14425, time remaining: 11s
Rendered 13309/14425, time remaining: 11s
Rendered 13310/14425, time remaining: 11s
Rendered 13311/14425, time remaining: 11s
Rendered 13312/14425, time remaining: 11s
Rendered 13312/14425, time remaining: 11s
Rendered 13313/14425, time remaining: 11s
Rendered 13314/14425, time remaining: 11s
Rendered 13315/14425, time remaining: 11s
Rendered 13316/14425, time remaining: 11s
Rendered 13317/14425, time remaining: 11s
Rendered 13318/14425, time remaining: 11s
Rendered 13319/14425, time remaining: 11s
Rendered 13320/14425, time remaining: 11s
Rendered 13321/14425, time remaining: 11s
Rendered 13322/14425, time remaining: 11s
Rendered 13323/14425, time remaining: 11s
Rendered 13324/14425, time remaining: 11s
Rendered 13325/14425, time remaining: 11s
Rendered 13326/14425, time remaining: 11s
Rendered 13327/14425, time remaining: 11s
Rendered 13328/14425, time remaining: 11s
Rendered 13329/14425, time remaining: 11s
Rendered 13330/14425, time remaining: 11s
Rendered 13331/14425, time remaining: 11s
Rendered 13332/14425, time remaining: 11s
Rendered 13333/14425, time remaining: 11s
Rendered 13334/14425, time remaining: 11s
Rendered 13335/14425, time remaining: 11s
Rendered 13336/14425, time remaining: 11s
Rendered 13337/14425, time remaining: 11s
Rendered 13338/14425, time remaining: 11s
Rendered 13339/14425, time remaining: 11s
Rendered 13340/14425, time remaining: 11s
Rendered 13341/14425, time remaining: 11s
Rendered 13342/14425, time remaining: 11s
Rendered 13343/14425, time remaining: 11s
Rendered 13344/14425, time remaining: 11s
Rendered 13345/14425, time remaining: 11s
Rendered 13346/14425, time remaining: 11s
Rendered 13347/14425, time remaining: 11s
Rendered 13348/14425, time remaining: 11s
Rendered 13349/14425, time remaining: 11s
Rendered 13350/14425, time remaining: 11s
Rendered 13351/14425, time remaining: 11s
Rendered 13352/14425, time remaining: 11s
Rendered 13353/14425, time remaining: 11s
Rendered 13354/14425, time remaining: 11s
Rendered 13355/14425, time remaining: 11s
Rendered 13356/14425, time remaining: 11s
Rendered 13357/14425, time remaining: 11s
Rendered 13358/14425, time remaining: 11s
Rendered 13359/14425, time remaining: 11s
Rendered 13360/14425, time remaining: 11s
Rendered 13360/14425, time remaining: 11s
Rendered 13361/14425, time remaining: 11s
Rendered 13362/14425, time remaining: 11s
Rendered 13363/14425, time remaining: 10s
Rendered 13364/14425, time remaining: 10s
Rendered 13365/14425, time remaining: 11s
Rendered 13366/14425, time remaining: 11s
Rendered 13367/14425, time remaining: 10s
Rendered 13368/14425, time remaining: 10s
Rendered 13369/14425, time remaining: 11s
Rendered 13370/14425, time remaining: 11s
Rendered 13371/14425, time remaining: 10s
Rendered 13372/14425, time remaining: 10s
Rendered 13373/14425, time remaining: 11s
Rendered 13374/14425, time remaining: 11s
Rendered 13375/14425, time remaining: 10s
Rendered 13376/14425, time remaining: 10s
Rendered 13377/14425, time remaining: 10s
Rendered 13378/14425, time remaining: 10s
Rendered 13379/14425, time remaining: 10s
Rendered 13380/14425, time remaining: 10s
Rendered 13381/14425, time remaining: 10s
Rendered 13382/14425, time remaining: 10s
Rendered 13383/14425, time remaining: 10s
Rendered 13384/14425, time remaining: 10s
Rendered 13385/14425, time remaining: 10s
Rendered 13386/14425, time remaining: 10s
Rendered 13387/14425, time remaining: 10s
Rendered 13388/14425, time remaining: 10s
Rendered 13389/14425, time remaining: 10s
Rendered 13390/14425, time remaining: 10s
Rendered 13391/14425, time remaining: 10s
Rendered 13392/14425, time remaining: 10s
Rendered 13393/14425, time remaining: 10s
Rendered 13394/14425, time remaining: 10s
Rendered 13395/14425, time remaining: 10s
Rendered 13396/14425, time remaining: 10s
Rendered 13397/14425, time remaining: 10s
Rendered 13398/14425, time remaining: 10s
Rendered 13399/14425, time remaining: 10s
Rendered 13400/14425, time remaining: 10s
Rendered 13401/14425, time remaining: 10s
Rendered 13402/14425, time remaining: 10s
Rendered 13403/14425, time remaining: 10s
Rendered 13404/14425, time remaining: 10s
Rendered 13405/14425, time remaining: 10s
Rendered 13406/14425, time remaining: 10s
Rendered 13407/14425, time remaining: 10s
Rendered 13408/14425, time remaining: 10s
Rendered 13408/14425, time remaining: 10s
Rendered 13409/14425, time remaining: 10s
Rendered 13410/14425, time remaining: 10s
Rendered 13411/14425, time remaining: 10s
Rendered 13412/14425, time remaining: 10s
Rendered 13413/14425, time remaining: 10s
Rendered 13414/14425, time remaining: 10s
Rendered 13415/14425, time remaining: 10s
Rendered 13416/14425, time remaining: 10s
Rendered 13417/14425, time remaining: 10s
Rendered 13418/14425, time remaining: 10s
Rendered 13419/14425, time remaining: 10s
Rendered 13420/14425, time remaining: 10s
Rendered 13421/14425, time remaining: 10s
Rendered 13422/14425, time remaining: 10s
Rendered 13423/14425, time remaining: 10s
Rendered 13424/14425, time remaining: 10s
Rendered 13425/14425, time remaining: 10s
Rendered 13426/14425, time remaining: 10s
Rendered 13427/14425, time remaining: 10s
Rendered 13428/14425, time remaining: 10s
Rendered 13429/14425, time remaining: 10s
Rendered 13430/14425, time remaining: 10s
Rendered 13431/14425, time remaining: 10s
Rendered 13432/14425, time remaining: 10s
Rendered 13433/14425, time remaining: 10s
Rendered 13434/14425, time remaining: 10s
Rendered 13435/14425, time remaining: 10s
Rendered 13436/14425, time remaining: 10s
Rendered 13437/14425, time remaining: 10s
Rendered 13438/14425, time remaining: 10s
Rendered 13439/14425, time remaining: 10s
Rendered 13440/14425, time remaining: 10s
Rendered 13441/14425, time remaining: 10s
Rendered 13442/14425, time remaining: 10s
Rendered 13443/14425, time remaining: 10s
Rendered 13444/14425, time remaining: 10s
Rendered 13445/14425, time remaining: 10s
Rendered 13446/14425, time remaining: 10s
Rendered 13447/14425, time remaining: 10s
Rendered 13448/14425, time remaining: 10s
Rendered 13449/14425, time remaining: 10s
Rendered 13450/14425, time remaining: 10s
Rendered 13451/14425, time remaining: 10s
Rendered 13452/14425, time remaining: 10s
Rendered 13453/14425, time remaining: 10s
Rendered 13454/14425, time remaining: 10s
Rendered 13455/14425, time remaining: 10s
Rendered 13456/14425, time remaining: 10s
Rendered 13456/14425, time remaining: 10s
Rendered 13457/14425, time remaining: 10s
Rendered 13458/14425, time remaining: 10s
Rendered 13459/14425, time remaining: 9s
Rendered 13460/14425, time remaining: 9s
Rendered 13461/14425, time remaining: 10s
Rendered 13462/14425, time remaining: 10s
Rendered 13463/14425, time remaining: 9s
Rendered 13464/14425, time remaining: 9s
Rendered 13465/14425, time remaining: 10s
Rendered 13466/14425, time remaining: 10s
Rendered 13467/14425, time remaining: 9s
Rendered 13468/14425, time remaining: 9s
Rendered 13469/14425, time remaining: 10s
Rendered 13470/14425, time remaining: 10s
Rendered 13471/14425, time remaining: 9s
Rendered 13472/14425, time remaining: 9s
Rendered 13473/14425, time remaining: 9s
Rendered 13474/14425, time remaining: 9s
Rendered 13475/14425, time remaining: 9s
Rendered 13476/14425, time remaining: 9s
Rendered 13477/14425, time remaining: 9s
Rendered 13478/14425, time remaining: 9s
Rendered 13479/14425, time remaining: 9s
Rendered 13480/14425, time remaining: 9s
Rendered 13481/14425, time remaining: 9s
Rendered 13482/14425, time remaining: 9s
Rendered 13483/14425, time remaining: 9s
Rendered 13484/14425, time remaining: 9s
Rendered 13485/14425, time remaining: 9s
Rendered 13486/14425, time remaining: 9s
Rendered 13487/14425, time remaining: 9s
Rendered 13488/14425, time remaining: 9s
Rendered 13489/14425, time remaining: 9s
Rendered 13490/14425, time remaining: 9s
Rendered 13491/14425, time remaining: 9s
Rendered 13492/14425, time remaining: 9s
Rendered 13493/14425, time remaining: 9s
Rendered 13494/14425, time remaining: 9s
Rendered 13495/14425, time remaining: 9s
Rendered 13496/14425, time remaining: 9s
Rendered 13497/14425, time remaining: 9s
Rendered 13498/14425, time remaining: 9s
Rendered 13499/14425, time remaining: 9s
Rendered 13500/14425, time remaining: 9s
Rendered 13501/14425, time remaining: 9s
Rendered 13502/14425, time remaining: 9s
Rendered 13503/14425, time remaining: 9s
Rendered 13504/14425, time remaining: 9s
Rendered 13504/14425, time remaining: 9s
Rendered 13505/14425, time remaining: 9s
Rendered 13506/14425, time remaining: 9s
Rendered 13507/14425, time remaining: 9s
Rendered 13508/14425, time remaining: 9s
Rendered 13509/14425, time remaining: 9s
Rendered 13510/14425, time remaining: 9s
Rendered 13511/14425, time remaining: 9s
Rendered 13512/14425, time remaining: 9s
Rendered 13513/14425, time remaining: 9s
Rendered 13514/14425, time remaining: 9s
Rendered 13515/14425, time remaining: 9s
Rendered 13516/14425, time remaining: 9s
Rendered 13517/14425, time remaining: 9s
Rendered 13518/14425, time remaining: 9s
Rendered 13519/14425, time remaining: 9s
Rendered 13520/14425, time remaining: 9s
Rendered 13521/14425, time remaining: 9s
Rendered 13522/14425, time remaining: 9s
Rendered 13523/14425, time remaining: 9s
Rendered 13524/14425, time remaining: 9s
Rendered 13525/14425, time remaining: 9s
Rendered 13526/14425, time remaining: 9s
Rendered 13527/14425, time remaining: 9s
Rendered 13528/14425, time remaining: 9s
Rendered 13529/14425, time remaining: 9s
Rendered 13530/14425, time remaining: 9s
Rendered 13531/14425, time remaining: 9s
Rendered 13532/14425, time remaining: 9s
Rendered 13533/14425, time remaining: 9s
Rendered 13534/14425, time remaining: 9s
Rendered 13535/14425, time remaining: 9s
Rendered 13536/14425, time remaining: 9s
Rendered 13537/14425, time remaining: 9s
Rendered 13538/14425, time remaining: 9s
Rendered 13539/14425, time remaining: 9s
Rendered 13540/14425, time remaining: 9s
Rendered 13541/14425, time remaining: 9s
Rendered 13542/14425, time remaining: 9s
Rendered 13543/14425, time remaining: 9s
Rendered 13544/14425, time remaining: 9s
Rendered 13545/14425, time remaining: 9s
Rendered 13546/14425, time remaining: 9s
Rendered 13547/14425, time remaining: 9s
Rendered 13548/14425, time remaining: 9s
Rendered 13549/14425, time remaining: 9s
Rendered 13550/14425, time remaining: 9s
Rendered 13551/14425, time remaining: 9s
Rendered 13552/14425, time remaining: 9s
Rendered 13553/14425, time remaining: 9s
Rendered 13553/14425, time remaining: 9s
Rendered 13554/14425, time remaining: 9s
Rendered 13555/14425, time remaining: 9s
Rendered 13556/14425, time remaining: 8s
Rendered 13557/14425, time remaining: 9s
Rendered 13558/14425, time remaining: 9s
Rendered 13559/14425, time remaining: 8s
Rendered 13560/14425, time remaining: 8s
Rendered 13561/14425, time remaining: 9s
Rendered 13562/14425, time remaining: 9s
Rendered 13563/14425, time remaining: 8s
Rendered 13564/14425, time remaining: 8s
Rendered 13565/14425, time remaining: 9s
Rendered 13566/14425, time remaining: 8s
Rendered 13567/14425, time remaining: 8s
Rendered 13568/14425, time remaining: 8s
Rendered 13569/14425, time remaining: 8s
Rendered 13570/14425, time remaining: 8s
Rendered 13571/14425, time remaining: 8s
Rendered 13572/14425, time remaining: 8s
Rendered 13573/14425, time remaining: 8s
Rendered 13574/14425, time remaining: 8s
Rendered 13575/14425, time remaining: 8s
Rendered 13576/14425, time remaining: 8s
Rendered 13577/14425, time remaining: 8s
Rendered 13578/14425, time remaining: 8s
Rendered 13579/14425, time remaining: 8s
Rendered 13580/14425, time remaining: 8s
Rendered 13581/14425, time remaining: 8s
Rendered 13582/14425, time remaining: 8s
Rendered 13583/14425, time remaining: 8s
Rendered 13584/14425, time remaining: 8s
Rendered 13585/14425, time remaining: 8s
Rendered 13586/14425, time remaining: 8s
Rendered 13587/14425, time remaining: 8s
Rendered 13588/14425, time remaining: 8s
Rendered 13589/14425, time remaining: 8s
Rendered 13590/14425, time remaining: 8s
Rendered 13591/14425, time remaining: 8s
Rendered 13592/14425, time remaining: 8s
Rendered 13593/14425, time remaining: 8s
Rendered 13594/14425, time remaining: 8s
Rendered 13595/14425, time remaining: 8s
Rendered 13596/14425, time remaining: 8s
Rendered 13597/14425, time remaining: 8s
Rendered 13598/14425, time remaining: 8s
Rendered 13599/14425, time remaining: 8s
Rendered 13600/14425, time remaining: 8s
Rendered 13601/14425, time remaining: 8s
Rendered 13602/14425, time remaining: 8s
Rendered 13602/14425, time remaining: 8s
Rendered 13603/14425, time remaining: 8s
Rendered 13604/14425, time remaining: 8s
Rendered 13605/14425, time remaining: 8s
Rendered 13606/14425, time remaining: 8s
Rendered 13607/14425, time remaining: 8s
Rendered 13608/14425, time remaining: 8s
Rendered 13609/14425, time remaining: 8s
Rendered 13610/14425, time remaining: 8s
Rendered 13611/14425, time remaining: 8s
Rendered 13612/14425, time remaining: 8s
Rendered 13613/14425, time remaining: 8s
Rendered 13614/14425, time remaining: 8s
Rendered 13615/14425, time remaining: 8s
Rendered 13616/14425, time remaining: 8s
Rendered 13617/14425, time remaining: 8s
Rendered 13618/14425, time remaining: 8s
Rendered 13619/14425, time remaining: 8s
Rendered 13620/14425, time remaining: 8s
Rendered 13621/14425, time remaining: 8s
Rendered 13622/14425, time remaining: 8s
Rendered 13623/14425, time remaining: 8s
Rendered 13624/14425, time remaining: 8s
Rendered 13625/14425, time remaining: 8s
Rendered 13626/14425, time remaining: 8s
Rendered 13627/14425, time remaining: 8s
Rendered 13628/14425, time remaining: 8s
Rendered 13629/14425, time remaining: 8s
Rendered 13630/14425, time remaining: 8s
Rendered 13631/14425, time remaining: 8s
Rendered 13632/14425, time remaining: 8s
Rendered 13633/14425, time remaining: 8s
Rendered 13634/14425, time remaining: 8s
Rendered 13635/14425, time remaining: 8s
Rendered 13636/14425, time remaining: 8s
Rendered 13637/14425, time remaining: 8s
Rendered 13638/14425, time remaining: 8s
Rendered 13639/14425, time remaining: 8s
Rendered 13640/14425, time remaining: 8s
Rendered 13641/14425, time remaining: 8s
Rendered 13642/14425, time remaining: 8s
Rendered 13643/14425, time remaining: 8s
Rendered 13644/14425, time remaining: 8s
Rendered 13645/14425, time remaining: 8s
Rendered 13646/14425, time remaining: 8s
Rendered 13647/14425, time remaining: 8s
Rendered 13648/14425, time remaining: 8s
Rendered 13649/14425, time remaining: 8s
Rendered 13650/14425, time remaining: 8s
Rendered 13650/14425, time remaining: 8s
Rendered 13651/14425, time remaining: 8s
Rendered 13652/14425, time remaining: 8s
Rendered 13653/14425, time remaining: 8s
Rendered 13654/14425, time remaining: 8s
Rendered 13655/14425, time remaining: 7s
Rendered 13656/14425, time remaining: 7s
Rendered 13657/14425, time remaining: 8s
Rendered 13658/14425, time remaining: 8s
Rendered 13659/14425, time remaining: 7s
Rendered 13660/14425, time remaining: 7s
Rendered 13661/14425, time remaining: 8s
Rendered 13662/14425, time remaining: 7s
Rendered 13663/14425, time remaining: 7s
Rendered 13664/14425, time remaining: 7s
Rendered 13665/14425, time remaining: 7s
Rendered 13666/14425, time remaining: 7s
Rendered 13667/14425, time remaining: 7s
Rendered 13668/14425, time remaining: 7s
Rendered 13669/14425, time remaining: 7s
Rendered 13670/14425, time remaining: 7s
Rendered 13671/14425, time remaining: 7s
Rendered 13672/14425, time remaining: 7s
Rendered 13673/14425, time remaining: 7s
Rendered 13674/14425, time remaining: 7s
Rendered 13675/14425, time remaining: 7s
Rendered 13676/14425, time remaining: 7s
Rendered 13677/14425, time remaining: 7s
Rendered 13678/14425, time remaining: 7s
Rendered 13679/14425, time remaining: 7s
Rendered 13680/14425, time remaining: 7s
Rendered 13681/14425, time remaining: 7s
Rendered 13682/14425, time remaining: 7s
Rendered 13683/14425, time remaining: 7s
Rendered 13684/14425, time remaining: 7s
Rendered 13685/14425, time remaining: 7s
Rendered 13686/14425, time remaining: 7s
Rendered 13687/14425, time remaining: 7s
Rendered 13688/14425, time remaining: 7s
Rendered 13689/14425, time remaining: 7s
Rendered 13690/14425, time remaining: 7s
Rendered 13691/14425, time remaining: 7s
Rendered 13692/14425, time remaining: 7s
Rendered 13693/14425, time remaining: 7s
Rendered 13694/14425, time remaining: 7s
Rendered 13695/14425, time remaining: 7s
Rendered 13696/14425, time remaining: 7s
Rendered 13697/14425, time remaining: 7s
Rendered 13698/14425, time remaining: 7s
Rendered 13699/14425, time remaining: 7s
Rendered 13699/14425, time remaining: 7s
Rendered 13700/14425, time remaining: 7s
Rendered 13701/14425, time remaining: 7s
Rendered 13702/14425, time remaining: 7s
Rendered 13703/14425, time remaining: 7s
Rendered 13704/14425, time remaining: 7s
Rendered 13705/14425, time remaining: 7s
Rendered 13706/14425, time remaining: 7s
Rendered 13707/14425, time remaining: 7s
Rendered 13708/14425, time remaining: 7s
Rendered 13709/14425, time remaining: 7s
Rendered 13710/14425, time remaining: 7s
Rendered 13711/14425, time remaining: 7s
Rendered 13712/14425, time remaining: 7s
Rendered 13713/14425, time remaining: 7s
Rendered 13714/14425, time remaining: 7s
Rendered 13715/14425, time remaining: 7s
Rendered 13716/14425, time remaining: 7s
Rendered 13717/14425, time remaining: 7s
Rendered 13718/14425, time remaining: 7s
Rendered 13719/14425, time remaining: 7s
Rendered 13720/14425, time remaining: 7s
Rendered 13721/14425, time remaining: 7s
Rendered 13722/14425, time remaining: 7s
Rendered 13723/14425, time remaining: 7s
Rendered 13724/14425, time remaining: 7s
Rendered 13725/14425, time remaining: 7s
Rendered 13726/14425, time remaining: 7s
Rendered 13727/14425, time remaining: 7s
Rendered 13728/14425, time remaining: 7s
Rendered 13729/14425, time remaining: 7s
Rendered 13730/14425, time remaining: 7s
Rendered 13731/14425, time remaining: 7s
Rendered 13732/14425, time remaining: 7s
Rendered 13733/14425, time remaining: 7s
Rendered 13734/14425, time remaining: 7s
Rendered 13735/14425, time remaining: 7s
Rendered 13736/14425, time remaining: 7s
Rendered 13737/14425, time remaining: 7s
Rendered 13738/14425, time remaining: 7s
Rendered 13739/14425, time remaining: 7s
Rendered 13740/14425, time remaining: 7s
Rendered 13741/14425, time remaining: 7s
Rendered 13742/14425, time remaining: 7s
Rendered 13743/14425, time remaining: 7s
Rendered 13744/14425, time remaining: 7s
Rendered 13745/14425, time remaining: 7s
Rendered 13746/14425, time remaining: 7s
Rendered 13747/14425, time remaining: 7s
Rendered 13748/14425, time remaining: 7s
Rendered 13748/14425, time remaining: 7s
Rendered 13749/14425, time remaining: 7s
Rendered 13750/14425, time remaining: 7s
Rendered 13751/14425, time remaining: 6s
Rendered 13752/14425, time remaining: 6s
Rendered 13753/14425, time remaining: 7s
Rendered 13754/14425, time remaining: 7s
Rendered 13755/14425, time remaining: 6s
Rendered 13756/14425, time remaining: 6s
Rendered 13757/14425, time remaining: 7s
Rendered 13758/14425, time remaining: 6s
Rendered 13759/14425, time remaining: 6s
Rendered 13760/14425, time remaining: 6s
Rendered 13761/14425, time remaining: 6s
Rendered 13762/14425, time remaining: 6s
Rendered 13763/14425, time remaining: 6s
Rendered 13764/14425, time remaining: 6s
Rendered 13765/14425, time remaining: 6s
Rendered 13766/14425, time remaining: 6s
Rendered 13767/14425, time remaining: 6s
Rendered 13768/14425, time remaining: 6s
Rendered 13769/14425, time remaining: 6s
Rendered 13770/14425, time remaining: 6s
Rendered 13771/14425, time remaining: 6s
Rendered 13772/14425, time remaining: 6s
Rendered 13773/14425, time remaining: 6s
Rendered 13774/14425, time remaining: 6s
Rendered 13775/14425, time remaining: 6s
Rendered 13776/14425, time remaining: 6s
Rendered 13777/14425, time remaining: 6s
Rendered 13778/14425, time remaining: 6s
Rendered 13779/14425, time remaining: 6s
Rendered 13780/14425, time remaining: 6s
Rendered 13781/14425, time remaining: 6s
Rendered 13782/14425, time remaining: 6s
Rendered 13783/14425, time remaining: 6s
Rendered 13784/14425, time remaining: 6s
Rendered 13785/14425, time remaining: 6s
Rendered 13786/14425, time remaining: 6s
Rendered 13787/14425, time remaining: 6s
Rendered 13788/14425, time remaining: 6s
Rendered 13789/14425, time remaining: 6s
Rendered 13790/14425, time remaining: 6s
Rendered 13791/14425, time remaining: 6s
Rendered 13792/14425, time remaining: 6s
Rendered 13793/14425, time remaining: 6s
Rendered 13794/14425, time remaining: 6s
Rendered 13795/14425, time remaining: 6s
Rendered 13796/14425, time remaining: 6s
Rendered 13796/14425, time remaining: 6s
Rendered 13797/14425, time remaining: 6s
Rendered 13798/14425, time remaining: 6s
Rendered 13799/14425, time remaining: 6s
Rendered 13800/14425, time remaining: 6s
Rendered 13801/14425, time remaining: 6s
Rendered 13802/14425, time remaining: 6s
Rendered 13803/14425, time remaining: 6s
Rendered 13804/14425, time remaining: 6s
Rendered 13805/14425, time remaining: 6s
Rendered 13806/14425, time remaining: 6s
Rendered 13807/14425, time remaining: 6s
Rendered 13808/14425, time remaining: 6s
Rendered 13809/14425, time remaining: 6s
Rendered 13810/14425, time remaining: 6s
Rendered 13811/14425, time remaining: 6s
Rendered 13812/14425, time remaining: 6s
Rendered 13813/14425, time remaining: 6s
Rendered 13814/14425, time remaining: 6s
Rendered 13815/14425, time remaining: 6s
Rendered 13816/14425, time remaining: 6s
Rendered 13817/14425, time remaining: 6s
Rendered 13818/14425, time remaining: 6s
Rendered 13819/14425, time remaining: 6s
Rendered 13820/14425, time remaining: 6s
Rendered 13821/14425, time remaining: 6s
Rendered 13822/14425, time remaining: 6s
Rendered 13823/14425, time remaining: 6s
Rendered 13824/14425, time remaining: 6s
Rendered 13825/14425, time remaining: 6s
Rendered 13826/14425, time remaining: 6s
Rendered 13827/14425, time remaining: 6s
Rendered 13828/14425, time remaining: 6s
Rendered 13829/14425, time remaining: 6s
Rendered 13830/14425, time remaining: 6s
Rendered 13831/14425, time remaining: 6s
Rendered 13832/14425, time remaining: 6s
Rendered 13833/14425, time remaining: 6s
Rendered 13834/14425, time remaining: 6s
Rendered 13835/14425, time remaining: 6s
Rendered 13836/14425, time remaining: 6s
Rendered 13837/14425, time remaining: 6s
Rendered 13838/14425, time remaining: 6s
Rendered 13839/14425, time remaining: 6s
Rendered 13840/14425, time remaining: 6s
Rendered 13841/14425, time remaining: 6s
Rendered 13842/14425, time remaining: 6s
Rendered 13843/14425, time remaining: 6s
Rendered 13844/14425, time remaining: 6s
Rendered 13844/14425, time remaining: 6s
Rendered 13845/14425, time remaining: 6s
Rendered 13846/14425, time remaining: 6s
Rendered 13847/14425, time remaining: 5s
Rendered 13848/14425, time remaining: 5s
Rendered 13849/14425, time remaining: 6s
Rendered 13850/14425, time remaining: 6s
Rendered 13851/14425, time remaining: 5s
Rendered 13852/14425, time remaining: 5s
Rendered 13853/14425, time remaining: 5s
Rendered 13854/14425, time remaining: 5s
Rendered 13855/14425, time remaining: 5s
Rendered 13856/14425, time remaining: 5s
Rendered 13857/14425, time remaining: 5s
Rendered 13858/14425, time remaining: 5s
Rendered 13859/14425, time remaining: 5s
Rendered 13860/14425, time remaining: 5s
Rendered 13861/14425, time remaining: 5s
Rendered 13862/14425, time remaining: 5s
Rendered 13863/14425, time remaining: 5s
Rendered 13864/14425, time remaining: 5s
Rendered 13865/14425, time remaining: 5s
Rendered 13866/14425, time remaining: 5s
Rendered 13867/14425, time remaining: 5s
Rendered 13868/14425, time remaining: 5s
Rendered 13869/14425, time remaining: 5s
Rendered 13870/14425, time remaining: 5s
Rendered 13871/14425, time remaining: 5s
Rendered 13872/14425, time remaining: 5s
Rendered 13873/14425, time remaining: 5s
Rendered 13874/14425, time remaining: 5s
Rendered 13875/14425, time remaining: 5s
Rendered 13876/14425, time remaining: 5s
Rendered 13877/14425, time remaining: 5s
Rendered 13878/14425, time remaining: 5s
Rendered 13879/14425, time remaining: 5s
Rendered 13880/14425, time remaining: 5s
Rendered 13881/14425, time remaining: 5s
Rendered 13882/14425, time remaining: 5s
Rendered 13883/14425, time remaining: 5s
Rendered 13884/14425, time remaining: 5s
Rendered 13885/14425, time remaining: 5s
Rendered 13886/14425, time remaining: 5s
Rendered 13887/14425, time remaining: 5s
Rendered 13888/14425, time remaining: 5s
Rendered 13889/14425, time remaining: 5s
Rendered 13890/14425, time remaining: 5s
Rendered 13891/14425, time remaining: 5s
Rendered 13892/14425, time remaining: 5s
Rendered 13892/14425, time remaining: 5s
Rendered 13893/14425, time remaining: 5s
Rendered 13894/14425, time remaining: 5s
Rendered 13895/14425, time remaining: 5s
Rendered 13896/14425, time remaining: 5s
Rendered 13897/14425, time remaining: 5s
Rendered 13898/14425, time remaining: 5s
Rendered 13899/14425, time remaining: 5s
Rendered 13900/14425, time remaining: 5s
Rendered 13901/14425, time remaining: 5s
Rendered 13902/14425, time remaining: 5s
Rendered 13903/14425, time remaining: 5s
Rendered 13904/14425, time remaining: 5s
Rendered 13905/14425, time remaining: 5s
Rendered 13906/14425, time remaining: 5s
Rendered 13907/14425, time remaining: 5s
Rendered 13908/14425, time remaining: 5s
Rendered 13909/14425, time remaining: 5s
Rendered 13910/14425, time remaining: 5s
Rendered 13911/14425, time remaining: 5s
Rendered 13912/14425, time remaining: 5s
Rendered 13913/14425, time remaining: 5s
Rendered 13914/14425, time remaining: 5s
Rendered 13915/14425, time remaining: 5s
Rendered 13916/14425, time remaining: 5s
Rendered 13917/14425, time remaining: 5s
Rendered 13918/14425, time remaining: 5s
Rendered 13919/14425, time remaining: 5s
Rendered 13920/14425, time remaining: 5s
Rendered 13921/14425, time remaining: 5s
Rendered 13922/14425, time remaining: 5s
Rendered 13923/14425, time remaining: 5s
Rendered 13924/14425, time remaining: 5s
Rendered 13925/14425, time remaining: 5s
Rendered 13926/14425, time remaining: 5s
Rendered 13927/14425, time remaining: 5s
Rendered 13928/14425, time remaining: 5s
Rendered 13929/14425, time remaining: 5s
Rendered 13930/14425, time remaining: 5s
Rendered 13931/14425, time remaining: 5s
Rendered 13932/14425, time remaining: 5s
Rendered 13933/14425, time remaining: 5s
Rendered 13934/14425, time remaining: 5s
Rendered 13935/14425, time remaining: 5s
Rendered 13936/14425, time remaining: 5s
Rendered 13936/14425, time remaining: 5s
Rendered 13937/14425, time remaining: 5s
Rendered 13938/14425, time remaining: 5s
Rendered 13939/14425, time remaining: 5s
Rendered 13940/14425, time remaining: 5s
Rendered 13941/14425, time remaining: 5s
Rendered 13942/14425, time remaining: 5s
Rendered 13943/14425, time remaining: 5s
Rendered 13944/14425, time remaining: 5s
Rendered 13945/14425, time remaining: 5s
Rendered 13946/14425, time remaining: 5s
Rendered 13947/14425, time remaining: 5s
Rendered 13948/14425, time remaining: 5s
Rendered 13949/14425, time remaining: 5s
Rendered 13950/14425, time remaining: 5s
Rendered 13951/14425, time remaining: 5s
Rendered 13952/14425, time remaining: 5s
Rendered 13953/14425, time remaining: 5s
Rendered 13954/14425, time remaining: 5s
Rendered 13955/14425, time remaining: 5s
Rendered 13956/14425, time remaining: 5s
Rendered 13957/14425, time remaining: 5s
Rendered 13958/14425, time remaining: 5s
Rendered 13959/14425, time remaining: 5s
Rendered 13960/14425, time remaining: 5s
Rendered 13961/14425, time remaining: 5s
Rendered 13962/14425, time remaining: 5s
Rendered 13963/14425, time remaining: 5s
Rendered 13964/14425, time remaining: 5s
Rendered 13965/14425, time remaining: 5s
Rendered 13966/14425, time remaining: 5s
Rendered 13967/14425, time remaining: 5s
Rendered 13968/14425, time remaining: 5s
Rendered 13969/14425, time remaining: 5s
Rendered 13970/14425, time remaining: 5s
Rendered 13971/14425, time remaining: 4s
Rendered 13972/14425, time remaining: 4s
Rendered 13973/14425, time remaining: 4s
Rendered 13974/14425, time remaining: 5s
Rendered 13975/14425, time remaining: 4s
Rendered 13976/14425, time remaining: 4s
Rendered 13977/14425, time remaining: 4s
Rendered 13978/14425, time remaining: 4s
Rendered 13978/14425, time remaining: 4s
Rendered 13979/14425, time remaining: 4s
Rendered 13980/14425, time remaining: 4s
Rendered 13981/14425, time remaining: 4s
Rendered 13982/14425, time remaining: 4s
Rendered 13983/14425, time remaining: 4s
Rendered 13984/14425, time remaining: 4s
Rendered 13985/14425, time remaining: 4s
Rendered 13986/14425, time remaining: 4s
Rendered 13987/14425, time remaining: 4s
Rendered 13988/14425, time remaining: 4s
Rendered 13989/14425, time remaining: 4s
Rendered 13990/14425, time remaining: 4s
Rendered 13991/14425, time remaining: 4s
Rendered 13992/14425, time remaining: 4s
Rendered 13993/14425, time remaining: 4s
Rendered 13994/14425, time remaining: 4s
Rendered 13995/14425, time remaining: 4s
Rendered 13996/14425, time remaining: 4s
Rendered 13997/14425, time remaining: 4s
Rendered 13998/14425, time remaining: 4s
Rendered 13999/14425, time remaining: 4s
Rendered 14000/14425, time remaining: 4s
Rendered 14001/14425, time remaining: 4s
Rendered 14002/14425, time remaining: 4s
Rendered 14003/14425, time remaining: 4s
Rendered 14004/14425, time remaining: 4s
Rendered 14005/14425, time remaining: 4s
Rendered 14006/14425, time remaining: 4s
Rendered 14007/14425, time remaining: 4s
Rendered 14008/14425, time remaining: 4s
Rendered 14009/14425, time remaining: 4s
Rendered 14010/14425, time remaining: 4s
Rendered 14011/14425, time remaining: 4s
Rendered 14012/14425, time remaining: 4s
Rendered 14013/14425, time remaining: 4s
Rendered 14014/14425, time remaining: 4s
Rendered 14015/14425, time remaining: 4s
Rendered 14016/14425, time remaining: 4s
Rendered 14017/14425, time remaining: 4s
Rendered 14018/14425, time remaining: 4s
Rendered 14019/14425, time remaining: 4s
Rendered 14020/14425, time remaining: 4s
Rendered 14021/14425, time remaining: 4s
Rendered 14022/14425, time remaining: 4s
Rendered 14022/14425, time remaining: 4s
Rendered 14023/14425, time remaining: 4s
Rendered 14024/14425, time remaining: 4s
Rendered 14025/14425, time remaining: 4s
Rendered 14026/14425, time remaining: 4s
Rendered 14027/14425, time remaining: 4s
Rendered 14028/14425, time remaining: 4s
Rendered 14029/14425, time remaining: 4s
Rendered 14030/14425, time remaining: 4s
Rendered 14031/14425, time remaining: 4s
Rendered 14032/14425, time remaining: 4s
Rendered 14033/14425, time remaining: 4s
Rendered 14034/14425, time remaining: 4s
Rendered 14035/14425, time remaining: 4s
Rendered 14036/14425, time remaining: 4s
Rendered 14037/14425, time remaining: 4s
Rendered 14038/14425, time remaining: 4s
Rendered 14039/14425, time remaining: 4s
Rendered 14040/14425, time remaining: 4s
Rendered 14041/14425, time remaining: 4s
Rendered 14042/14425, time remaining: 4s
Rendered 14043/14425, time remaining: 4s
Rendered 14044/14425, time remaining: 4s
Rendered 14045/14425, time remaining: 4s
Rendered 14046/14425, time remaining: 4s
Rendered 14047/14425, time remaining: 4s
Rendered 14048/14425, time remaining: 4s
Rendered 14049/14425, time remaining: 4s
Rendered 14050/14425, time remaining: 4s
Rendered 14051/14425, time remaining: 4s
Rendered 14052/14425, time remaining: 4s
Rendered 14053/14425, time remaining: 4s
Rendered 14054/14425, time remaining: 4s
Rendered 14055/14425, time remaining: 4s
Rendered 14056/14425, time remaining: 4s
Rendered 14057/14425, time remaining: 4s
Rendered 14058/14425, time remaining: 4s
Rendered 14059/14425, time remaining: 4s
Rendered 14060/14425, time remaining: 4s
Rendered 14061/14425, time remaining: 4s
Rendered 14062/14425, time remaining: 4s
Rendered 14063/14425, time remaining: 4s
Rendered 14064/14425, time remaining: 4s
Rendered 14065/14425, time remaining: 4s
Rendered 14066/14425, time remaining: 4s
Rendered 14067/14425, time remaining: 4s
Rendered 14068/14425, time remaining: 4s
Rendered 14068/14425, time remaining: 4s
Rendered 14069/14425, time remaining: 4s
Rendered 14070/14425, time remaining: 4s
Rendered 14071/14425, time remaining: 4s
Rendered 14072/14425, time remaining: 3s
Rendered 14073/14425, time remaining: 3s
Rendered 14074/14425, time remaining: 4s
Rendered 14075/14425, time remaining: 3s
Rendered 14076/14425, time remaining: 3s
Rendered 14077/14425, time remaining: 3s
Rendered 14078/14425, time remaining: 3s
Rendered 14079/14425, time remaining: 3s
Rendered 14080/14425, time remaining: 3s
Rendered 14081/14425, time remaining: 3s
Rendered 14082/14425, time remaining: 3s
Rendered 14083/14425, time remaining: 3s
Rendered 14084/14425, time remaining: 3s
Rendered 14085/14425, time remaining: 3s
Rendered 14086/14425, time remaining: 3s
Rendered 14087/14425, time remaining: 3s
Rendered 14088/14425, time remaining: 3s
Rendered 14089/14425, time remaining: 3s
Rendered 14090/14425, time remaining: 3s
Rendered 14091/14425, time remaining: 3s
Rendered 14092/14425, time remaining: 3s
Rendered 14093/14425, time remaining: 3s
Rendered 14094/14425, time remaining: 3s
Rendered 14095/14425, time remaining: 3s
Rendered 14096/14425, time remaining: 3s
Rendered 14097/14425, time remaining: 3s
Rendered 14098/14425, time remaining: 3s
Rendered 14099/14425, time remaining: 3s
Rendered 14100/14425, time remaining: 3s
Rendered 14101/14425, time remaining: 3s
Rendered 14102/14425, time remaining: 3s
Rendered 14103/14425, time remaining: 3s
Rendered 14104/14425, time remaining: 3s
Rendered 14105/14425, time remaining: 3s
Rendered 14106/14425, time remaining: 3s
Rendered 14107/14425, time remaining: 3s
Rendered 14108/14425, time remaining: 3s
Rendered 14109/14425, time remaining: 3s
Rendered 14110/14425, time remaining: 3s
Rendered 14111/14425, time remaining: 3s
Rendered 14112/14425, time remaining: 3s
Rendered 14113/14425, time remaining: 3s
Rendered 14113/14425, time remaining: 3s
Rendered 14114/14425, time remaining: 3s
Rendered 14115/14425, time remaining: 3s
Rendered 14116/14425, time remaining: 3s
Rendered 14117/14425, time remaining: 3s
Rendered 14118/14425, time remaining: 3s
Rendered 14119/14425, time remaining: 3s
Rendered 14120/14425, time remaining: 3s
Rendered 14121/14425, time remaining: 3s
Rendered 14122/14425, time remaining: 3s
Rendered 14123/14425, time remaining: 3s
Rendered 14124/14425, time remaining: 3s
Rendered 14125/14425, time remaining: 3s
Rendered 14126/14425, time remaining: 3s
Rendered 14127/14425, time remaining: 3s
Rendered 14128/14425, time remaining: 3s
Rendered 14129/14425, time remaining: 3s
Rendered 14130/14425, time remaining: 3s
Rendered 14131/14425, time remaining: 3s
Rendered 14132/14425, time remaining: 3s
Rendered 14133/14425, time remaining: 3s
Rendered 14134/14425, time remaining: 3s
Rendered 14135/14425, time remaining: 3s
Rendered 14136/14425, time remaining: 3s
Rendered 14137/14425, time remaining: 3s
Rendered 14138/14425, time remaining: 3s
Rendered 14139/14425, time remaining: 3s
Rendered 14140/14425, time remaining: 3s
Rendered 14141/14425, time remaining: 3s
Rendered 14142/14425, time remaining: 3s
Rendered 14143/14425, time remaining: 3s
Rendered 14144/14425, time remaining: 3s
Rendered 14145/14425, time remaining: 3s
Rendered 14146/14425, time remaining: 3s
Rendered 14147/14425, time remaining: 3s
Rendered 14148/14425, time remaining: 3s
Rendered 14149/14425, time remaining: 3s
Rendered 14150/14425, time remaining: 3s
Rendered 14151/14425, time remaining: 3s
Rendered 14152/14425, time remaining: 3s
Rendered 14153/14425, time remaining: 3s
Rendered 14154/14425, time remaining: 3s
Rendered 14155/14425, time remaining: 3s
Rendered 14156/14425, time remaining: 3s
Rendered 14156/14425, time remaining: 3s
Rendered 14157/14425, time remaining: 3s
Rendered 14158/14425, time remaining: 3s
Rendered 14159/14425, time remaining: 3s
Rendered 14160/14425, time remaining: 2s
Rendered 14161/14425, time remaining: 2s
Rendered 14162/14425, time remaining: 3s
Rendered 14163/14425, time remaining: 2s
Rendered 14164/14425, time remaining: 2s
Rendered 14165/14425, time remaining: 2s
Rendered 14166/14425, time remaining: 2s
Rendered 14167/14425, time remaining: 2s
Rendered 14168/14425, time remaining: 2s
Rendered 14169/14425, time remaining: 2s
Rendered 14170/14425, time remaining: 2s
Rendered 14171/14425, time remaining: 2s
Rendered 14172/14425, time remaining: 2s
Rendered 14173/14425, time remaining: 2s
Rendered 14174/14425, time remaining: 2s
Rendered 14175/14425, time remaining: 2s
Rendered 14176/14425, time remaining: 2s
Rendered 14177/14425, time remaining: 2s
Rendered 14178/14425, time remaining: 2s
Rendered 14179/14425, time remaining: 2s
Rendered 14180/14425, time remaining: 2s
Rendered 14181/14425, time remaining: 2s
Rendered 14182/14425, time remaining: 2s
Rendered 14183/14425, time remaining: 2s
Rendered 14184/14425, time remaining: 2s
Rendered 14185/14425, time remaining: 2s
Rendered 14186/14425, time remaining: 2s
Rendered 14187/14425, time remaining: 2s
Rendered 14188/14425, time remaining: 2s
Rendered 14189/14425, time remaining: 2s
Rendered 14190/14425, time remaining: 2s
Rendered 14191/14425, time remaining: 2s
Rendered 14192/14425, time remaining: 2s
Rendered 14193/14425, time remaining: 2s
Rendered 14194/14425, time remaining: 2s
Rendered 14195/14425, time remaining: 2s
Rendered 14196/14425, time remaining: 2s
Rendered 14197/14425, time remaining: 2s
Rendered 14198/14425, time remaining: 2s
Rendered 14199/14425, time remaining: 2s
Rendered 14200/14425, time remaining: 2s
Rendered 14200/14425, time remaining: 2s
Rendered 14201/14425, time remaining: 2s
Rendered 14202/14425, time remaining: 2s
Rendered 14203/14425, time remaining: 2s
Rendered 14204/14425, time remaining: 2s
Rendered 14205/14425, time remaining: 2s
Rendered 14206/14425, time remaining: 2s
Rendered 14207/14425, time remaining: 2s
Rendered 14208/14425, time remaining: 2s
Rendered 14209/14425, time remaining: 2s
Rendered 14210/14425, time remaining: 2s
Rendered 14211/14425, time remaining: 2s
Rendered 14212/14425, time remaining: 2s
Rendered 14213/14425, time remaining: 2s
Rendered 14214/14425, time remaining: 2s
Rendered 14215/14425, time remaining: 2s
Rendered 14216/14425, time remaining: 2s
Rendered 14217/14425, time remaining: 2s
Rendered 14218/14425, time remaining: 2s
Rendered 14219/14425, time remaining: 2s
Rendered 14220/14425, time remaining: 2s
Rendered 14221/14425, time remaining: 2s
Rendered 14222/14425, time remaining: 2s
Rendered 14223/14425, time remaining: 2s
Rendered 14224/14425, time remaining: 2s
Rendered 14225/14425, time remaining: 2s
Rendered 14226/14425, time remaining: 2s
Rendered 14227/14425, time remaining: 2s
Rendered 14228/14425, time remaining: 2s
Rendered 14229/14425, time remaining: 2s
Rendered 14230/14425, time remaining: 2s
Rendered 14231/14425, time remaining: 2s
Rendered 14232/14425, time remaining: 2s
Rendered 14233/14425, time remaining: 2s
Rendered 14234/14425, time remaining: 2s
Rendered 14235/14425, time remaining: 2s
Rendered 14236/14425, time remaining: 2s
Rendered 14237/14425, time remaining: 2s
Rendered 14238/14425, time remaining: 2s
Rendered 14239/14425, time remaining: 2s
Rendered 14240/14425, time remaining: 2s
Rendered 14241/14425, time remaining: 2s
Rendered 14242/14425, time remaining: 2s
Rendered 14242/14425, time remaining: 2s
Rendered 14243/14425, time remaining: 2s
Rendered 14244/14425, time remaining: 2s
Rendered 14245/14425, time remaining: 2s
Rendered 14246/14425, time remaining: 2s
Rendered 14247/14425, time remaining: 2s
Rendered 14248/14425, time remaining: 2s
Rendered 14249/14425, time remaining: 2s
Rendered 14250/14425, time remaining: 2s
Rendered 14251/14425, time remaining: 2s
Rendered 14252/14425, time remaining: 2s
Rendered 14253/14425, time remaining: 1s
Rendered 14254/14425, time remaining: 1s
Rendered 14255/14425, time remaining: 1s
Rendered 14256/14425, time remaining: 1s
Rendered 14257/14425, time remaining: 1s
Rendered 14258/14425, time remaining: 1s
Rendered 14259/14425, time remaining: 1s
Rendered 14260/14425, time remaining: 1s
Rendered 14261/14425, time remaining: 1s
Rendered 14262/14425, time remaining: 1s
Rendered 14263/14425, time remaining: 1s
Rendered 14264/14425, time remaining: 1s
Rendered 14265/14425, time remaining: 1s
Rendered 14266/14425, time remaining: 1s
Rendered 14267/14425, time remaining: 1s
Rendered 14268/14425, time remaining: 1s
Rendered 14269/14425, time remaining: 1s
Rendered 14270/14425, time remaining: 1s
Rendered 14271/14425, time remaining: 1s
Rendered 14272/14425, time remaining: 1s
Rendered 14273/14425, time remaining: 1s
Rendered 14274/14425, time remaining: 1s
Rendered 14275/14425, time remaining: 1s
Rendered 14276/14425, time remaining: 1s
Rendered 14277/14425, time remaining: 1s
Rendered 14278/14425, time remaining: 1s
Rendered 14279/14425, time remaining: 1s
Rendered 14280/14425, time remaining: 1s
Rendered 14281/14425, time remaining: 1s
Rendered 14282/14425, time remaining: 1s
Rendered 14283/14425, time remaining: 1s
Rendered 14284/14425, time remaining: 1s
Rendered 14285/14425, time remaining: 1s
Rendered 14286/14425, time remaining: 1s
Rendered 14287/14425, time remaining: 1s
Rendered 14288/14425, time remaining: 1s
Rendered 14289/14425, time remaining: 1s
Rendered 14289/14425, time remaining: 1s
Rendered 14290/14425, time remaining: 1s
Rendered 14291/14425, time remaining: 1s
Rendered 14292/14425, time remaining: 1s
Rendered 14293/14425, time remaining: 1s
Rendered 14294/14425, time remaining: 1s
Rendered 14295/14425, time remaining: 1s
Rendered 14296/14425, time remaining: 1s
Rendered 14297/14425, time remaining: 1s
Rendered 14298/14425, time remaining: 1s
Rendered 14299/14425, time remaining: 1s
Rendered 14300/14425, time remaining: 1s
Rendered 14301/14425, time remaining: 1s
Rendered 14302/14425, time remaining: 1s
Rendered 14303/14425, time remaining: 1s
Rendered 14304/14425, time remaining: 1s
Rendered 14305/14425, time remaining: 1s
Rendered 14306/14425, time remaining: 1s
Rendered 14307/14425, time remaining: 1s
Rendered 14308/14425, time remaining: 1s
Rendered 14309/14425, time remaining: 1s
Rendered 14310/14425, time remaining: 1s
Rendered 14311/14425, time remaining: 1s
Rendered 14312/14425, time remaining: 1s
Rendered 14313/14425, time remaining: 1s
Rendered 14314/14425, time remaining: 1s
Rendered 14315/14425, time remaining: 1s
Rendered 14316/14425, time remaining: 1s
Rendered 14317/14425, time remaining: 1s
Rendered 14318/14425, time remaining: 1s
Rendered 14319/14425, time remaining: 1s
Rendered 14320/14425, time remaining: 1s
Rendered 14321/14425, time remaining: 1s
Rendered 14322/14425, time remaining: 1s
Rendered 14323/14425, time remaining: 1s
Rendered 14324/14425, time remaining: 1s
Rendered 14325/14425, time remaining: 1s
Rendered 14326/14425, time remaining: 1s
Rendered 14327/14425, time remaining: 1s
Rendered 14328/14425, time remaining: 1s
Rendered 14329/14425, time remaining: 1s
Rendered 14330/14425, time remaining: 1s
Rendered 14331/14425, time remaining: 1s
Rendered 14332/14425, time remaining: 0s
Rendered 14333/14425, time remaining: 0s
Rendered 14334/14425, time remaining: 0s
Rendered 14335/14425, time remaining: 0s
Rendered 14336/14425, time remaining: 0s
Rendered 14337/14425, time remaining: 0s
Rendered 14338/14425, time remaining: 0s
Rendered 14339/14425, time remaining: 0s
Rendered 14340/14425, time remaining: 0s
Rendered 14341/14425, time remaining: 0s
Rendered 14342/14425, time remaining: 0s
Rendered 14343/14425, time remaining: 0s
Rendered 14344/14425, time remaining: 0s
Rendered 14345/14425, time remaining: 0s
Rendered 14346/14425, time remaining: 0s
Rendered 14347/14425, time remaining: 0s
Rendered 14347/14425, time remaining: 0s
Rendered 14348/14425, time remaining: 0s
Rendered 14349/14425, time remaining: 0s
Rendered 14350/14425, time remaining: 0s
Rendered 14351/14425, time remaining: 0s
Rendered 14352/14425, time remaining: 0s
Rendered 14353/14425, time remaining: 0s
Rendered 14354/14425, time remaining: 0s
Rendered 14355/14425, time remaining: 0s
Rendered 14356/14425, time remaining: 0s
Rendered 14357/14425, time remaining: 0s
Rendered 14358/14425, time remaining: 0s
Rendered 14359/14425, time remaining: 0s
Rendered 14360/14425, time remaining: 0s
Rendered 14361/14425, time remaining: 0s
Rendered 14362/14425, time remaining: 0s
Rendered 14363/14425, time remaining: 0s
Rendered 14364/14425, time remaining: 0s
Rendered 14365/14425, time remaining: 0s
Rendered 14366/14425, time remaining: 0s
Rendered 14367/14425, time remaining: 0s
Rendered 14368/14425, time remaining: 0s
Rendered 14369/14425, time remaining: 0s
Rendered 14370/14425, time remaining: 0s
Rendered 14371/14425, time remaining: 0s
Rendered 14372/14425, time remaining: 0s
Rendered 14373/14425, time remaining: 0s
Rendered 14374/14425, time remaining: 0s
Rendered 14375/14425, time remaining: 0s
Rendered 14376/14425, time remaining: 0s
Rendered 14377/14425, time remaining: 0s
Rendered 14378/14425, time remaining: 0s
Rendered 14379/14425, time remaining: 0s
Rendered 14380/14425, time remaining: 0s
Rendered 14381/14425, time remaining: 0s
Rendered 14382/14425, time remaining: 0s
Rendered 14383/14425, time remaining: 0s
Rendered 14384/14425, time remaining: 0s
Rendered 14385/14425, time remaining: 0s
Rendered 14386/14425, time remaining: 0s
Rendered 14387/14425, time remaining: 0s
Rendered 14388/14425, time remaining: 0s
Rendered 14389/14425, time remaining: 0s
Rendered 14390/14425, time remaining: 0s
Rendered 14391/14425, time remaining: 0s
Rendered 14392/14425, time remaining: 0s
Rendered 14393/14425, time remaining: 0s
Rendered 14394/14425, time remaining: 0s
Rendered 14395/14425, time remaining: 0s
Rendered 14396/14425, time remaining: 0s
Rendered 14397/14425, time remaining: 0s
Rendered 14398/14425, time remaining: 0s
Rendered 14399/14425, time remaining: 0s
Rendered 14400/14425, time remaining: 0s
Rendered 14401/14425, time remaining: 0s
Rendered 14402/14425, time remaining: 0s
Rendered 14403/14425, time remaining: 0s
Rendered 14404/14425, time remaining: 0s
Rendered 14404/14425, time remaining: 0s
Rendered 14405/14425, time remaining: 0s
Rendered 14406/14425, time remaining: 0s
Rendered 14407/14425, time remaining: 0s
Rendered 14408/14425, time remaining: 0s
Rendered 14409/14425, time remaining: 0s
Rendered 14410/14425, time remaining: 0s
Rendered 14411/14425, time remaining: 0s
Rendered 14412/14425, time remaining: 0s
Rendered 14413/14425, time remaining: 0s
Rendered 14414/14425, time remaining: 0s
Rendered 14415/14425, time remaining: 0s
Rendered 14416/14425, time remaining: 0s
Rendered 14417/14425, time remaining: 0s
Rendered 14418/14425, time remaining: 0s
Rendered 14419/14425, time remaining: 0s
Rendered 14420/14425, time remaining: 0s
Rendered 14421/14425, time remaining: 0s
Rendered 14422/14425, time remaining: 0s
Rendered 14423/14425, time remaining: 0s
Rendered 14424/14425, time remaining: 0s
Encoded 11465/14425
Encoded 11540/14425
Encoded 14425/14425
+                    /Users/aaronguo/Work/ag/aaron-studio/src/content/blogs/2026-09-07-code-upstream/video-production/v5/silent.mp4 26.3 MB
